crime_id,latitude,longitude,crime_rate,date,source,radius_meters
CRIME-001,17.4405,78.4990,18,2026-10-01,synthetic_demo,250
CRIME-002,17.4425,78.5000,36,2026-10-01,synthetic_demo,250
CRIME-003,12.9720,77.5950,22,2026-10-01,synthetic_demo,250
CRIME-004,12.9740,77.5970,39,2026-10-01,synthetic_demo,250
CRIME-005,28.6145,77.2095,26,2026-10-01,synthetic_demo,250
CRIME-006,28.6160,77.2110,42,2026-10-01,synthetic_demo,250
CRIME-007,19.0765,72.8780,24,2026-10-01,synthetic_demo,250
CRIME-008,19.0780,72.8800,40,2026-10-01,synthetic_demo,250
CRIME-009,13.0830,80.2710,19,2026-10-01,synthetic_demo,250
CRIME-010,13.0850,80.2730,34,2026-10-01,synthetic_demo,250
CRIME-011,22.5730,88.3640,28,2026-10-01,synthetic_demo,250
CRIME-012,22.5750,88.3660,45,2026-10-01,synthetic_demo,250
CRIME-013,16.5070,80.6490,15,2026-10-01,synthetic_demo,250
CRIME-014,16.5090,80.6500,31,2026-10-01,synthetic_demo,250
CRIME-015,13.6295,79.4200,17,2026-10-01,synthetic_demo,250
CRIME-016,13.6310,79.4220,33,2026-10-01,synthetic_demo,250
CRIME-017,17.446910,78.504670,54,2026-10-06,synthetic_demo,250
CRIME-018,17.434713,78.493106,44,2026-10-06,synthetic_demo,250
CRIME-019,12.978179,77.601031,42,2026-10-06,synthetic_demo,250
CRIME-020,12.966080,77.588809,61,2026-10-06,synthetic_demo,250
CRIME-021,28.620185,77.215497,19,2026-10-06,synthetic_demo,250
CRIME-022,28.608553,77.203046,14,2026-10-06,synthetic_demo,250
CRIME-023,19.082464,72.884028,63,2026-10-06,synthetic_demo,250
CRIME-024,19.070644,72.871983,18,2026-10-06,synthetic_demo,250
CRIME-025,13.089353,80.277391,9,2026-10-06,synthetic_demo,250
CRIME-026,13.077406,80.265249,75,2026-10-06,synthetic_demo,250
CRIME-027,22.579094,88.370419,59,2026-10-06,synthetic_demo,250
CRIME-028,22.566677,88.358345,27,2026-10-06,synthetic_demo,250
CRIME-029,16.513109,80.654605,65,2026-10-06,synthetic_demo,250
CRIME-030,16.501082,80.642575,90,2026-10-06,synthetic_demo,250
CRIME-031,13.635182,79.426288,1,2026-10-06,synthetic_demo,250
CRIME-032,13.623458,79.413872,60,2026-10-06,synthetic_demo,250
KA-CRIME-0001,11.5000,74.0000,92,2026-10-06,synthetic_demo,8000
KA-CRIME-0002,11.5000,74.1000,21,2026-10-06,synthetic_demo,8000
KA-CRIME-0003,11.5000,74.2000,51,2026-10-06,synthetic_demo,8000
KA-CRIME-0004,11.5000,74.3000,61,2026-10-06,synthetic_demo,8000
KA-CRIME-0005,11.5000,74.4000,59,2026-10-06,synthetic_demo,8000
KA-CRIME-0006,11.5000,74.5000,17,2026-10-06,synthetic_demo,8000
KA-CRIME-0007,11.5000,74.6000,42,2026-10-06,synthetic_demo,8000
KA-CRIME-0008,11.5000,74.7000,24,2026-10-06,synthetic_demo,8000
KA-CRIME-0009,11.5000,74.8000,84,2026-10-06,synthetic_demo,8000
KA-CRIME-0010,11.5000,74.9000,81,2026-10-06,synthetic_demo,8000
KA-CRIME-0011,11.5000,75.0000,66,2026-10-06,synthetic_demo,8000
KA-CRIME-0012,11.5000,75.1000,20,2026-10-06,synthetic_demo,8000
KA-CRIME-0013,11.5000,75.2000,21,2026-10-06,synthetic_demo,8000
KA-CRIME-0014,11.5000,75.3000,29,2026-10-06,synthetic_demo,8000
KA-CRIME-0015,11.5000,75.4000,30,2026-10-06,synthetic_demo,8000
KA-CRIME-0016,11.5000,75.5000,54,2026-10-06,synthetic_demo,8000
KA-CRIME-0017,11.5000,75.6000,86,2026-10-06,synthetic_demo,8000
KA-CRIME-0018,11.5000,75.7000,75,2026-10-06,synthetic_demo,8000
KA-CRIME-0019,11.5000,75.8000,83,2026-10-06,synthetic_demo,8000
KA-CRIME-0020,11.5000,75.9000,77,2026-10-06,synthetic_demo,8000
KA-CRIME-0021,11.5000,76.0000,43,2026-10-06,synthetic_demo,8000
KA-CRIME-0022,11.5000,76.1000,95,2026-10-06,synthetic_demo,8000
KA-CRIME-0023,11.5000,76.2000,32,2026-10-06,synthetic_demo,8000
KA-CRIME-0024,11.5000,76.3000,79,2026-10-06,synthetic_demo,8000
KA-CRIME-0025,11.5000,76.4000,40,2026-10-06,synthetic_demo,8000
KA-CRIME-0026,11.5000,76.5000,19,2026-10-06,synthetic_demo,8000
KA-CRIME-0027,11.5000,76.6000,55,2026-10-06,synthetic_demo,8000
KA-CRIME-0028,11.5000,76.7000,67,2026-10-06,synthetic_demo,8000
KA-CRIME-0029,11.5000,76.8000,28,2026-10-06,synthetic_demo,8000
KA-CRIME-0030,11.5000,76.9000,31,2026-10-06,synthetic_demo,8000
KA-CRIME-0031,11.5000,77.0000,40,2026-10-06,synthetic_demo,8000
KA-CRIME-0032,11.5000,77.1000,19,2026-10-06,synthetic_demo,8000
KA-CRIME-0033,11.5000,77.2000,70,2026-10-06,synthetic_demo,8000
KA-CRIME-0034,11.5000,77.3000,58,2026-10-06,synthetic_demo,8000
KA-CRIME-0035,11.5000,77.4000,79,2026-10-06,synthetic_demo,8000
KA-CRIME-0036,11.5000,77.5000,60,2026-10-06,synthetic_demo,8000
KA-CRIME-0037,11.5000,77.6000,53,2026-10-06,synthetic_demo,8000
KA-CRIME-0038,11.5000,77.7000,68,2026-10-06,synthetic_demo,8000
KA-CRIME-0039,11.5000,77.8000,51,2026-10-06,synthetic_demo,8000
KA-CRIME-0040,11.5000,77.9000,39,2026-10-06,synthetic_demo,8000
KA-CRIME-0041,11.5000,78.0000,17,2026-10-06,synthetic_demo,8000
KA-CRIME-0042,11.5000,78.1000,79,2026-10-06,synthetic_demo,8000
KA-CRIME-0043,11.5000,78.2000,80,2026-10-06,synthetic_demo,8000
KA-CRIME-0044,11.5000,78.3000,86,2026-10-06,synthetic_demo,8000
KA-CRIME-0045,11.5000,78.4000,67,2026-10-06,synthetic_demo,8000
KA-CRIME-0046,11.5000,78.5000,52,2026-10-06,synthetic_demo,8000
KA-CRIME-0047,11.6000,74.0000,26,2026-10-06,synthetic_demo,8000
KA-CRIME-0048,11.6000,74.1000,63,2026-10-06,synthetic_demo,8000
KA-CRIME-0049,11.6000,74.2000,50,2026-10-06,synthetic_demo,8000
KA-CRIME-0050,11.6000,74.3000,48,2026-10-06,synthetic_demo,8000
KA-CRIME-0051,11.6000,74.4000,42,2026-10-06,synthetic_demo,8000
KA-CRIME-0052,11.6000,74.5000,76,2026-10-06,synthetic_demo,8000
KA-CRIME-0053,11.6000,74.6000,61,2026-10-06,synthetic_demo,8000
KA-CRIME-0054,11.6000,74.7000,46,2026-10-06,synthetic_demo,8000
KA-CRIME-0055,11.6000,74.8000,37,2026-10-06,synthetic_demo,8000
KA-CRIME-0056,11.6000,74.9000,89,2026-10-06,synthetic_demo,8000
KA-CRIME-0057,11.6000,75.0000,31,2026-10-06,synthetic_demo,8000
KA-CRIME-0058,11.6000,75.1000,86,2026-10-06,synthetic_demo,8000
KA-CRIME-0059,11.6000,75.2000,77,2026-10-06,synthetic_demo,8000
KA-CRIME-0060,11.6000,75.3000,41,2026-10-06,synthetic_demo,8000
KA-CRIME-0061,11.6000,75.4000,61,2026-10-06,synthetic_demo,8000
KA-CRIME-0062,11.6000,75.5000,48,2026-10-06,synthetic_demo,8000
KA-CRIME-0063,11.6000,75.6000,37,2026-10-06,synthetic_demo,8000
KA-CRIME-0064,11.6000,75.7000,88,2026-10-06,synthetic_demo,8000
KA-CRIME-0065,11.6000,75.8000,59,2026-10-06,synthetic_demo,8000
KA-CRIME-0066,11.6000,75.9000,86,2026-10-06,synthetic_demo,8000
KA-CRIME-0067,11.6000,76.0000,58,2026-10-06,synthetic_demo,8000
KA-CRIME-0068,11.6000,76.1000,51,2026-10-06,synthetic_demo,8000
KA-CRIME-0069,11.6000,76.2000,28,2026-10-06,synthetic_demo,8000
KA-CRIME-0070,11.6000,76.3000,81,2026-10-06,synthetic_demo,8000
KA-CRIME-0071,11.6000,76.4000,73,2026-10-06,synthetic_demo,8000
KA-CRIME-0072,11.6000,76.5000,34,2026-10-06,synthetic_demo,8000
KA-CRIME-0073,11.6000,76.6000,86,2026-10-06,synthetic_demo,8000
KA-CRIME-0074,11.6000,76.7000,68,2026-10-06,synthetic_demo,8000
KA-CRIME-0075,11.6000,76.8000,75,2026-10-06,synthetic_demo,8000
KA-CRIME-0076,11.6000,76.9000,37,2026-10-06,synthetic_demo,8000
KA-CRIME-0077,11.6000,77.0000,86,2026-10-06,synthetic_demo,8000
KA-CRIME-0078,11.6000,77.1000,70,2026-10-06,synthetic_demo,8000
KA-CRIME-0079,11.6000,77.2000,31,2026-10-06,synthetic_demo,8000
KA-CRIME-0080,11.6000,77.3000,72,2026-10-06,synthetic_demo,8000
KA-CRIME-0081,11.6000,77.4000,71,2026-10-06,synthetic_demo,8000
KA-CRIME-0082,11.6000,77.5000,22,2026-10-06,synthetic_demo,8000
KA-CRIME-0083,11.6000,77.6000,69,2026-10-06,synthetic_demo,8000
KA-CRIME-0084,11.6000,77.7000,29,2026-10-06,synthetic_demo,8000
KA-CRIME-0085,11.6000,77.8000,78,2026-10-06,synthetic_demo,8000
KA-CRIME-0086,11.6000,77.9000,78,2026-10-06,synthetic_demo,8000
KA-CRIME-0087,11.6000,78.0000,64,2026-10-06,synthetic_demo,8000
KA-CRIME-0088,11.6000,78.1000,84,2026-10-06,synthetic_demo,8000
KA-CRIME-0089,11.6000,78.2000,59,2026-10-06,synthetic_demo,8000
KA-CRIME-0090,11.6000,78.3000,87,2026-10-06,synthetic_demo,8000
KA-CRIME-0091,11.6000,78.4000,83,2026-10-06,synthetic_demo,8000
KA-CRIME-0092,11.6000,78.5000,25,2026-10-06,synthetic_demo,8000
KA-CRIME-0093,11.7000,74.0000,85,2026-10-06,synthetic_demo,8000
KA-CRIME-0094,11.7000,74.1000,48,2026-10-06,synthetic_demo,8000
KA-CRIME-0095,11.7000,74.2000,64,2026-10-06,synthetic_demo,8000
KA-CRIME-0096,11.7000,74.3000,71,2026-10-06,synthetic_demo,8000
KA-CRIME-0097,11.7000,74.4000,82,2026-10-06,synthetic_demo,8000
KA-CRIME-0098,11.7000,74.5000,67,2026-10-06,synthetic_demo,8000
KA-CRIME-0099,11.7000,74.6000,95,2026-10-06,synthetic_demo,8000
KA-CRIME-0100,11.7000,74.7000,35,2026-10-06,synthetic_demo,8000
KA-CRIME-0101,11.7000,74.8000,91,2026-10-06,synthetic_demo,8000
KA-CRIME-0102,11.7000,74.9000,81,2026-10-06,synthetic_demo,8000
KA-CRIME-0103,11.7000,75.0000,17,2026-10-06,synthetic_demo,8000
KA-CRIME-0104,11.7000,75.1000,73,2026-10-06,synthetic_demo,8000
KA-CRIME-0105,11.7000,75.2000,76,2026-10-06,synthetic_demo,8000
KA-CRIME-0106,11.7000,75.3000,48,2026-10-06,synthetic_demo,8000
KA-CRIME-0107,11.7000,75.4000,15,2026-10-06,synthetic_demo,8000
KA-CRIME-0108,11.7000,75.5000,79,2026-10-06,synthetic_demo,8000
KA-CRIME-0109,11.7000,75.6000,61,2026-10-06,synthetic_demo,8000
KA-CRIME-0110,11.7000,75.7000,15,2026-10-06,synthetic_demo,8000
KA-CRIME-0111,11.7000,75.8000,71,2026-10-06,synthetic_demo,8000
KA-CRIME-0112,11.7000,75.9000,77,2026-10-06,synthetic_demo,8000
KA-CRIME-0113,11.7000,76.0000,64,2026-10-06,synthetic_demo,8000
KA-CRIME-0114,11.7000,76.1000,31,2026-10-06,synthetic_demo,8000
KA-CRIME-0115,11.7000,76.2000,87,2026-10-06,synthetic_demo,8000
KA-CRIME-0116,11.7000,76.3000,18,2026-10-06,synthetic_demo,8000
KA-CRIME-0117,11.7000,76.4000,29,2026-10-06,synthetic_demo,8000
KA-CRIME-0118,11.7000,76.5000,86,2026-10-06,synthetic_demo,8000
KA-CRIME-0119,11.7000,76.6000,34,2026-10-06,synthetic_demo,8000
KA-CRIME-0120,11.7000,76.7000,42,2026-10-06,synthetic_demo,8000
KA-CRIME-0121,11.7000,76.8000,57,2026-10-06,synthetic_demo,8000
KA-CRIME-0122,11.7000,76.9000,32,2026-10-06,synthetic_demo,8000
KA-CRIME-0123,11.7000,77.0000,55,2026-10-06,synthetic_demo,8000
KA-CRIME-0124,11.7000,77.1000,30,2026-10-06,synthetic_demo,8000
KA-CRIME-0125,11.7000,77.2000,76,2026-10-06,synthetic_demo,8000
KA-CRIME-0126,11.7000,77.3000,18,2026-10-06,synthetic_demo,8000
KA-CRIME-0127,11.7000,77.4000,90,2026-10-06,synthetic_demo,8000
KA-CRIME-0128,11.7000,77.5000,45,2026-10-06,synthetic_demo,8000
KA-CRIME-0129,11.7000,77.6000,67,2026-10-06,synthetic_demo,8000
KA-CRIME-0130,11.7000,77.7000,67,2026-10-06,synthetic_demo,8000
KA-CRIME-0131,11.7000,77.8000,42,2026-10-06,synthetic_demo,8000
KA-CRIME-0132,11.7000,77.9000,41,2026-10-06,synthetic_demo,8000
KA-CRIME-0133,11.7000,78.0000,62,2026-10-06,synthetic_demo,8000
KA-CRIME-0134,11.7000,78.1000,78,2026-10-06,synthetic_demo,8000
KA-CRIME-0135,11.7000,78.2000,59,2026-10-06,synthetic_demo,8000
KA-CRIME-0136,11.7000,78.3000,45,2026-10-06,synthetic_demo,8000
KA-CRIME-0137,11.7000,78.4000,51,2026-10-06,synthetic_demo,8000
KA-CRIME-0138,11.7000,78.5000,26,2026-10-06,synthetic_demo,8000
KA-CRIME-0139,11.8000,74.0000,34,2026-10-06,synthetic_demo,8000
KA-CRIME-0140,11.8000,74.1000,67,2026-10-06,synthetic_demo,8000
KA-CRIME-0141,11.8000,74.2000,56,2026-10-06,synthetic_demo,8000
KA-CRIME-0142,11.8000,74.3000,74,2026-10-06,synthetic_demo,8000
KA-CRIME-0143,11.8000,74.4000,44,2026-10-06,synthetic_demo,8000
KA-CRIME-0144,11.8000,74.5000,77,2026-10-06,synthetic_demo,8000
KA-CRIME-0145,11.8000,74.6000,25,2026-10-06,synthetic_demo,8000
KA-CRIME-0146,11.8000,74.7000,83,2026-10-06,synthetic_demo,8000
KA-CRIME-0147,11.8000,74.8000,34,2026-10-06,synthetic_demo,8000
KA-CRIME-0148,11.8000,74.9000,93,2026-10-06,synthetic_demo,8000
KA-CRIME-0149,11.8000,75.0000,70,2026-10-06,synthetic_demo,8000
KA-CRIME-0150,11.8000,75.1000,31,2026-10-06,synthetic_demo,8000
KA-CRIME-0151,11.8000,75.2000,82,2026-10-06,synthetic_demo,8000
KA-CRIME-0152,11.8000,75.3000,66,2026-10-06,synthetic_demo,8000
KA-CRIME-0153,11.8000,75.4000,47,2026-10-06,synthetic_demo,8000
KA-CRIME-0154,11.8000,75.5000,42,2026-10-06,synthetic_demo,8000
KA-CRIME-0155,11.8000,75.6000,87,2026-10-06,synthetic_demo,8000
KA-CRIME-0156,11.8000,75.7000,15,2026-10-06,synthetic_demo,8000
KA-CRIME-0157,11.8000,75.8000,21,2026-10-06,synthetic_demo,8000
KA-CRIME-0158,11.8000,75.9000,80,2026-10-06,synthetic_demo,8000
KA-CRIME-0159,11.8000,76.0000,38,2026-10-06,synthetic_demo,8000
KA-CRIME-0160,11.8000,76.1000,91,2026-10-06,synthetic_demo,8000
KA-CRIME-0161,11.8000,76.2000,17,2026-10-06,synthetic_demo,8000
KA-CRIME-0162,11.8000,76.3000,74,2026-10-06,synthetic_demo,8000
KA-CRIME-0163,11.8000,76.4000,90,2026-10-06,synthetic_demo,8000
KA-CRIME-0164,11.8000,76.5000,21,2026-10-06,synthetic_demo,8000
KA-CRIME-0165,11.8000,76.6000,33,2026-10-06,synthetic_demo,8000
KA-CRIME-0166,11.8000,76.7000,57,2026-10-06,synthetic_demo,8000
KA-CRIME-0167,11.8000,76.8000,83,2026-10-06,synthetic_demo,8000
KA-CRIME-0168,11.8000,76.9000,74,2026-10-06,synthetic_demo,8000
KA-CRIME-0169,11.8000,77.0000,92,2026-10-06,synthetic_demo,8000
KA-CRIME-0170,11.8000,77.1000,69,2026-10-06,synthetic_demo,8000
KA-CRIME-0171,11.8000,77.2000,65,2026-10-06,synthetic_demo,8000
KA-CRIME-0172,11.8000,77.3000,49,2026-10-06,synthetic_demo,8000
KA-CRIME-0173,11.8000,77.4000,66,2026-10-06,synthetic_demo,8000
KA-CRIME-0174,11.8000,77.5000,85,2026-10-06,synthetic_demo,8000
KA-CRIME-0175,11.8000,77.6000,65,2026-10-06,synthetic_demo,8000
KA-CRIME-0176,11.8000,77.7000,64,2026-10-06,synthetic_demo,8000
KA-CRIME-0177,11.8000,77.8000,68,2026-10-06,synthetic_demo,8000
KA-CRIME-0178,11.8000,77.9000,18,2026-10-06,synthetic_demo,8000
KA-CRIME-0179,11.8000,78.0000,49,2026-10-06,synthetic_demo,8000
KA-CRIME-0180,11.8000,78.1000,32,2026-10-06,synthetic_demo,8000
KA-CRIME-0181,11.8000,78.2000,42,2026-10-06,synthetic_demo,8000
KA-CRIME-0182,11.8000,78.3000,61,2026-10-06,synthetic_demo,8000
KA-CRIME-0183,11.8000,78.4000,84,2026-10-06,synthetic_demo,8000
KA-CRIME-0184,11.8000,78.5000,23,2026-10-06,synthetic_demo,8000
KA-CRIME-0185,11.9000,74.0000,48,2026-10-06,synthetic_demo,8000
KA-CRIME-0186,11.9000,74.1000,59,2026-10-06,synthetic_demo,8000
KA-CRIME-0187,11.9000,74.2000,51,2026-10-06,synthetic_demo,8000
KA-CRIME-0188,11.9000,74.3000,78,2026-10-06,synthetic_demo,8000
KA-CRIME-0189,11.9000,74.4000,71,2026-10-06,synthetic_demo,8000
KA-CRIME-0190,11.9000,74.5000,90,2026-10-06,synthetic_demo,8000
KA-CRIME-0191,11.9000,74.6000,33,2026-10-06,synthetic_demo,8000
KA-CRIME-0192,11.9000,74.7000,87,2026-10-06,synthetic_demo,8000
KA-CRIME-0193,11.9000,74.8000,49,2026-10-06,synthetic_demo,8000
KA-CRIME-0194,11.9000,74.9000,76,2026-10-06,synthetic_demo,8000
KA-CRIME-0195,11.9000,75.0000,48,2026-10-06,synthetic_demo,8000
KA-CRIME-0196,11.9000,75.1000,47,2026-10-06,synthetic_demo,8000
KA-CRIME-0197,11.9000,75.2000,15,2026-10-06,synthetic_demo,8000
KA-CRIME-0198,11.9000,75.3000,74,2026-10-06,synthetic_demo,8000
KA-CRIME-0199,11.9000,75.4000,54,2026-10-06,synthetic_demo,8000
KA-CRIME-0200,11.9000,75.5000,73,2026-10-06,synthetic_demo,8000
KA-CRIME-0201,11.9000,75.6000,78,2026-10-06,synthetic_demo,8000
KA-CRIME-0202,11.9000,75.7000,79,2026-10-06,synthetic_demo,8000
KA-CRIME-0203,11.9000,75.8000,32,2026-10-06,synthetic_demo,8000
KA-CRIME-0204,11.9000,75.9000,93,2026-10-06,synthetic_demo,8000
KA-CRIME-0205,11.9000,76.0000,19,2026-10-06,synthetic_demo,8000
KA-CRIME-0206,11.9000,76.1000,52,2026-10-06,synthetic_demo,8000
KA-CRIME-0207,11.9000,76.2000,22,2026-10-06,synthetic_demo,8000
KA-CRIME-0208,11.9000,76.3000,17,2026-10-06,synthetic_demo,8000
KA-CRIME-0209,11.9000,76.4000,48,2026-10-06,synthetic_demo,8000
KA-CRIME-0210,11.9000,76.5000,17,2026-10-06,synthetic_demo,8000
KA-CRIME-0211,11.9000,76.6000,28,2026-10-06,synthetic_demo,8000
KA-CRIME-0212,11.9000,76.7000,82,2026-10-06,synthetic_demo,8000
KA-CRIME-0213,11.9000,76.8000,46,2026-10-06,synthetic_demo,8000
KA-CRIME-0214,11.9000,76.9000,63,2026-10-06,synthetic_demo,8000
KA-CRIME-0215,11.9000,77.0000,88,2026-10-06,synthetic_demo,8000
KA-CRIME-0216,11.9000,77.1000,18,2026-10-06,synthetic_demo,8000
KA-CRIME-0217,11.9000,77.2000,63,2026-10-06,synthetic_demo,8000
KA-CRIME-0218,11.9000,77.3000,55,2026-10-06,synthetic_demo,8000
KA-CRIME-0219,11.9000,77.4000,24,2026-10-06,synthetic_demo,8000
KA-CRIME-0220,11.9000,77.5000,45,2026-10-06,synthetic_demo,8000
KA-CRIME-0221,11.9000,77.6000,64,2026-10-06,synthetic_demo,8000
KA-CRIME-0222,11.9000,77.7000,49,2026-10-06,synthetic_demo,8000
KA-CRIME-0223,11.9000,77.8000,47,2026-10-06,synthetic_demo,8000
KA-CRIME-0224,11.9000,77.9000,55,2026-10-06,synthetic_demo,8000
KA-CRIME-0225,11.9000,78.0000,29,2026-10-06,synthetic_demo,8000
KA-CRIME-0226,11.9000,78.1000,54,2026-10-06,synthetic_demo,8000
KA-CRIME-0227,11.9000,78.2000,20,2026-10-06,synthetic_demo,8000
KA-CRIME-0228,11.9000,78.3000,79,2026-10-06,synthetic_demo,8000
KA-CRIME-0229,11.9000,78.4000,39,2026-10-06,synthetic_demo,8000
KA-CRIME-0230,11.9000,78.5000,85,2026-10-06,synthetic_demo,8000
KA-CRIME-0231,12.0000,74.0000,62,2026-10-06,synthetic_demo,8000
KA-CRIME-0232,12.0000,74.1000,41,2026-10-06,synthetic_demo,8000
KA-CRIME-0233,12.0000,74.2000,57,2026-10-06,synthetic_demo,8000
KA-CRIME-0234,12.0000,74.3000,80,2026-10-06,synthetic_demo,8000
KA-CRIME-0235,12.0000,74.4000,80,2026-10-06,synthetic_demo,8000
KA-CRIME-0236,12.0000,74.5000,72,2026-10-06,synthetic_demo,8000
KA-CRIME-0237,12.0000,74.6000,82,2026-10-06,synthetic_demo,8000
KA-CRIME-0238,12.0000,74.7000,58,2026-10-06,synthetic_demo,8000
KA-CRIME-0239,12.0000,74.8000,93,2026-10-06,synthetic_demo,8000
KA-CRIME-0240,12.0000,74.9000,90,2026-10-06,synthetic_demo,8000
KA-CRIME-0241,12.0000,75.0000,63,2026-10-06,synthetic_demo,8000
KA-CRIME-0242,12.0000,75.1000,95,2026-10-06,synthetic_demo,8000
KA-CRIME-0243,12.0000,75.2000,77,2026-10-06,synthetic_demo,8000
KA-CRIME-0244,12.0000,75.3000,84,2026-10-06,synthetic_demo,8000
KA-CRIME-0245,12.0000,75.4000,62,2026-10-06,synthetic_demo,8000
KA-CRIME-0246,12.0000,75.5000,81,2026-10-06,synthetic_demo,8000
KA-CRIME-0247,12.0000,75.6000,86,2026-10-06,synthetic_demo,8000
KA-CRIME-0248,12.0000,75.7000,43,2026-10-06,synthetic_demo,8000
KA-CRIME-0249,12.0000,75.8000,26,2026-10-06,synthetic_demo,8000
KA-CRIME-0250,12.0000,75.9000,33,2026-10-06,synthetic_demo,8000
KA-CRIME-0251,12.0000,76.0000,68,2026-10-06,synthetic_demo,8000
KA-CRIME-0252,12.0000,76.1000,32,2026-10-06,synthetic_demo,8000
KA-CRIME-0253,12.0000,76.2000,51,2026-10-06,synthetic_demo,8000
KA-CRIME-0254,12.0000,76.3000,78,2026-10-06,synthetic_demo,8000
KA-CRIME-0255,12.0000,76.4000,74,2026-10-06,synthetic_demo,8000
KA-CRIME-0256,12.0000,76.5000,45,2026-10-06,synthetic_demo,8000
KA-CRIME-0257,12.0000,76.6000,80,2026-10-06,synthetic_demo,8000
KA-CRIME-0258,12.0000,76.7000,19,2026-10-06,synthetic_demo,8000
KA-CRIME-0259,12.0000,76.8000,18,2026-10-06,synthetic_demo,8000
KA-CRIME-0260,12.0000,76.9000,18,2026-10-06,synthetic_demo,8000
KA-CRIME-0261,12.0000,77.0000,45,2026-10-06,synthetic_demo,8000
KA-CRIME-0262,12.0000,77.1000,65,2026-10-06,synthetic_demo,8000
KA-CRIME-0263,12.0000,77.2000,56,2026-10-06,synthetic_demo,8000
KA-CRIME-0264,12.0000,77.3000,19,2026-10-06,synthetic_demo,8000
KA-CRIME-0265,12.0000,77.4000,45,2026-10-06,synthetic_demo,8000
KA-CRIME-0266,12.0000,77.5000,64,2026-10-06,synthetic_demo,8000
KA-CRIME-0267,12.0000,77.6000,66,2026-10-06,synthetic_demo,8000
KA-CRIME-0268,12.0000,77.7000,32,2026-10-06,synthetic_demo,8000
KA-CRIME-0269,12.0000,77.8000,59,2026-10-06,synthetic_demo,8000
KA-CRIME-0270,12.0000,77.9000,19,2026-10-06,synthetic_demo,8000
KA-CRIME-0271,12.0000,78.0000,60,2026-10-06,synthetic_demo,8000
KA-CRIME-0272,12.0000,78.1000,95,2026-10-06,synthetic_demo,8000
KA-CRIME-0273,12.0000,78.2000,34,2026-10-06,synthetic_demo,8000
KA-CRIME-0274,12.0000,78.3000,75,2026-10-06,synthetic_demo,8000
KA-CRIME-0275,12.0000,78.4000,39,2026-10-06,synthetic_demo,8000
KA-CRIME-0276,12.0000,78.5000,59,2026-10-06,synthetic_demo,8000
KA-CRIME-0277,12.1000,74.0000,43,2026-10-06,synthetic_demo,8000
KA-CRIME-0278,12.1000,74.1000,84,2026-10-06,synthetic_demo,8000
KA-CRIME-0279,12.1000,74.2000,47,2026-10-06,synthetic_demo,8000
KA-CRIME-0280,12.1000,74.3000,82,2026-10-06,synthetic_demo,8000
KA-CRIME-0281,12.1000,74.4000,79,2026-10-06,synthetic_demo,8000
KA-CRIME-0282,12.1000,74.5000,49,2026-10-06,synthetic_demo,8000
KA-CRIME-0283,12.1000,74.6000,78,2026-10-06,synthetic_demo,8000
KA-CRIME-0284,12.1000,74.7000,17,2026-10-06,synthetic_demo,8000
KA-CRIME-0285,12.1000,74.8000,70,2026-10-06,synthetic_demo,8000
KA-CRIME-0286,12.1000,74.9000,46,2026-10-06,synthetic_demo,8000
KA-CRIME-0287,12.1000,75.0000,81,2026-10-06,synthetic_demo,8000
KA-CRIME-0288,12.1000,75.1000,32,2026-10-06,synthetic_demo,8000
KA-CRIME-0289,12.1000,75.2000,65,2026-10-06,synthetic_demo,8000
KA-CRIME-0290,12.1000,75.3000,16,2026-10-06,synthetic_demo,8000
KA-CRIME-0291,12.1000,75.4000,88,2026-10-06,synthetic_demo,8000
KA-CRIME-0292,12.1000,75.5000,87,2026-10-06,synthetic_demo,8000
KA-CRIME-0293,12.1000,75.6000,69,2026-10-06,synthetic_demo,8000
KA-CRIME-0294,12.1000,75.7000,20,2026-10-06,synthetic_demo,8000
KA-CRIME-0295,12.1000,75.8000,56,2026-10-06,synthetic_demo,8000
KA-CRIME-0296,12.1000,75.9000,46,2026-10-06,synthetic_demo,8000
KA-CRIME-0297,12.1000,76.0000,26,2026-10-06,synthetic_demo,8000
KA-CRIME-0298,12.1000,76.1000,62,2026-10-06,synthetic_demo,8000
KA-CRIME-0299,12.1000,76.2000,31,2026-10-06,synthetic_demo,8000
KA-CRIME-0300,12.1000,76.3000,36,2026-10-06,synthetic_demo,8000
KA-CRIME-0301,12.1000,76.4000,26,2026-10-06,synthetic_demo,8000
KA-CRIME-0302,12.1000,76.5000,86,2026-10-06,synthetic_demo,8000
KA-CRIME-0303,12.1000,76.6000,65,2026-10-06,synthetic_demo,8000
KA-CRIME-0304,12.1000,76.7000,92,2026-10-06,synthetic_demo,8000
KA-CRIME-0305,12.1000,76.8000,47,2026-10-06,synthetic_demo,8000
KA-CRIME-0306,12.1000,76.9000,64,2026-10-06,synthetic_demo,8000
KA-CRIME-0307,12.1000,77.0000,56,2026-10-06,synthetic_demo,8000
KA-CRIME-0308,12.1000,77.1000,42,2026-10-06,synthetic_demo,8000
KA-CRIME-0309,12.1000,77.2000,41,2026-10-06,synthetic_demo,8000
KA-CRIME-0310,12.1000,77.3000,72,2026-10-06,synthetic_demo,8000
KA-CRIME-0311,12.1000,77.4000,76,2026-10-06,synthetic_demo,8000
KA-CRIME-0312,12.1000,77.5000,40,2026-10-06,synthetic_demo,8000
KA-CRIME-0313,12.1000,77.6000,59,2026-10-06,synthetic_demo,8000
KA-CRIME-0314,12.1000,77.7000,27,2026-10-06,synthetic_demo,8000
KA-CRIME-0315,12.1000,77.8000,19,2026-10-06,synthetic_demo,8000
KA-CRIME-0316,12.1000,77.9000,87,2026-10-06,synthetic_demo,8000
KA-CRIME-0317,12.1000,78.0000,39,2026-10-06,synthetic_demo,8000
KA-CRIME-0318,12.1000,78.1000,17,2026-10-06,synthetic_demo,8000
KA-CRIME-0319,12.1000,78.2000,78,2026-10-06,synthetic_demo,8000
KA-CRIME-0320,12.1000,78.3000,54,2026-10-06,synthetic_demo,8000
KA-CRIME-0321,12.1000,78.4000,89,2026-10-06,synthetic_demo,8000
KA-CRIME-0322,12.1000,78.5000,17,2026-10-06,synthetic_demo,8000
KA-CRIME-0323,12.2000,74.0000,94,2026-10-06,synthetic_demo,8000
KA-CRIME-0324,12.2000,74.1000,40,2026-10-06,synthetic_demo,8000
KA-CRIME-0325,12.2000,74.2000,53,2026-10-06,synthetic_demo,8000
KA-CRIME-0326,12.2000,74.3000,94,2026-10-06,synthetic_demo,8000
KA-CRIME-0327,12.2000,74.4000,71,2026-10-06,synthetic_demo,8000
KA-CRIME-0328,12.2000,74.5000,72,2026-10-06,synthetic_demo,8000
KA-CRIME-0329,12.2000,74.6000,77,2026-10-06,synthetic_demo,8000
KA-CRIME-0330,12.2000,74.7000,23,2026-10-06,synthetic_demo,8000
KA-CRIME-0331,12.2000,74.8000,25,2026-10-06,synthetic_demo,8000
KA-CRIME-0332,12.2000,74.9000,81,2026-10-06,synthetic_demo,8000
KA-CRIME-0333,12.2000,75.0000,83,2026-10-06,synthetic_demo,8000
KA-CRIME-0334,12.2000,75.1000,20,2026-10-06,synthetic_demo,8000
KA-CRIME-0335,12.2000,75.2000,92,2026-10-06,synthetic_demo,8000
KA-CRIME-0336,12.2000,75.3000,34,2026-10-06,synthetic_demo,8000
KA-CRIME-0337,12.2000,75.4000,24,2026-10-06,synthetic_demo,8000
KA-CRIME-0338,12.2000,75.5000,52,2026-10-06,synthetic_demo,8000
KA-CRIME-0339,12.2000,75.6000,16,2026-10-06,synthetic_demo,8000
KA-CRIME-0340,12.2000,75.7000,71,2026-10-06,synthetic_demo,8000
KA-CRIME-0341,12.2000,75.8000,86,2026-10-06,synthetic_demo,8000
KA-CRIME-0342,12.2000,75.9000,30,2026-10-06,synthetic_demo,8000
KA-CRIME-0343,12.2000,76.0000,50,2026-10-06,synthetic_demo,8000
KA-CRIME-0344,12.2000,76.1000,83,2026-10-06,synthetic_demo,8000
KA-CRIME-0345,12.2000,76.2000,55,2026-10-06,synthetic_demo,8000
KA-CRIME-0346,12.2000,76.3000,19,2026-10-06,synthetic_demo,8000
KA-CRIME-0347,12.2000,76.4000,79,2026-10-06,synthetic_demo,8000
KA-CRIME-0348,12.2000,76.5000,21,2026-10-06,synthetic_demo,8000
KA-CRIME-0349,12.2000,76.6000,28,2026-10-06,synthetic_demo,8000
KA-CRIME-0350,12.2000,76.7000,59,2026-10-06,synthetic_demo,8000
KA-CRIME-0351,12.2000,76.8000,79,2026-10-06,synthetic_demo,8000
KA-CRIME-0352,12.2000,76.9000,94,2026-10-06,synthetic_demo,8000
KA-CRIME-0353,12.2000,77.0000,33,2026-10-06,synthetic_demo,8000
KA-CRIME-0354,12.2000,77.1000,58,2026-10-06,synthetic_demo,8000
KA-CRIME-0355,12.2000,77.2000,81,2026-10-06,synthetic_demo,8000
KA-CRIME-0356,12.2000,77.3000,25,2026-10-06,synthetic_demo,8000
KA-CRIME-0357,12.2000,77.4000,81,2026-10-06,synthetic_demo,8000
KA-CRIME-0358,12.2000,77.5000,70,2026-10-06,synthetic_demo,8000
KA-CRIME-0359,12.2000,77.6000,93,2026-10-06,synthetic_demo,8000
KA-CRIME-0360,12.2000,77.7000,37,2026-10-06,synthetic_demo,8000
KA-CRIME-0361,12.2000,77.8000,74,2026-10-06,synthetic_demo,8000
KA-CRIME-0362,12.2000,77.9000,67,2026-10-06,synthetic_demo,8000
KA-CRIME-0363,12.2000,78.0000,21,2026-10-06,synthetic_demo,8000
KA-CRIME-0364,12.2000,78.1000,21,2026-10-06,synthetic_demo,8000
KA-CRIME-0365,12.2000,78.2000,86,2026-10-06,synthetic_demo,8000
KA-CRIME-0366,12.2000,78.3000,28,2026-10-06,synthetic_demo,8000
KA-CRIME-0367,12.2000,78.4000,18,2026-10-06,synthetic_demo,8000
KA-CRIME-0368,12.2000,78.5000,31,2026-10-06,synthetic_demo,8000
KA-CRIME-0369,12.3000,74.0000,23,2026-10-06,synthetic_demo,8000
KA-CRIME-0370,12.3000,74.1000,76,2026-10-06,synthetic_demo,8000
KA-CRIME-0371,12.3000,74.2000,55,2026-10-06,synthetic_demo,8000
KA-CRIME-0372,12.3000,74.3000,28,2026-10-06,synthetic_demo,8000
KA-CRIME-0373,12.3000,74.4000,19,2026-10-06,synthetic_demo,8000
KA-CRIME-0374,12.3000,74.5000,51,2026-10-06,synthetic_demo,8000
KA-CRIME-0375,12.3000,74.6000,47,2026-10-06,synthetic_demo,8000
KA-CRIME-0376,12.3000,74.7000,72,2026-10-06,synthetic_demo,8000
KA-CRIME-0377,12.3000,74.8000,27,2026-10-06,synthetic_demo,8000
KA-CRIME-0378,12.3000,74.9000,38,2026-10-06,synthetic_demo,8000
KA-CRIME-0379,12.3000,75.0000,69,2026-10-06,synthetic_demo,8000
KA-CRIME-0380,12.3000,75.1000,18,2026-10-06,synthetic_demo,8000
KA-CRIME-0381,12.3000,75.2000,75,2026-10-06,synthetic_demo,8000
KA-CRIME-0382,12.3000,75.3000,94,2026-10-06,synthetic_demo,8000
KA-CRIME-0383,12.3000,75.4000,20,2026-10-06,synthetic_demo,8000
KA-CRIME-0384,12.3000,75.5000,70,2026-10-06,synthetic_demo,8000
KA-CRIME-0385,12.3000,75.6000,76,2026-10-06,synthetic_demo,8000
KA-CRIME-0386,12.3000,75.7000,61,2026-10-06,synthetic_demo,8000
KA-CRIME-0387,12.3000,75.8000,55,2026-10-06,synthetic_demo,8000
KA-CRIME-0388,12.3000,75.9000,53,2026-10-06,synthetic_demo,8000
KA-CRIME-0389,12.3000,76.0000,32,2026-10-06,synthetic_demo,8000
KA-CRIME-0390,12.3000,76.1000,45,2026-10-06,synthetic_demo,8000
KA-CRIME-0391,12.3000,76.2000,32,2026-10-06,synthetic_demo,8000
KA-CRIME-0392,12.3000,76.3000,83,2026-10-06,synthetic_demo,8000
KA-CRIME-0393,12.3000,76.4000,67,2026-10-06,synthetic_demo,8000
KA-CRIME-0394,12.3000,76.5000,64,2026-10-06,synthetic_demo,8000
KA-CRIME-0395,12.3000,76.6000,84,2026-10-06,synthetic_demo,8000
KA-CRIME-0396,12.3000,76.7000,94,2026-10-06,synthetic_demo,8000
KA-CRIME-0397,12.3000,76.8000,89,2026-10-06,synthetic_demo,8000
KA-CRIME-0398,12.3000,76.9000,68,2026-10-06,synthetic_demo,8000
KA-CRIME-0399,12.3000,77.0000,90,2026-10-06,synthetic_demo,8000
KA-CRIME-0400,12.3000,77.1000,85,2026-10-06,synthetic_demo,8000
KA-CRIME-0401,12.3000,77.2000,79,2026-10-06,synthetic_demo,8000
KA-CRIME-0402,12.3000,77.3000,42,2026-10-06,synthetic_demo,8000
KA-CRIME-0403,12.3000,77.4000,51,2026-10-06,synthetic_demo,8000
KA-CRIME-0404,12.3000,77.5000,56,2026-10-06,synthetic_demo,8000
KA-CRIME-0405,12.3000,77.6000,29,2026-10-06,synthetic_demo,8000
KA-CRIME-0406,12.3000,77.7000,17,2026-10-06,synthetic_demo,8000
KA-CRIME-0407,12.3000,77.8000,85,2026-10-06,synthetic_demo,8000
KA-CRIME-0408,12.3000,77.9000,50,2026-10-06,synthetic_demo,8000
KA-CRIME-0409,12.3000,78.0000,82,2026-10-06,synthetic_demo,8000
KA-CRIME-0410,12.3000,78.1000,48,2026-10-06,synthetic_demo,8000
KA-CRIME-0411,12.3000,78.2000,91,2026-10-06,synthetic_demo,8000
KA-CRIME-0412,12.3000,78.3000,67,2026-10-06,synthetic_demo,8000
KA-CRIME-0413,12.3000,78.4000,53,2026-10-06,synthetic_demo,8000
KA-CRIME-0414,12.3000,78.5000,79,2026-10-06,synthetic_demo,8000
KA-CRIME-0415,12.4000,74.0000,80,2026-10-06,synthetic_demo,8000
KA-CRIME-0416,12.4000,74.1000,82,2026-10-06,synthetic_demo,8000
KA-CRIME-0417,12.4000,74.2000,20,2026-10-06,synthetic_demo,8000
KA-CRIME-0418,12.4000,74.3000,80,2026-10-06,synthetic_demo,8000
KA-CRIME-0419,12.4000,74.4000,91,2026-10-06,synthetic_demo,8000
KA-CRIME-0420,12.4000,74.5000,59,2026-10-06,synthetic_demo,8000
KA-CRIME-0421,12.4000,74.6000,43,2026-10-06,synthetic_demo,8000
KA-CRIME-0422,12.4000,74.7000,77,2026-10-06,synthetic_demo,8000
KA-CRIME-0423,12.4000,74.8000,74,2026-10-06,synthetic_demo,8000
KA-CRIME-0424,12.4000,74.9000,85,2026-10-06,synthetic_demo,8000
KA-CRIME-0425,12.4000,75.0000,40,2026-10-06,synthetic_demo,8000
KA-CRIME-0426,12.4000,75.1000,81,2026-10-06,synthetic_demo,8000
KA-CRIME-0427,12.4000,75.2000,46,2026-10-06,synthetic_demo,8000
KA-CRIME-0428,12.4000,75.3000,74,2026-10-06,synthetic_demo,8000
KA-CRIME-0429,12.4000,75.4000,28,2026-10-06,synthetic_demo,8000
KA-CRIME-0430,12.4000,75.5000,70,2026-10-06,synthetic_demo,8000
KA-CRIME-0431,12.4000,75.6000,90,2026-10-06,synthetic_demo,8000
KA-CRIME-0432,12.4000,75.7000,18,2026-10-06,synthetic_demo,8000
KA-CRIME-0433,12.4000,75.8000,30,2026-10-06,synthetic_demo,8000
KA-CRIME-0434,12.4000,75.9000,19,2026-10-06,synthetic_demo,8000
KA-CRIME-0435,12.4000,76.0000,90,2026-10-06,synthetic_demo,8000
KA-CRIME-0436,12.4000,76.1000,72,2026-10-06,synthetic_demo,8000
KA-CRIME-0437,12.4000,76.2000,53,2026-10-06,synthetic_demo,8000
KA-CRIME-0438,12.4000,76.3000,59,2026-10-06,synthetic_demo,8000
KA-CRIME-0439,12.4000,76.4000,54,2026-10-06,synthetic_demo,8000
KA-CRIME-0440,12.4000,76.5000,24,2026-10-06,synthetic_demo,8000
KA-CRIME-0441,12.4000,76.6000,74,2026-10-06,synthetic_demo,8000
KA-CRIME-0442,12.4000,76.7000,61,2026-10-06,synthetic_demo,8000
KA-CRIME-0443,12.4000,76.8000,16,2026-10-06,synthetic_demo,8000
KA-CRIME-0444,12.4000,76.9000,80,2026-10-06,synthetic_demo,8000
KA-CRIME-0445,12.4000,77.0000,87,2026-10-06,synthetic_demo,8000
KA-CRIME-0446,12.4000,77.1000,49,2026-10-06,synthetic_demo,8000
KA-CRIME-0447,12.4000,77.2000,29,2026-10-06,synthetic_demo,8000
KA-CRIME-0448,12.4000,77.3000,90,2026-10-06,synthetic_demo,8000
KA-CRIME-0449,12.4000,77.4000,90,2026-10-06,synthetic_demo,8000
KA-CRIME-0450,12.4000,77.5000,87,2026-10-06,synthetic_demo,8000
KA-CRIME-0451,12.4000,77.6000,86,2026-10-06,synthetic_demo,8000
KA-CRIME-0452,12.4000,77.7000,48,2026-10-06,synthetic_demo,8000
KA-CRIME-0453,12.4000,77.8000,61,2026-10-06,synthetic_demo,8000
KA-CRIME-0454,12.4000,77.9000,64,2026-10-06,synthetic_demo,8000
KA-CRIME-0455,12.4000,78.0000,20,2026-10-06,synthetic_demo,8000
KA-CRIME-0456,12.4000,78.1000,52,2026-10-06,synthetic_demo,8000
KA-CRIME-0457,12.4000,78.2000,22,2026-10-06,synthetic_demo,8000
KA-CRIME-0458,12.4000,78.3000,31,2026-10-06,synthetic_demo,8000
KA-CRIME-0459,12.4000,78.4000,19,2026-10-06,synthetic_demo,8000
KA-CRIME-0460,12.4000,78.5000,74,2026-10-06,synthetic_demo,8000
KA-CRIME-0461,12.5000,74.0000,69,2026-10-06,synthetic_demo,8000
KA-CRIME-0462,12.5000,74.1000,29,2026-10-06,synthetic_demo,8000
KA-CRIME-0463,12.5000,74.2000,82,2026-10-06,synthetic_demo,8000
KA-CRIME-0464,12.5000,74.3000,59,2026-10-06,synthetic_demo,8000
KA-CRIME-0465,12.5000,74.4000,42,2026-10-06,synthetic_demo,8000
KA-CRIME-0466,12.5000,74.5000,22,2026-10-06,synthetic_demo,8000
KA-CRIME-0467,12.5000,74.6000,42,2026-10-06,synthetic_demo,8000
KA-CRIME-0468,12.5000,74.7000,27,2026-10-06,synthetic_demo,8000
KA-CRIME-0469,12.5000,74.8000,78,2026-10-06,synthetic_demo,8000
KA-CRIME-0470,12.5000,74.9000,35,2026-10-06,synthetic_demo,8000
KA-CRIME-0471,12.5000,75.0000,25,2026-10-06,synthetic_demo,8000
KA-CRIME-0472,12.5000,75.1000,17,2026-10-06,synthetic_demo,8000
KA-CRIME-0473,12.5000,75.2000,79,2026-10-06,synthetic_demo,8000
KA-CRIME-0474,12.5000,75.3000,36,2026-10-06,synthetic_demo,8000
KA-CRIME-0475,12.5000,75.4000,46,2026-10-06,synthetic_demo,8000
KA-CRIME-0476,12.5000,75.5000,48,2026-10-06,synthetic_demo,8000
KA-CRIME-0477,12.5000,75.6000,95,2026-10-06,synthetic_demo,8000
KA-CRIME-0478,12.5000,75.7000,79,2026-10-06,synthetic_demo,8000
KA-CRIME-0479,12.5000,75.8000,92,2026-10-06,synthetic_demo,8000
KA-CRIME-0480,12.5000,75.9000,18,2026-10-06,synthetic_demo,8000
KA-CRIME-0481,12.5000,76.0000,22,2026-10-06,synthetic_demo,8000
KA-CRIME-0482,12.5000,76.1000,69,2026-10-06,synthetic_demo,8000
KA-CRIME-0483,12.5000,76.2000,84,2026-10-06,synthetic_demo,8000
KA-CRIME-0484,12.5000,76.3000,82,2026-10-06,synthetic_demo,8000
KA-CRIME-0485,12.5000,76.4000,15,2026-10-06,synthetic_demo,8000
KA-CRIME-0486,12.5000,76.5000,22,2026-10-06,synthetic_demo,8000
KA-CRIME-0487,12.5000,76.6000,30,2026-10-06,synthetic_demo,8000
KA-CRIME-0488,12.5000,76.7000,88,2026-10-06,synthetic_demo,8000
KA-CRIME-0489,12.5000,76.8000,26,2026-10-06,synthetic_demo,8000
KA-CRIME-0490,12.5000,76.9000,56,2026-10-06,synthetic_demo,8000
KA-CRIME-0491,12.5000,77.0000,67,2026-10-06,synthetic_demo,8000
KA-CRIME-0492,12.5000,77.1000,71,2026-10-06,synthetic_demo,8000
KA-CRIME-0493,12.5000,77.2000,76,2026-10-06,synthetic_demo,8000
KA-CRIME-0494,12.5000,77.3000,43,2026-10-06,synthetic_demo,8000
KA-CRIME-0495,12.5000,77.4000,20,2026-10-06,synthetic_demo,8000
KA-CRIME-0496,12.5000,77.5000,92,2026-10-06,synthetic_demo,8000
KA-CRIME-0497,12.5000,77.6000,31,2026-10-06,synthetic_demo,8000
KA-CRIME-0498,12.5000,77.7000,59,2026-10-06,synthetic_demo,8000
KA-CRIME-0499,12.5000,77.8000,30,2026-10-06,synthetic_demo,8000
KA-CRIME-0500,12.5000,77.9000,16,2026-10-06,synthetic_demo,8000
KA-CRIME-0501,12.5000,78.0000,38,2026-10-06,synthetic_demo,8000
KA-CRIME-0502,12.5000,78.1000,77,2026-10-06,synthetic_demo,8000
KA-CRIME-0503,12.5000,78.2000,65,2026-10-06,synthetic_demo,8000
KA-CRIME-0504,12.5000,78.3000,74,2026-10-06,synthetic_demo,8000
KA-CRIME-0505,12.5000,78.4000,66,2026-10-06,synthetic_demo,8000
KA-CRIME-0506,12.5000,78.5000,88,2026-10-06,synthetic_demo,8000
KA-CRIME-0507,12.6000,74.0000,70,2026-10-06,synthetic_demo,8000
KA-CRIME-0508,12.6000,74.1000,47,2026-10-06,synthetic_demo,8000
KA-CRIME-0509,12.6000,74.2000,39,2026-10-06,synthetic_demo,8000
KA-CRIME-0510,12.6000,74.3000,74,2026-10-06,synthetic_demo,8000
KA-CRIME-0511,12.6000,74.4000,71,2026-10-06,synthetic_demo,8000
KA-CRIME-0512,12.6000,74.5000,62,2026-10-06,synthetic_demo,8000
KA-CRIME-0513,12.6000,74.6000,89,2026-10-06,synthetic_demo,8000
KA-CRIME-0514,12.6000,74.7000,24,2026-10-06,synthetic_demo,8000
KA-CRIME-0515,12.6000,74.8000,45,2026-10-06,synthetic_demo,8000
KA-CRIME-0516,12.6000,74.9000,72,2026-10-06,synthetic_demo,8000
KA-CRIME-0517,12.6000,75.0000,90,2026-10-06,synthetic_demo,8000
KA-CRIME-0518,12.6000,75.1000,61,2026-10-06,synthetic_demo,8000
KA-CRIME-0519,12.6000,75.2000,76,2026-10-06,synthetic_demo,8000
KA-CRIME-0520,12.6000,75.3000,17,2026-10-06,synthetic_demo,8000
KA-CRIME-0521,12.6000,75.4000,86,2026-10-06,synthetic_demo,8000
KA-CRIME-0522,12.6000,75.5000,61,2026-10-06,synthetic_demo,8000
KA-CRIME-0523,12.6000,75.6000,72,2026-10-06,synthetic_demo,8000
KA-CRIME-0524,12.6000,75.7000,86,2026-10-06,synthetic_demo,8000
KA-CRIME-0525,12.6000,75.8000,39,2026-10-06,synthetic_demo,8000
KA-CRIME-0526,12.6000,75.9000,93,2026-10-06,synthetic_demo,8000
KA-CRIME-0527,12.6000,76.0000,63,2026-10-06,synthetic_demo,8000
KA-CRIME-0528,12.6000,76.1000,46,2026-10-06,synthetic_demo,8000
KA-CRIME-0529,12.6000,76.2000,37,2026-10-06,synthetic_demo,8000
KA-CRIME-0530,12.6000,76.3000,37,2026-10-06,synthetic_demo,8000
KA-CRIME-0531,12.6000,76.4000,40,2026-10-06,synthetic_demo,8000
KA-CRIME-0532,12.6000,76.5000,79,2026-10-06,synthetic_demo,8000
KA-CRIME-0533,12.6000,76.6000,30,2026-10-06,synthetic_demo,8000
KA-CRIME-0534,12.6000,76.7000,87,2026-10-06,synthetic_demo,8000
KA-CRIME-0535,12.6000,76.8000,26,2026-10-06,synthetic_demo,8000
KA-CRIME-0536,12.6000,76.9000,66,2026-10-06,synthetic_demo,8000
KA-CRIME-0537,12.6000,77.0000,84,2026-10-06,synthetic_demo,8000
KA-CRIME-0538,12.6000,77.1000,45,2026-10-06,synthetic_demo,8000
KA-CRIME-0539,12.6000,77.2000,45,2026-10-06,synthetic_demo,8000
KA-CRIME-0540,12.6000,77.3000,29,2026-10-06,synthetic_demo,8000
KA-CRIME-0541,12.6000,77.4000,42,2026-10-06,synthetic_demo,8000
KA-CRIME-0542,12.6000,77.5000,25,2026-10-06,synthetic_demo,8000
KA-CRIME-0543,12.6000,77.6000,40,2026-10-06,synthetic_demo,8000
KA-CRIME-0544,12.6000,77.7000,37,2026-10-06,synthetic_demo,8000
KA-CRIME-0545,12.6000,77.8000,64,2026-10-06,synthetic_demo,8000
KA-CRIME-0546,12.6000,77.9000,67,2026-10-06,synthetic_demo,8000
KA-CRIME-0547,12.6000,78.0000,34,2026-10-06,synthetic_demo,8000
KA-CRIME-0548,12.6000,78.1000,44,2026-10-06,synthetic_demo,8000
KA-CRIME-0549,12.6000,78.2000,59,2026-10-06,synthetic_demo,8000
KA-CRIME-0550,12.6000,78.3000,77,2026-10-06,synthetic_demo,8000
KA-CRIME-0551,12.6000,78.4000,41,2026-10-06,synthetic_demo,8000
KA-CRIME-0552,12.6000,78.5000,89,2026-10-06,synthetic_demo,8000
KA-CRIME-0553,12.7000,74.0000,28,2026-10-06,synthetic_demo,8000
KA-CRIME-0554,12.7000,74.1000,43,2026-10-06,synthetic_demo,8000
KA-CRIME-0555,12.7000,74.2000,55,2026-10-06,synthetic_demo,8000
KA-CRIME-0556,12.7000,74.3000,61,2026-10-06,synthetic_demo,8000
KA-CRIME-0557,12.7000,74.4000,31,2026-10-06,synthetic_demo,8000
KA-CRIME-0558,12.7000,74.5000,29,2026-10-06,synthetic_demo,8000
KA-CRIME-0559,12.7000,74.6000,65,2026-10-06,synthetic_demo,8000
KA-CRIME-0560,12.7000,74.7000,55,2026-10-06,synthetic_demo,8000
KA-CRIME-0561,12.7000,74.8000,56,2026-10-06,synthetic_demo,8000
KA-CRIME-0562,12.7000,74.9000,83,2026-10-06,synthetic_demo,8000
KA-CRIME-0563,12.7000,75.0000,18,2026-10-06,synthetic_demo,8000
KA-CRIME-0564,12.7000,75.1000,84,2026-10-06,synthetic_demo,8000
KA-CRIME-0565,12.7000,75.2000,59,2026-10-06,synthetic_demo,8000
KA-CRIME-0566,12.7000,75.3000,59,2026-10-06,synthetic_demo,8000
KA-CRIME-0567,12.7000,75.4000,25,2026-10-06,synthetic_demo,8000
KA-CRIME-0568,12.7000,75.5000,75,2026-10-06,synthetic_demo,8000
KA-CRIME-0569,12.7000,75.6000,70,2026-10-06,synthetic_demo,8000
KA-CRIME-0570,12.7000,75.7000,63,2026-10-06,synthetic_demo,8000
KA-CRIME-0571,12.7000,75.8000,39,2026-10-06,synthetic_demo,8000
KA-CRIME-0572,12.7000,75.9000,91,2026-10-06,synthetic_demo,8000
KA-CRIME-0573,12.7000,76.0000,81,2026-10-06,synthetic_demo,8000
KA-CRIME-0574,12.7000,76.1000,23,2026-10-06,synthetic_demo,8000
KA-CRIME-0575,12.7000,76.2000,86,2026-10-06,synthetic_demo,8000
KA-CRIME-0576,12.7000,76.3000,86,2026-10-06,synthetic_demo,8000
KA-CRIME-0577,12.7000,76.4000,78,2026-10-06,synthetic_demo,8000
KA-CRIME-0578,12.7000,76.5000,45,2026-10-06,synthetic_demo,8000
KA-CRIME-0579,12.7000,76.6000,29,2026-10-06,synthetic_demo,8000
KA-CRIME-0580,12.7000,76.7000,56,2026-10-06,synthetic_demo,8000
KA-CRIME-0581,12.7000,76.8000,16,2026-10-06,synthetic_demo,8000
KA-CRIME-0582,12.7000,76.9000,75,2026-10-06,synthetic_demo,8000
KA-CRIME-0583,12.7000,77.0000,27,2026-10-06,synthetic_demo,8000
KA-CRIME-0584,12.7000,77.1000,77,2026-10-06,synthetic_demo,8000
KA-CRIME-0585,12.7000,77.2000,32,2026-10-06,synthetic_demo,8000
KA-CRIME-0586,12.7000,77.3000,32,2026-10-06,synthetic_demo,8000
KA-CRIME-0587,12.7000,77.4000,21,2026-10-06,synthetic_demo,8000
KA-CRIME-0588,12.7000,77.5000,24,2026-10-06,synthetic_demo,8000
KA-CRIME-0589,12.7000,77.6000,19,2026-10-06,synthetic_demo,8000
KA-CRIME-0590,12.7000,77.7000,41,2026-10-06,synthetic_demo,8000
KA-CRIME-0591,12.7000,77.8000,26,2026-10-06,synthetic_demo,8000
KA-CRIME-0592,12.7000,77.9000,62,2026-10-06,synthetic_demo,8000
KA-CRIME-0593,12.7000,78.0000,37,2026-10-06,synthetic_demo,8000
KA-CRIME-0594,12.7000,78.1000,21,2026-10-06,synthetic_demo,8000
KA-CRIME-0595,12.7000,78.2000,20,2026-10-06,synthetic_demo,8000
KA-CRIME-0596,12.7000,78.3000,50,2026-10-06,synthetic_demo,8000
KA-CRIME-0597,12.7000,78.4000,48,2026-10-06,synthetic_demo,8000
KA-CRIME-0598,12.7000,78.5000,88,2026-10-06,synthetic_demo,8000
KA-CRIME-0599,12.8000,74.0000,29,2026-10-06,synthetic_demo,8000
KA-CRIME-0600,12.8000,74.1000,79,2026-10-06,synthetic_demo,8000
KA-CRIME-0601,12.8000,74.2000,28,2026-10-06,synthetic_demo,8000
KA-CRIME-0602,12.8000,74.3000,59,2026-10-06,synthetic_demo,8000
KA-CRIME-0603,12.8000,74.4000,17,2026-10-06,synthetic_demo,8000
KA-CRIME-0604,12.8000,74.5000,55,2026-10-06,synthetic_demo,8000
KA-CRIME-0605,12.8000,74.6000,54,2026-10-06,synthetic_demo,8000
KA-CRIME-0606,12.8000,74.7000,77,2026-10-06,synthetic_demo,8000
KA-CRIME-0607,12.8000,74.8000,27,2026-10-06,synthetic_demo,8000
KA-CRIME-0608,12.8000,74.9000,64,2026-10-06,synthetic_demo,8000
KA-CRIME-0609,12.8000,75.0000,67,2026-10-06,synthetic_demo,8000
KA-CRIME-0610,12.8000,75.1000,43,2026-10-06,synthetic_demo,8000
KA-CRIME-0611,12.8000,75.2000,18,2026-10-06,synthetic_demo,8000
KA-CRIME-0612,12.8000,75.3000,76,2026-10-06,synthetic_demo,8000
KA-CRIME-0613,12.8000,75.4000,71,2026-10-06,synthetic_demo,8000
KA-CRIME-0614,12.8000,75.5000,46,2026-10-06,synthetic_demo,8000
KA-CRIME-0615,12.8000,75.6000,89,2026-10-06,synthetic_demo,8000
KA-CRIME-0616,12.8000,75.7000,40,2026-10-06,synthetic_demo,8000
KA-CRIME-0617,12.8000,75.8000,87,2026-10-06,synthetic_demo,8000
KA-CRIME-0618,12.8000,75.9000,71,2026-10-06,synthetic_demo,8000
KA-CRIME-0619,12.8000,76.0000,83,2026-10-06,synthetic_demo,8000
KA-CRIME-0620,12.8000,76.1000,33,2026-10-06,synthetic_demo,8000
KA-CRIME-0621,12.8000,76.2000,16,2026-10-06,synthetic_demo,8000
KA-CRIME-0622,12.8000,76.3000,43,2026-10-06,synthetic_demo,8000
KA-CRIME-0623,12.8000,76.4000,18,2026-10-06,synthetic_demo,8000
KA-CRIME-0624,12.8000,76.5000,67,2026-10-06,synthetic_demo,8000
KA-CRIME-0625,12.8000,76.6000,32,2026-10-06,synthetic_demo,8000
KA-CRIME-0626,12.8000,76.7000,56,2026-10-06,synthetic_demo,8000
KA-CRIME-0627,12.8000,76.8000,37,2026-10-06,synthetic_demo,8000
KA-CRIME-0628,12.8000,76.9000,83,2026-10-06,synthetic_demo,8000
KA-CRIME-0629,12.8000,77.0000,60,2026-10-06,synthetic_demo,8000
KA-CRIME-0630,12.8000,77.1000,18,2026-10-06,synthetic_demo,8000
KA-CRIME-0631,12.8000,77.2000,56,2026-10-06,synthetic_demo,8000
KA-CRIME-0632,12.8000,77.3000,88,2026-10-06,synthetic_demo,8000
KA-CRIME-0633,12.8000,77.4000,78,2026-10-06,synthetic_demo,8000
KA-CRIME-0634,12.8000,77.5000,67,2026-10-06,synthetic_demo,8000
KA-CRIME-0635,12.8000,77.6000,58,2026-10-06,synthetic_demo,8000
KA-CRIME-0636,12.8000,77.7000,60,2026-10-06,synthetic_demo,8000
KA-CRIME-0637,12.8000,77.8000,47,2026-10-06,synthetic_demo,8000
KA-CRIME-0638,12.8000,77.9000,93,2026-10-06,synthetic_demo,8000
KA-CRIME-0639,12.8000,78.0000,88,2026-10-06,synthetic_demo,8000
KA-CRIME-0640,12.8000,78.1000,24,2026-10-06,synthetic_demo,8000
KA-CRIME-0641,12.8000,78.2000,40,2026-10-06,synthetic_demo,8000
KA-CRIME-0642,12.8000,78.3000,16,2026-10-06,synthetic_demo,8000
KA-CRIME-0643,12.8000,78.4000,50,2026-10-06,synthetic_demo,8000
KA-CRIME-0644,12.8000,78.5000,84,2026-10-06,synthetic_demo,8000
KA-CRIME-0645,12.9000,74.0000,28,2026-10-06,synthetic_demo,8000
KA-CRIME-0646,12.9000,74.1000,54,2026-10-06,synthetic_demo,8000
KA-CRIME-0647,12.9000,74.2000,56,2026-10-06,synthetic_demo,8000
KA-CRIME-0648,12.9000,74.3000,19,2026-10-06,synthetic_demo,8000
KA-CRIME-0649,12.9000,74.4000,82,2026-10-06,synthetic_demo,8000
KA-CRIME-0650,12.9000,74.5000,44,2026-10-06,synthetic_demo,8000
KA-CRIME-0651,12.9000,74.6000,76,2026-10-06,synthetic_demo,8000
KA-CRIME-0652,12.9000,74.7000,33,2026-10-06,synthetic_demo,8000
KA-CRIME-0653,12.9000,74.8000,17,2026-10-06,synthetic_demo,8000
KA-CRIME-0654,12.9000,74.9000,89,2026-10-06,synthetic_demo,8000
KA-CRIME-0655,12.9000,75.0000,81,2026-10-06,synthetic_demo,8000
KA-CRIME-0656,12.9000,75.1000,73,2026-10-06,synthetic_demo,8000
KA-CRIME-0657,12.9000,75.2000,37,2026-10-06,synthetic_demo,8000
KA-CRIME-0658,12.9000,75.3000,37,2026-10-06,synthetic_demo,8000
KA-CRIME-0659,12.9000,75.4000,95,2026-10-06,synthetic_demo,8000
KA-CRIME-0660,12.9000,75.5000,24,2026-10-06,synthetic_demo,8000
KA-CRIME-0661,12.9000,75.6000,30,2026-10-06,synthetic_demo,8000
KA-CRIME-0662,12.9000,75.7000,35,2026-10-06,synthetic_demo,8000
KA-CRIME-0663,12.9000,75.8000,71,2026-10-06,synthetic_demo,8000
KA-CRIME-0664,12.9000,75.9000,41,2026-10-06,synthetic_demo,8000
KA-CRIME-0665,12.9000,76.0000,19,2026-10-06,synthetic_demo,8000
KA-CRIME-0666,12.9000,76.1000,21,2026-10-06,synthetic_demo,8000
KA-CRIME-0667,12.9000,76.2000,48,2026-10-06,synthetic_demo,8000
KA-CRIME-0668,12.9000,76.3000,95,2026-10-06,synthetic_demo,8000
KA-CRIME-0669,12.9000,76.4000,15,2026-10-06,synthetic_demo,8000
KA-CRIME-0670,12.9000,76.5000,57,2026-10-06,synthetic_demo,8000
KA-CRIME-0671,12.9000,76.6000,40,2026-10-06,synthetic_demo,8000
KA-CRIME-0672,12.9000,76.7000,42,2026-10-06,synthetic_demo,8000
KA-CRIME-0673,12.9000,76.8000,16,2026-10-06,synthetic_demo,8000
KA-CRIME-0674,12.9000,76.9000,17,2026-10-06,synthetic_demo,8000
KA-CRIME-0675,12.9000,77.0000,40,2026-10-06,synthetic_demo,8000
KA-CRIME-0676,12.9000,77.1000,63,2026-10-06,synthetic_demo,8000
KA-CRIME-0677,12.9000,77.2000,90,2026-10-06,synthetic_demo,8000
KA-CRIME-0678,12.9000,77.3000,50,2026-10-06,synthetic_demo,8000
KA-CRIME-0679,12.9000,77.4000,42,2026-10-06,synthetic_demo,8000
KA-CRIME-0680,12.9000,77.5000,21,2026-10-06,synthetic_demo,8000
KA-CRIME-0681,12.9000,77.6000,67,2026-10-06,synthetic_demo,8000
KA-CRIME-0682,12.9000,77.7000,82,2026-10-06,synthetic_demo,8000
KA-CRIME-0683,12.9000,77.8000,52,2026-10-06,synthetic_demo,8000
KA-CRIME-0684,12.9000,77.9000,84,2026-10-06,synthetic_demo,8000
KA-CRIME-0685,12.9000,78.0000,38,2026-10-06,synthetic_demo,8000
KA-CRIME-0686,12.9000,78.1000,78,2026-10-06,synthetic_demo,8000
KA-CRIME-0687,12.9000,78.2000,33,2026-10-06,synthetic_demo,8000
KA-CRIME-0688,12.9000,78.3000,48,2026-10-06,synthetic_demo,8000
KA-CRIME-0689,12.9000,78.4000,16,2026-10-06,synthetic_demo,8000
KA-CRIME-0690,12.9000,78.5000,19,2026-10-06,synthetic_demo,8000
KA-CRIME-0691,13.0000,74.0000,78,2026-10-06,synthetic_demo,8000
KA-CRIME-0692,13.0000,74.1000,70,2026-10-06,synthetic_demo,8000
KA-CRIME-0693,13.0000,74.2000,57,2026-10-06,synthetic_demo,8000
KA-CRIME-0694,13.0000,74.3000,73,2026-10-06,synthetic_demo,8000
KA-CRIME-0695,13.0000,74.4000,24,2026-10-06,synthetic_demo,8000
KA-CRIME-0696,13.0000,74.5000,85,2026-10-06,synthetic_demo,8000
KA-CRIME-0697,13.0000,74.6000,24,2026-10-06,synthetic_demo,8000
KA-CRIME-0698,13.0000,74.7000,66,2026-10-06,synthetic_demo,8000
KA-CRIME-0699,13.0000,74.8000,80,2026-10-06,synthetic_demo,8000
KA-CRIME-0700,13.0000,74.9000,15,2026-10-06,synthetic_demo,8000
KA-CRIME-0701,13.0000,75.0000,68,2026-10-06,synthetic_demo,8000
KA-CRIME-0702,13.0000,75.1000,88,2026-10-06,synthetic_demo,8000
KA-CRIME-0703,13.0000,75.2000,62,2026-10-06,synthetic_demo,8000
KA-CRIME-0704,13.0000,75.3000,69,2026-10-06,synthetic_demo,8000
KA-CRIME-0705,13.0000,75.4000,84,2026-10-06,synthetic_demo,8000
KA-CRIME-0706,13.0000,75.5000,87,2026-10-06,synthetic_demo,8000
KA-CRIME-0707,13.0000,75.6000,61,2026-10-06,synthetic_demo,8000
KA-CRIME-0708,13.0000,75.7000,55,2026-10-06,synthetic_demo,8000
KA-CRIME-0709,13.0000,75.8000,75,2026-10-06,synthetic_demo,8000
KA-CRIME-0710,13.0000,75.9000,22,2026-10-06,synthetic_demo,8000
KA-CRIME-0711,13.0000,76.0000,17,2026-10-06,synthetic_demo,8000
KA-CRIME-0712,13.0000,76.1000,84,2026-10-06,synthetic_demo,8000
KA-CRIME-0713,13.0000,76.2000,52,2026-10-06,synthetic_demo,8000
KA-CRIME-0714,13.0000,76.3000,91,2026-10-06,synthetic_demo,8000
KA-CRIME-0715,13.0000,76.4000,76,2026-10-06,synthetic_demo,8000
KA-CRIME-0716,13.0000,76.5000,93,2026-10-06,synthetic_demo,8000
KA-CRIME-0717,13.0000,76.6000,93,2026-10-06,synthetic_demo,8000
KA-CRIME-0718,13.0000,76.7000,77,2026-10-06,synthetic_demo,8000
KA-CRIME-0719,13.0000,76.8000,21,2026-10-06,synthetic_demo,8000
KA-CRIME-0720,13.0000,76.9000,35,2026-10-06,synthetic_demo,8000
KA-CRIME-0721,13.0000,77.0000,47,2026-10-06,synthetic_demo,8000
KA-CRIME-0722,13.0000,77.1000,64,2026-10-06,synthetic_demo,8000
KA-CRIME-0723,13.0000,77.2000,30,2026-10-06,synthetic_demo,8000
KA-CRIME-0724,13.0000,77.3000,39,2026-10-06,synthetic_demo,8000
KA-CRIME-0725,13.0000,77.4000,79,2026-10-06,synthetic_demo,8000
KA-CRIME-0726,13.0000,77.5000,68,2026-10-06,synthetic_demo,8000
KA-CRIME-0727,13.0000,77.6000,39,2026-10-06,synthetic_demo,8000
KA-CRIME-0728,13.0000,77.7000,31,2026-10-06,synthetic_demo,8000
KA-CRIME-0729,13.0000,77.8000,79,2026-10-06,synthetic_demo,8000
KA-CRIME-0730,13.0000,77.9000,81,2026-10-06,synthetic_demo,8000
KA-CRIME-0731,13.0000,78.0000,70,2026-10-06,synthetic_demo,8000
KA-CRIME-0732,13.0000,78.1000,22,2026-10-06,synthetic_demo,8000
KA-CRIME-0733,13.0000,78.2000,25,2026-10-06,synthetic_demo,8000
KA-CRIME-0734,13.0000,78.3000,82,2026-10-06,synthetic_demo,8000
KA-CRIME-0735,13.0000,78.4000,17,2026-10-06,synthetic_demo,8000
KA-CRIME-0736,13.0000,78.5000,29,2026-10-06,synthetic_demo,8000
KA-CRIME-0737,13.1000,74.0000,24,2026-10-06,synthetic_demo,8000
KA-CRIME-0738,13.1000,74.1000,70,2026-10-06,synthetic_demo,8000
KA-CRIME-0739,13.1000,74.2000,24,2026-10-06,synthetic_demo,8000
KA-CRIME-0740,13.1000,74.3000,74,2026-10-06,synthetic_demo,8000
KA-CRIME-0741,13.1000,74.4000,61,2026-10-06,synthetic_demo,8000
KA-CRIME-0742,13.1000,74.5000,61,2026-10-06,synthetic_demo,8000
KA-CRIME-0743,13.1000,74.6000,17,2026-10-06,synthetic_demo,8000
KA-CRIME-0744,13.1000,74.7000,72,2026-10-06,synthetic_demo,8000
KA-CRIME-0745,13.1000,74.8000,47,2026-10-06,synthetic_demo,8000
KA-CRIME-0746,13.1000,74.9000,35,2026-10-06,synthetic_demo,8000
KA-CRIME-0747,13.1000,75.0000,39,2026-10-06,synthetic_demo,8000
KA-CRIME-0748,13.1000,75.1000,84,2026-10-06,synthetic_demo,8000
KA-CRIME-0749,13.1000,75.2000,23,2026-10-06,synthetic_demo,8000
KA-CRIME-0750,13.1000,75.3000,54,2026-10-06,synthetic_demo,8000
KA-CRIME-0751,13.1000,75.4000,54,2026-10-06,synthetic_demo,8000
KA-CRIME-0752,13.1000,75.5000,16,2026-10-06,synthetic_demo,8000
KA-CRIME-0753,13.1000,75.6000,87,2026-10-06,synthetic_demo,8000
KA-CRIME-0754,13.1000,75.7000,61,2026-10-06,synthetic_demo,8000
KA-CRIME-0755,13.1000,75.8000,93,2026-10-06,synthetic_demo,8000
KA-CRIME-0756,13.1000,75.9000,95,2026-10-06,synthetic_demo,8000
KA-CRIME-0757,13.1000,76.0000,51,2026-10-06,synthetic_demo,8000
KA-CRIME-0758,13.1000,76.1000,27,2026-10-06,synthetic_demo,8000
KA-CRIME-0759,13.1000,76.2000,53,2026-10-06,synthetic_demo,8000
KA-CRIME-0760,13.1000,76.3000,83,2026-10-06,synthetic_demo,8000
KA-CRIME-0761,13.1000,76.4000,83,2026-10-06,synthetic_demo,8000
KA-CRIME-0762,13.1000,76.5000,87,2026-10-06,synthetic_demo,8000
KA-CRIME-0763,13.1000,76.6000,28,2026-10-06,synthetic_demo,8000
KA-CRIME-0764,13.1000,76.7000,21,2026-10-06,synthetic_demo,8000
KA-CRIME-0765,13.1000,76.8000,22,2026-10-06,synthetic_demo,8000
KA-CRIME-0766,13.1000,76.9000,50,2026-10-06,synthetic_demo,8000
KA-CRIME-0767,13.1000,77.0000,39,2026-10-06,synthetic_demo,8000
KA-CRIME-0768,13.1000,77.1000,92,2026-10-06,synthetic_demo,8000
KA-CRIME-0769,13.1000,77.2000,21,2026-10-06,synthetic_demo,8000
KA-CRIME-0770,13.1000,77.3000,26,2026-10-06,synthetic_demo,8000
KA-CRIME-0771,13.1000,77.4000,76,2026-10-06,synthetic_demo,8000
KA-CRIME-0772,13.1000,77.5000,73,2026-10-06,synthetic_demo,8000
KA-CRIME-0773,13.1000,77.6000,38,2026-10-06,synthetic_demo,8000
KA-CRIME-0774,13.1000,77.7000,49,2026-10-06,synthetic_demo,8000
KA-CRIME-0775,13.1000,77.8000,42,2026-10-06,synthetic_demo,8000
KA-CRIME-0776,13.1000,77.9000,48,2026-10-06,synthetic_demo,8000
KA-CRIME-0777,13.1000,78.0000,24,2026-10-06,synthetic_demo,8000
KA-CRIME-0778,13.1000,78.1000,53,2026-10-06,synthetic_demo,8000
KA-CRIME-0779,13.1000,78.2000,75,2026-10-06,synthetic_demo,8000
KA-CRIME-0780,13.1000,78.3000,91,2026-10-06,synthetic_demo,8000
KA-CRIME-0781,13.1000,78.4000,89,2026-10-06,synthetic_demo,8000
KA-CRIME-0782,13.1000,78.5000,52,2026-10-06,synthetic_demo,8000
KA-CRIME-0783,13.2000,74.0000,18,2026-10-06,synthetic_demo,8000
KA-CRIME-0784,13.2000,74.1000,90,2026-10-06,synthetic_demo,8000
KA-CRIME-0785,13.2000,74.2000,44,2026-10-06,synthetic_demo,8000
KA-CRIME-0786,13.2000,74.3000,77,2026-10-06,synthetic_demo,8000
KA-CRIME-0787,13.2000,74.4000,25,2026-10-06,synthetic_demo,8000
KA-CRIME-0788,13.2000,74.5000,65,2026-10-06,synthetic_demo,8000
KA-CRIME-0789,13.2000,74.6000,44,2026-10-06,synthetic_demo,8000
KA-CRIME-0790,13.2000,74.7000,69,2026-10-06,synthetic_demo,8000
KA-CRIME-0791,13.2000,74.8000,32,2026-10-06,synthetic_demo,8000
KA-CRIME-0792,13.2000,74.9000,87,2026-10-06,synthetic_demo,8000
KA-CRIME-0793,13.2000,75.0000,43,2026-10-06,synthetic_demo,8000
KA-CRIME-0794,13.2000,75.1000,55,2026-10-06,synthetic_demo,8000
KA-CRIME-0795,13.2000,75.2000,51,2026-10-06,synthetic_demo,8000
KA-CRIME-0796,13.2000,75.3000,56,2026-10-06,synthetic_demo,8000
KA-CRIME-0797,13.2000,75.4000,28,2026-10-06,synthetic_demo,8000
KA-CRIME-0798,13.2000,75.5000,33,2026-10-06,synthetic_demo,8000
KA-CRIME-0799,13.2000,75.6000,46,2026-10-06,synthetic_demo,8000
KA-CRIME-0800,13.2000,75.7000,57,2026-10-06,synthetic_demo,8000
KA-CRIME-0801,13.2000,75.8000,20,2026-10-06,synthetic_demo,8000
KA-CRIME-0802,13.2000,75.9000,36,2026-10-06,synthetic_demo,8000
KA-CRIME-0803,13.2000,76.0000,95,2026-10-06,synthetic_demo,8000
KA-CRIME-0804,13.2000,76.1000,56,2026-10-06,synthetic_demo,8000
KA-CRIME-0805,13.2000,76.2000,74,2026-10-06,synthetic_demo,8000
KA-CRIME-0806,13.2000,76.3000,84,2026-10-06,synthetic_demo,8000
KA-CRIME-0807,13.2000,76.4000,24,2026-10-06,synthetic_demo,8000
KA-CRIME-0808,13.2000,76.5000,21,2026-10-06,synthetic_demo,8000
KA-CRIME-0809,13.2000,76.6000,94,2026-10-06,synthetic_demo,8000
KA-CRIME-0810,13.2000,76.7000,53,2026-10-06,synthetic_demo,8000
KA-CRIME-0811,13.2000,76.8000,71,2026-10-06,synthetic_demo,8000
KA-CRIME-0812,13.2000,76.9000,58,2026-10-06,synthetic_demo,8000
KA-CRIME-0813,13.2000,77.0000,71,2026-10-06,synthetic_demo,8000
KA-CRIME-0814,13.2000,77.1000,18,2026-10-06,synthetic_demo,8000
KA-CRIME-0815,13.2000,77.2000,43,2026-10-06,synthetic_demo,8000
KA-CRIME-0816,13.2000,77.3000,28,2026-10-06,synthetic_demo,8000
KA-CRIME-0817,13.2000,77.4000,52,2026-10-06,synthetic_demo,8000
KA-CRIME-0818,13.2000,77.5000,36,2026-10-06,synthetic_demo,8000
KA-CRIME-0819,13.2000,77.6000,35,2026-10-06,synthetic_demo,8000
KA-CRIME-0820,13.2000,77.7000,38,2026-10-06,synthetic_demo,8000
KA-CRIME-0821,13.2000,77.8000,68,2026-10-06,synthetic_demo,8000
KA-CRIME-0822,13.2000,77.9000,53,2026-10-06,synthetic_demo,8000
KA-CRIME-0823,13.2000,78.0000,65,2026-10-06,synthetic_demo,8000
KA-CRIME-0824,13.2000,78.1000,80,2026-10-06,synthetic_demo,8000
KA-CRIME-0825,13.2000,78.2000,77,2026-10-06,synthetic_demo,8000
KA-CRIME-0826,13.2000,78.3000,69,2026-10-06,synthetic_demo,8000
KA-CRIME-0827,13.2000,78.4000,16,2026-10-06,synthetic_demo,8000
KA-CRIME-0828,13.2000,78.5000,17,2026-10-06,synthetic_demo,8000
KA-CRIME-0829,13.3000,74.0000,82,2026-10-06,synthetic_demo,8000
KA-CRIME-0830,13.3000,74.1000,31,2026-10-06,synthetic_demo,8000
KA-CRIME-0831,13.3000,74.2000,61,2026-10-06,synthetic_demo,8000
KA-CRIME-0832,13.3000,74.3000,56,2026-10-06,synthetic_demo,8000
KA-CRIME-0833,13.3000,74.4000,86,2026-10-06,synthetic_demo,8000
KA-CRIME-0834,13.3000,74.5000,51,2026-10-06,synthetic_demo,8000
KA-CRIME-0835,13.3000,74.6000,49,2026-10-06,synthetic_demo,8000
KA-CRIME-0836,13.3000,74.7000,76,2026-10-06,synthetic_demo,8000
KA-CRIME-0837,13.3000,74.8000,30,2026-10-06,synthetic_demo,8000
KA-CRIME-0838,13.3000,74.9000,61,2026-10-06,synthetic_demo,8000
KA-CRIME-0839,13.3000,75.0000,31,2026-10-06,synthetic_demo,8000
KA-CRIME-0840,13.3000,75.1000,31,2026-10-06,synthetic_demo,8000
KA-CRIME-0841,13.3000,75.2000,35,2026-10-06,synthetic_demo,8000
KA-CRIME-0842,13.3000,75.3000,37,2026-10-06,synthetic_demo,8000
KA-CRIME-0843,13.3000,75.4000,85,2026-10-06,synthetic_demo,8000
KA-CRIME-0844,13.3000,75.5000,45,2026-10-06,synthetic_demo,8000
KA-CRIME-0845,13.3000,75.6000,23,2026-10-06,synthetic_demo,8000
KA-CRIME-0846,13.3000,75.7000,52,2026-10-06,synthetic_demo,8000
KA-CRIME-0847,13.3000,75.8000,18,2026-10-06,synthetic_demo,8000
KA-CRIME-0848,13.3000,75.9000,91,2026-10-06,synthetic_demo,8000
KA-CRIME-0849,13.3000,76.0000,40,2026-10-06,synthetic_demo,8000
KA-CRIME-0850,13.3000,76.1000,28,2026-10-06,synthetic_demo,8000
KA-CRIME-0851,13.3000,76.2000,23,2026-10-06,synthetic_demo,8000
KA-CRIME-0852,13.3000,76.3000,46,2026-10-06,synthetic_demo,8000
KA-CRIME-0853,13.3000,76.4000,56,2026-10-06,synthetic_demo,8000
KA-CRIME-0854,13.3000,76.5000,51,2026-10-06,synthetic_demo,8000
KA-CRIME-0855,13.3000,76.6000,43,2026-10-06,synthetic_demo,8000
KA-CRIME-0856,13.3000,76.7000,39,2026-10-06,synthetic_demo,8000
KA-CRIME-0857,13.3000,76.8000,40,2026-10-06,synthetic_demo,8000
KA-CRIME-0858,13.3000,76.9000,83,2026-10-06,synthetic_demo,8000
KA-CRIME-0859,13.3000,77.0000,17,2026-10-06,synthetic_demo,8000
KA-CRIME-0860,13.3000,77.1000,16,2026-10-06,synthetic_demo,8000
KA-CRIME-0861,13.3000,77.2000,44,2026-10-06,synthetic_demo,8000
KA-CRIME-0862,13.3000,77.3000,80,2026-10-06,synthetic_demo,8000
KA-CRIME-0863,13.3000,77.4000,79,2026-10-06,synthetic_demo,8000
KA-CRIME-0864,13.3000,77.5000,52,2026-10-06,synthetic_demo,8000
KA-CRIME-0865,13.3000,77.6000,74,2026-10-06,synthetic_demo,8000
KA-CRIME-0866,13.3000,77.7000,76,2026-10-06,synthetic_demo,8000
KA-CRIME-0867,13.3000,77.8000,47,2026-10-06,synthetic_demo,8000
KA-CRIME-0868,13.3000,77.9000,29,2026-10-06,synthetic_demo,8000
KA-CRIME-0869,13.3000,78.0000,25,2026-10-06,synthetic_demo,8000
KA-CRIME-0870,13.3000,78.1000,82,2026-10-06,synthetic_demo,8000
KA-CRIME-0871,13.3000,78.2000,18,2026-10-06,synthetic_demo,8000
KA-CRIME-0872,13.3000,78.3000,89,2026-10-06,synthetic_demo,8000
KA-CRIME-0873,13.3000,78.4000,31,2026-10-06,synthetic_demo,8000
KA-CRIME-0874,13.3000,78.5000,67,2026-10-06,synthetic_demo,8000
KA-CRIME-0875,13.4000,74.0000,88,2026-10-06,synthetic_demo,8000
KA-CRIME-0876,13.4000,74.1000,60,2026-10-06,synthetic_demo,8000
KA-CRIME-0877,13.4000,74.2000,80,2026-10-06,synthetic_demo,8000
KA-CRIME-0878,13.4000,74.3000,42,2026-10-06,synthetic_demo,8000
KA-CRIME-0879,13.4000,74.4000,57,2026-10-06,synthetic_demo,8000
KA-CRIME-0880,13.4000,74.5000,73,2026-10-06,synthetic_demo,8000
KA-CRIME-0881,13.4000,74.6000,65,2026-10-06,synthetic_demo,8000
KA-CRIME-0882,13.4000,74.7000,21,2026-10-06,synthetic_demo,8000
KA-CRIME-0883,13.4000,74.8000,78,2026-10-06,synthetic_demo,8000
KA-CRIME-0884,13.4000,74.9000,47,2026-10-06,synthetic_demo,8000
KA-CRIME-0885,13.4000,75.0000,85,2026-10-06,synthetic_demo,8000
KA-CRIME-0886,13.4000,75.1000,51,2026-10-06,synthetic_demo,8000
KA-CRIME-0887,13.4000,75.2000,55,2026-10-06,synthetic_demo,8000
KA-CRIME-0888,13.4000,75.3000,82,2026-10-06,synthetic_demo,8000
KA-CRIME-0889,13.4000,75.4000,32,2026-10-06,synthetic_demo,8000
KA-CRIME-0890,13.4000,75.5000,53,2026-10-06,synthetic_demo,8000
KA-CRIME-0891,13.4000,75.6000,39,2026-10-06,synthetic_demo,8000
KA-CRIME-0892,13.4000,75.7000,74,2026-10-06,synthetic_demo,8000
KA-CRIME-0893,13.4000,75.8000,19,2026-10-06,synthetic_demo,8000
KA-CRIME-0894,13.4000,75.9000,56,2026-10-06,synthetic_demo,8000
KA-CRIME-0895,13.4000,76.0000,18,2026-10-06,synthetic_demo,8000
KA-CRIME-0896,13.4000,76.1000,51,2026-10-06,synthetic_demo,8000
KA-CRIME-0897,13.4000,76.2000,44,2026-10-06,synthetic_demo,8000
KA-CRIME-0898,13.4000,76.3000,22,2026-10-06,synthetic_demo,8000
KA-CRIME-0899,13.4000,76.4000,55,2026-10-06,synthetic_demo,8000
KA-CRIME-0900,13.4000,76.5000,75,2026-10-06,synthetic_demo,8000
KA-CRIME-0901,13.4000,76.6000,74,2026-10-06,synthetic_demo,8000
KA-CRIME-0902,13.4000,76.7000,90,2026-10-06,synthetic_demo,8000
KA-CRIME-0903,13.4000,76.8000,80,2026-10-06,synthetic_demo,8000
KA-CRIME-0904,13.4000,76.9000,27,2026-10-06,synthetic_demo,8000
KA-CRIME-0905,13.4000,77.0000,16,2026-10-06,synthetic_demo,8000
KA-CRIME-0906,13.4000,77.1000,43,2026-10-06,synthetic_demo,8000
KA-CRIME-0907,13.4000,77.2000,81,2026-10-06,synthetic_demo,8000
KA-CRIME-0908,13.4000,77.3000,52,2026-10-06,synthetic_demo,8000
KA-CRIME-0909,13.4000,77.4000,55,2026-10-06,synthetic_demo,8000
KA-CRIME-0910,13.4000,77.5000,72,2026-10-06,synthetic_demo,8000
KA-CRIME-0911,13.4000,77.6000,78,2026-10-06,synthetic_demo,8000
KA-CRIME-0912,13.4000,77.7000,47,2026-10-06,synthetic_demo,8000
KA-CRIME-0913,13.4000,77.8000,89,2026-10-06,synthetic_demo,8000
KA-CRIME-0914,13.4000,77.9000,87,2026-10-06,synthetic_demo,8000
KA-CRIME-0915,13.4000,78.0000,49,2026-10-06,synthetic_demo,8000
KA-CRIME-0916,13.4000,78.1000,52,2026-10-06,synthetic_demo,8000
KA-CRIME-0917,13.4000,78.2000,59,2026-10-06,synthetic_demo,8000
KA-CRIME-0918,13.4000,78.3000,60,2026-10-06,synthetic_demo,8000
KA-CRIME-0919,13.4000,78.4000,39,2026-10-06,synthetic_demo,8000
KA-CRIME-0920,13.4000,78.5000,22,2026-10-06,synthetic_demo,8000
KA-CRIME-0921,13.5000,74.0000,85,2026-10-06,synthetic_demo,8000
KA-CRIME-0922,13.5000,74.1000,38,2026-10-06,synthetic_demo,8000
KA-CRIME-0923,13.5000,74.2000,58,2026-10-06,synthetic_demo,8000
KA-CRIME-0924,13.5000,74.3000,42,2026-10-06,synthetic_demo,8000
KA-CRIME-0925,13.5000,74.4000,27,2026-10-06,synthetic_demo,8000
KA-CRIME-0926,13.5000,74.5000,58,2026-10-06,synthetic_demo,8000
KA-CRIME-0927,13.5000,74.6000,89,2026-10-06,synthetic_demo,8000
KA-CRIME-0928,13.5000,74.7000,78,2026-10-06,synthetic_demo,8000
KA-CRIME-0929,13.5000,74.8000,58,2026-10-06,synthetic_demo,8000
KA-CRIME-0930,13.5000,74.9000,81,2026-10-06,synthetic_demo,8000
KA-CRIME-0931,13.5000,75.0000,71,2026-10-06,synthetic_demo,8000
KA-CRIME-0932,13.5000,75.1000,78,2026-10-06,synthetic_demo,8000
KA-CRIME-0933,13.5000,75.2000,79,2026-10-06,synthetic_demo,8000
KA-CRIME-0934,13.5000,75.3000,85,2026-10-06,synthetic_demo,8000
KA-CRIME-0935,13.5000,75.4000,86,2026-10-06,synthetic_demo,8000
KA-CRIME-0936,13.5000,75.5000,50,2026-10-06,synthetic_demo,8000
KA-CRIME-0937,13.5000,75.6000,58,2026-10-06,synthetic_demo,8000
KA-CRIME-0938,13.5000,75.7000,25,2026-10-06,synthetic_demo,8000
KA-CRIME-0939,13.5000,75.8000,80,2026-10-06,synthetic_demo,8000
KA-CRIME-0940,13.5000,75.9000,78,2026-10-06,synthetic_demo,8000
KA-CRIME-0941,13.5000,76.0000,90,2026-10-06,synthetic_demo,8000
KA-CRIME-0942,13.5000,76.1000,36,2026-10-06,synthetic_demo,8000
KA-CRIME-0943,13.5000,76.2000,88,2026-10-06,synthetic_demo,8000
KA-CRIME-0944,13.5000,76.3000,19,2026-10-06,synthetic_demo,8000
KA-CRIME-0945,13.5000,76.4000,46,2026-10-06,synthetic_demo,8000
KA-CRIME-0946,13.5000,76.5000,31,2026-10-06,synthetic_demo,8000
KA-CRIME-0947,13.5000,76.6000,69,2026-10-06,synthetic_demo,8000
KA-CRIME-0948,13.5000,76.7000,50,2026-10-06,synthetic_demo,8000
KA-CRIME-0949,13.5000,76.8000,18,2026-10-06,synthetic_demo,8000
KA-CRIME-0950,13.5000,76.9000,94,2026-10-06,synthetic_demo,8000
KA-CRIME-0951,13.5000,77.0000,28,2026-10-06,synthetic_demo,8000
KA-CRIME-0952,13.5000,77.1000,81,2026-10-06,synthetic_demo,8000
KA-CRIME-0953,13.5000,77.2000,45,2026-10-06,synthetic_demo,8000
KA-CRIME-0954,13.5000,77.3000,30,2026-10-06,synthetic_demo,8000
KA-CRIME-0955,13.5000,77.4000,21,2026-10-06,synthetic_demo,8000
KA-CRIME-0956,13.5000,77.5000,20,2026-10-06,synthetic_demo,8000
KA-CRIME-0957,13.5000,77.6000,68,2026-10-06,synthetic_demo,8000
KA-CRIME-0958,13.5000,77.7000,41,2026-10-06,synthetic_demo,8000
KA-CRIME-0959,13.5000,77.8000,54,2026-10-06,synthetic_demo,8000
KA-CRIME-0960,13.5000,77.9000,35,2026-10-06,synthetic_demo,8000
KA-CRIME-0961,13.5000,78.0000,54,2026-10-06,synthetic_demo,8000
KA-CRIME-0962,13.5000,78.1000,24,2026-10-06,synthetic_demo,8000
KA-CRIME-0963,13.5000,78.2000,86,2026-10-06,synthetic_demo,8000
KA-CRIME-0964,13.5000,78.3000,25,2026-10-06,synthetic_demo,8000
KA-CRIME-0965,13.5000,78.4000,88,2026-10-06,synthetic_demo,8000
KA-CRIME-0966,13.5000,78.5000,31,2026-10-06,synthetic_demo,8000
KA-CRIME-0967,13.6000,74.0000,76,2026-10-06,synthetic_demo,8000
KA-CRIME-0968,13.6000,74.1000,65,2026-10-06,synthetic_demo,8000
KA-CRIME-0969,13.6000,74.2000,33,2026-10-06,synthetic_demo,8000
KA-CRIME-0970,13.6000,74.3000,67,2026-10-06,synthetic_demo,8000
KA-CRIME-0971,13.6000,74.4000,78,2026-10-06,synthetic_demo,8000
KA-CRIME-0972,13.6000,74.5000,16,2026-10-06,synthetic_demo,8000
KA-CRIME-0973,13.6000,74.6000,63,2026-10-06,synthetic_demo,8000
KA-CRIME-0974,13.6000,74.7000,44,2026-10-06,synthetic_demo,8000
KA-CRIME-0975,13.6000,74.8000,54,2026-10-06,synthetic_demo,8000
KA-CRIME-0976,13.6000,74.9000,83,2026-10-06,synthetic_demo,8000
KA-CRIME-0977,13.6000,75.0000,88,2026-10-06,synthetic_demo,8000
KA-CRIME-0978,13.6000,75.1000,19,2026-10-06,synthetic_demo,8000
KA-CRIME-0979,13.6000,75.2000,58,2026-10-06,synthetic_demo,8000
KA-CRIME-0980,13.6000,75.3000,55,2026-10-06,synthetic_demo,8000
KA-CRIME-0981,13.6000,75.4000,56,2026-10-06,synthetic_demo,8000
KA-CRIME-0982,13.6000,75.5000,18,2026-10-06,synthetic_demo,8000
KA-CRIME-0983,13.6000,75.6000,88,2026-10-06,synthetic_demo,8000
KA-CRIME-0984,13.6000,75.7000,93,2026-10-06,synthetic_demo,8000
KA-CRIME-0985,13.6000,75.8000,29,2026-10-06,synthetic_demo,8000
KA-CRIME-0986,13.6000,75.9000,43,2026-10-06,synthetic_demo,8000
KA-CRIME-0987,13.6000,76.0000,95,2026-10-06,synthetic_demo,8000
KA-CRIME-0988,13.6000,76.1000,52,2026-10-06,synthetic_demo,8000
KA-CRIME-0989,13.6000,76.2000,58,2026-10-06,synthetic_demo,8000
KA-CRIME-0990,13.6000,76.3000,50,2026-10-06,synthetic_demo,8000
KA-CRIME-0991,13.6000,76.4000,20,2026-10-06,synthetic_demo,8000
KA-CRIME-0992,13.6000,76.5000,86,2026-10-06,synthetic_demo,8000
KA-CRIME-0993,13.6000,76.6000,50,2026-10-06,synthetic_demo,8000
KA-CRIME-0994,13.6000,76.7000,26,2026-10-06,synthetic_demo,8000
KA-CRIME-0995,13.6000,76.8000,49,2026-10-06,synthetic_demo,8000
KA-CRIME-0996,13.6000,76.9000,34,2026-10-06,synthetic_demo,8000
KA-CRIME-0997,13.6000,77.0000,62,2026-10-06,synthetic_demo,8000
KA-CRIME-0998,13.6000,77.1000,42,2026-10-06,synthetic_demo,8000
KA-CRIME-0999,13.6000,77.2000,59,2026-10-06,synthetic_demo,8000
KA-CRIME-1000,13.6000,77.3000,32,2026-10-06,synthetic_demo,8000
KA-CRIME-1001,13.6000,77.4000,16,2026-10-06,synthetic_demo,8000
KA-CRIME-1002,13.6000,77.5000,43,2026-10-06,synthetic_demo,8000
KA-CRIME-1003,13.6000,77.6000,22,2026-10-06,synthetic_demo,8000
KA-CRIME-1004,13.6000,77.7000,31,2026-10-06,synthetic_demo,8000
KA-CRIME-1005,13.6000,77.8000,52,2026-10-06,synthetic_demo,8000
KA-CRIME-1006,13.6000,77.9000,41,2026-10-06,synthetic_demo,8000
KA-CRIME-1007,13.6000,78.0000,40,2026-10-06,synthetic_demo,8000
KA-CRIME-1008,13.6000,78.1000,47,2026-10-06,synthetic_demo,8000
KA-CRIME-1009,13.6000,78.2000,44,2026-10-06,synthetic_demo,8000
KA-CRIME-1010,13.6000,78.3000,64,2026-10-06,synthetic_demo,8000
KA-CRIME-1011,13.6000,78.4000,95,2026-10-06,synthetic_demo,8000
KA-CRIME-1012,13.6000,78.5000,39,2026-10-06,synthetic_demo,8000
KA-CRIME-1013,13.7000,74.0000,37,2026-10-06,synthetic_demo,8000
KA-CRIME-1014,13.7000,74.1000,90,2026-10-06,synthetic_demo,8000
KA-CRIME-1015,13.7000,74.2000,45,2026-10-06,synthetic_demo,8000
KA-CRIME-1016,13.7000,74.3000,52,2026-10-06,synthetic_demo,8000
KA-CRIME-1017,13.7000,74.4000,81,2026-10-06,synthetic_demo,8000
KA-CRIME-1018,13.7000,74.5000,19,2026-10-06,synthetic_demo,8000
KA-CRIME-1019,13.7000,74.6000,93,2026-10-06,synthetic_demo,8000
KA-CRIME-1020,13.7000,74.7000,74,2026-10-06,synthetic_demo,8000
KA-CRIME-1021,13.7000,74.8000,73,2026-10-06,synthetic_demo,8000
KA-CRIME-1022,13.7000,74.9000,46,2026-10-06,synthetic_demo,8000
KA-CRIME-1023,13.7000,75.0000,70,2026-10-06,synthetic_demo,8000
KA-CRIME-1024,13.7000,75.1000,47,2026-10-06,synthetic_demo,8000
KA-CRIME-1025,13.7000,75.2000,63,2026-10-06,synthetic_demo,8000
KA-CRIME-1026,13.7000,75.3000,55,2026-10-06,synthetic_demo,8000
KA-CRIME-1027,13.7000,75.4000,60,2026-10-06,synthetic_demo,8000
KA-CRIME-1028,13.7000,75.5000,36,2026-10-06,synthetic_demo,8000
KA-CRIME-1029,13.7000,75.6000,55,2026-10-06,synthetic_demo,8000
KA-CRIME-1030,13.7000,75.7000,71,2026-10-06,synthetic_demo,8000
KA-CRIME-1031,13.7000,75.8000,39,2026-10-06,synthetic_demo,8000
KA-CRIME-1032,13.7000,75.9000,29,2026-10-06,synthetic_demo,8000
KA-CRIME-1033,13.7000,76.0000,95,2026-10-06,synthetic_demo,8000
KA-CRIME-1034,13.7000,76.1000,33,2026-10-06,synthetic_demo,8000
KA-CRIME-1035,13.7000,76.2000,42,2026-10-06,synthetic_demo,8000
KA-CRIME-1036,13.7000,76.3000,57,2026-10-06,synthetic_demo,8000
KA-CRIME-1037,13.7000,76.4000,15,2026-10-06,synthetic_demo,8000
KA-CRIME-1038,13.7000,76.5000,86,2026-10-06,synthetic_demo,8000
KA-CRIME-1039,13.7000,76.6000,74,2026-10-06,synthetic_demo,8000
KA-CRIME-1040,13.7000,76.7000,47,2026-10-06,synthetic_demo,8000
KA-CRIME-1041,13.7000,76.8000,72,2026-10-06,synthetic_demo,8000
KA-CRIME-1042,13.7000,76.9000,33,2026-10-06,synthetic_demo,8000
KA-CRIME-1043,13.7000,77.0000,68,2026-10-06,synthetic_demo,8000
KA-CRIME-1044,13.7000,77.1000,90,2026-10-06,synthetic_demo,8000
KA-CRIME-1045,13.7000,77.2000,55,2026-10-06,synthetic_demo,8000
KA-CRIME-1046,13.7000,77.3000,15,2026-10-06,synthetic_demo,8000
KA-CRIME-1047,13.7000,77.4000,57,2026-10-06,synthetic_demo,8000
KA-CRIME-1048,13.7000,77.5000,19,2026-10-06,synthetic_demo,8000
KA-CRIME-1049,13.7000,77.6000,46,2026-10-06,synthetic_demo,8000
KA-CRIME-1050,13.7000,77.7000,52,2026-10-06,synthetic_demo,8000
KA-CRIME-1051,13.7000,77.8000,63,2026-10-06,synthetic_demo,8000
KA-CRIME-1052,13.7000,77.9000,81,2026-10-06,synthetic_demo,8000
KA-CRIME-1053,13.7000,78.0000,87,2026-10-06,synthetic_demo,8000
KA-CRIME-1054,13.7000,78.1000,57,2026-10-06,synthetic_demo,8000
KA-CRIME-1055,13.7000,78.2000,31,2026-10-06,synthetic_demo,8000
KA-CRIME-1056,13.7000,78.3000,41,2026-10-06,synthetic_demo,8000
KA-CRIME-1057,13.7000,78.4000,16,2026-10-06,synthetic_demo,8000
KA-CRIME-1058,13.7000,78.5000,79,2026-10-06,synthetic_demo,8000
KA-CRIME-1059,13.8000,74.0000,59,2026-10-06,synthetic_demo,8000
KA-CRIME-1060,13.8000,74.1000,83,2026-10-06,synthetic_demo,8000
KA-CRIME-1061,13.8000,74.2000,17,2026-10-06,synthetic_demo,8000
KA-CRIME-1062,13.8000,74.3000,95,2026-10-06,synthetic_demo,8000
KA-CRIME-1063,13.8000,74.4000,34,2026-10-06,synthetic_demo,8000
KA-CRIME-1064,13.8000,74.5000,48,2026-10-06,synthetic_demo,8000
KA-CRIME-1065,13.8000,74.6000,24,2026-10-06,synthetic_demo,8000
KA-CRIME-1066,13.8000,74.7000,49,2026-10-06,synthetic_demo,8000
KA-CRIME-1067,13.8000,74.8000,34,2026-10-06,synthetic_demo,8000
KA-CRIME-1068,13.8000,74.9000,43,2026-10-06,synthetic_demo,8000
KA-CRIME-1069,13.8000,75.0000,57,2026-10-06,synthetic_demo,8000
KA-CRIME-1070,13.8000,75.1000,28,2026-10-06,synthetic_demo,8000
KA-CRIME-1071,13.8000,75.2000,62,2026-10-06,synthetic_demo,8000
KA-CRIME-1072,13.8000,75.3000,64,2026-10-06,synthetic_demo,8000
KA-CRIME-1073,13.8000,75.4000,29,2026-10-06,synthetic_demo,8000
KA-CRIME-1074,13.8000,75.5000,56,2026-10-06,synthetic_demo,8000
KA-CRIME-1075,13.8000,75.6000,65,2026-10-06,synthetic_demo,8000
KA-CRIME-1076,13.8000,75.7000,87,2026-10-06,synthetic_demo,8000
KA-CRIME-1077,13.8000,75.8000,32,2026-10-06,synthetic_demo,8000
KA-CRIME-1078,13.8000,75.9000,41,2026-10-06,synthetic_demo,8000
KA-CRIME-1079,13.8000,76.0000,20,2026-10-06,synthetic_demo,8000
KA-CRIME-1080,13.8000,76.1000,39,2026-10-06,synthetic_demo,8000
KA-CRIME-1081,13.8000,76.2000,88,2026-10-06,synthetic_demo,8000
KA-CRIME-1082,13.8000,76.3000,89,2026-10-06,synthetic_demo,8000
KA-CRIME-1083,13.8000,76.4000,62,2026-10-06,synthetic_demo,8000
KA-CRIME-1084,13.8000,76.5000,86,2026-10-06,synthetic_demo,8000
KA-CRIME-1085,13.8000,76.6000,56,2026-10-06,synthetic_demo,8000
KA-CRIME-1086,13.8000,76.7000,24,2026-10-06,synthetic_demo,8000
KA-CRIME-1087,13.8000,76.8000,59,2026-10-06,synthetic_demo,8000
KA-CRIME-1088,13.8000,76.9000,88,2026-10-06,synthetic_demo,8000
KA-CRIME-1089,13.8000,77.0000,70,2026-10-06,synthetic_demo,8000
KA-CRIME-1090,13.8000,77.1000,24,2026-10-06,synthetic_demo,8000
KA-CRIME-1091,13.8000,77.2000,46,2026-10-06,synthetic_demo,8000
KA-CRIME-1092,13.8000,77.3000,45,2026-10-06,synthetic_demo,8000
KA-CRIME-1093,13.8000,77.4000,82,2026-10-06,synthetic_demo,8000
KA-CRIME-1094,13.8000,77.5000,38,2026-10-06,synthetic_demo,8000
KA-CRIME-1095,13.8000,77.6000,85,2026-10-06,synthetic_demo,8000
KA-CRIME-1096,13.8000,77.7000,16,2026-10-06,synthetic_demo,8000
KA-CRIME-1097,13.8000,77.8000,30,2026-10-06,synthetic_demo,8000
KA-CRIME-1098,13.8000,77.9000,87,2026-10-06,synthetic_demo,8000
KA-CRIME-1099,13.8000,78.0000,22,2026-10-06,synthetic_demo,8000
KA-CRIME-1100,13.8000,78.1000,15,2026-10-06,synthetic_demo,8000
KA-CRIME-1101,13.8000,78.2000,64,2026-10-06,synthetic_demo,8000
KA-CRIME-1102,13.8000,78.3000,27,2026-10-06,synthetic_demo,8000
KA-CRIME-1103,13.8000,78.4000,72,2026-10-06,synthetic_demo,8000
KA-CRIME-1104,13.8000,78.5000,85,2026-10-06,synthetic_demo,8000
KA-CRIME-1105,13.9000,74.0000,91,2026-10-06,synthetic_demo,8000
KA-CRIME-1106,13.9000,74.1000,45,2026-10-06,synthetic_demo,8000
KA-CRIME-1107,13.9000,74.2000,88,2026-10-06,synthetic_demo,8000
KA-CRIME-1108,13.9000,74.3000,91,2026-10-06,synthetic_demo,8000
KA-CRIME-1109,13.9000,74.4000,23,2026-10-06,synthetic_demo,8000
KA-CRIME-1110,13.9000,74.5000,19,2026-10-06,synthetic_demo,8000
KA-CRIME-1111,13.9000,74.6000,30,2026-10-06,synthetic_demo,8000
KA-CRIME-1112,13.9000,74.7000,26,2026-10-06,synthetic_demo,8000
KA-CRIME-1113,13.9000,74.8000,26,2026-10-06,synthetic_demo,8000
KA-CRIME-1114,13.9000,74.9000,77,2026-10-06,synthetic_demo,8000
KA-CRIME-1115,13.9000,75.0000,16,2026-10-06,synthetic_demo,8000
KA-CRIME-1116,13.9000,75.1000,69,2026-10-06,synthetic_demo,8000
KA-CRIME-1117,13.9000,75.2000,56,2026-10-06,synthetic_demo,8000
KA-CRIME-1118,13.9000,75.3000,61,2026-10-06,synthetic_demo,8000
KA-CRIME-1119,13.9000,75.4000,27,2026-10-06,synthetic_demo,8000
KA-CRIME-1120,13.9000,75.5000,89,2026-10-06,synthetic_demo,8000
KA-CRIME-1121,13.9000,75.6000,95,2026-10-06,synthetic_demo,8000
KA-CRIME-1122,13.9000,75.7000,45,2026-10-06,synthetic_demo,8000
KA-CRIME-1123,13.9000,75.8000,59,2026-10-06,synthetic_demo,8000
KA-CRIME-1124,13.9000,75.9000,92,2026-10-06,synthetic_demo,8000
KA-CRIME-1125,13.9000,76.0000,38,2026-10-06,synthetic_demo,8000
KA-CRIME-1126,13.9000,76.1000,43,2026-10-06,synthetic_demo,8000
KA-CRIME-1127,13.9000,76.2000,53,2026-10-06,synthetic_demo,8000
KA-CRIME-1128,13.9000,76.3000,87,2026-10-06,synthetic_demo,8000
KA-CRIME-1129,13.9000,76.4000,58,2026-10-06,synthetic_demo,8000
KA-CRIME-1130,13.9000,76.5000,56,2026-10-06,synthetic_demo,8000
KA-CRIME-1131,13.9000,76.6000,18,2026-10-06,synthetic_demo,8000
KA-CRIME-1132,13.9000,76.7000,71,2026-10-06,synthetic_demo,8000
KA-CRIME-1133,13.9000,76.8000,30,2026-10-06,synthetic_demo,8000
KA-CRIME-1134,13.9000,76.9000,35,2026-10-06,synthetic_demo,8000
KA-CRIME-1135,13.9000,77.0000,64,2026-10-06,synthetic_demo,8000
KA-CRIME-1136,13.9000,77.1000,46,2026-10-06,synthetic_demo,8000
KA-CRIME-1137,13.9000,77.2000,62,2026-10-06,synthetic_demo,8000
KA-CRIME-1138,13.9000,77.3000,63,2026-10-06,synthetic_demo,8000
KA-CRIME-1139,13.9000,77.4000,67,2026-10-06,synthetic_demo,8000
KA-CRIME-1140,13.9000,77.5000,52,2026-10-06,synthetic_demo,8000
KA-CRIME-1141,13.9000,77.6000,81,2026-10-06,synthetic_demo,8000
KA-CRIME-1142,13.9000,77.7000,47,2026-10-06,synthetic_demo,8000
KA-CRIME-1143,13.9000,77.8000,35,2026-10-06,synthetic_demo,8000
KA-CRIME-1144,13.9000,77.9000,29,2026-10-06,synthetic_demo,8000
KA-CRIME-1145,13.9000,78.0000,16,2026-10-06,synthetic_demo,8000
KA-CRIME-1146,13.9000,78.1000,85,2026-10-06,synthetic_demo,8000
KA-CRIME-1147,13.9000,78.2000,46,2026-10-06,synthetic_demo,8000
KA-CRIME-1148,13.9000,78.3000,49,2026-10-06,synthetic_demo,8000
KA-CRIME-1149,13.9000,78.4000,65,2026-10-06,synthetic_demo,8000
KA-CRIME-1150,13.9000,78.5000,33,2026-10-06,synthetic_demo,8000
KA-CRIME-1151,14.0000,74.0000,82,2026-10-06,synthetic_demo,8000
KA-CRIME-1152,14.0000,74.1000,66,2026-10-06,synthetic_demo,8000
KA-CRIME-1153,14.0000,74.2000,81,2026-10-06,synthetic_demo,8000
KA-CRIME-1154,14.0000,74.3000,16,2026-10-06,synthetic_demo,8000
KA-CRIME-1155,14.0000,74.4000,26,2026-10-06,synthetic_demo,8000
KA-CRIME-1156,14.0000,74.5000,51,2026-10-06,synthetic_demo,8000
KA-CRIME-1157,14.0000,74.6000,87,2026-10-06,synthetic_demo,8000
KA-CRIME-1158,14.0000,74.7000,30,2026-10-06,synthetic_demo,8000
KA-CRIME-1159,14.0000,74.8000,33,2026-10-06,synthetic_demo,8000
KA-CRIME-1160,14.0000,74.9000,19,2026-10-06,synthetic_demo,8000
KA-CRIME-1161,14.0000,75.0000,29,2026-10-06,synthetic_demo,8000
KA-CRIME-1162,14.0000,75.1000,78,2026-10-06,synthetic_demo,8000
KA-CRIME-1163,14.0000,75.2000,28,2026-10-06,synthetic_demo,8000
KA-CRIME-1164,14.0000,75.3000,74,2026-10-06,synthetic_demo,8000
KA-CRIME-1165,14.0000,75.4000,56,2026-10-06,synthetic_demo,8000
KA-CRIME-1166,14.0000,75.5000,75,2026-10-06,synthetic_demo,8000
KA-CRIME-1167,14.0000,75.6000,71,2026-10-06,synthetic_demo,8000
KA-CRIME-1168,14.0000,75.7000,40,2026-10-06,synthetic_demo,8000
KA-CRIME-1169,14.0000,75.8000,86,2026-10-06,synthetic_demo,8000
KA-CRIME-1170,14.0000,75.9000,61,2026-10-06,synthetic_demo,8000
KA-CRIME-1171,14.0000,76.0000,16,2026-10-06,synthetic_demo,8000
KA-CRIME-1172,14.0000,76.1000,54,2026-10-06,synthetic_demo,8000
KA-CRIME-1173,14.0000,76.2000,25,2026-10-06,synthetic_demo,8000
KA-CRIME-1174,14.0000,76.3000,79,2026-10-06,synthetic_demo,8000
KA-CRIME-1175,14.0000,76.4000,57,2026-10-06,synthetic_demo,8000
KA-CRIME-1176,14.0000,76.5000,20,2026-10-06,synthetic_demo,8000
KA-CRIME-1177,14.0000,76.6000,37,2026-10-06,synthetic_demo,8000
KA-CRIME-1178,14.0000,76.7000,43,2026-10-06,synthetic_demo,8000
KA-CRIME-1179,14.0000,76.8000,43,2026-10-06,synthetic_demo,8000
KA-CRIME-1180,14.0000,76.9000,83,2026-10-06,synthetic_demo,8000
KA-CRIME-1181,14.0000,77.0000,44,2026-10-06,synthetic_demo,8000
KA-CRIME-1182,14.0000,77.1000,76,2026-10-06,synthetic_demo,8000
KA-CRIME-1183,14.0000,77.2000,94,2026-10-06,synthetic_demo,8000
KA-CRIME-1184,14.0000,77.3000,78,2026-10-06,synthetic_demo,8000
KA-CRIME-1185,14.0000,77.4000,24,2026-10-06,synthetic_demo,8000
KA-CRIME-1186,14.0000,77.5000,92,2026-10-06,synthetic_demo,8000
KA-CRIME-1187,14.0000,77.6000,25,2026-10-06,synthetic_demo,8000
KA-CRIME-1188,14.0000,77.7000,38,2026-10-06,synthetic_demo,8000
KA-CRIME-1189,14.0000,77.8000,85,2026-10-06,synthetic_demo,8000
KA-CRIME-1190,14.0000,77.9000,25,2026-10-06,synthetic_demo,8000
KA-CRIME-1191,14.0000,78.0000,33,2026-10-06,synthetic_demo,8000
KA-CRIME-1192,14.0000,78.1000,73,2026-10-06,synthetic_demo,8000
KA-CRIME-1193,14.0000,78.2000,93,2026-10-06,synthetic_demo,8000
KA-CRIME-1194,14.0000,78.3000,67,2026-10-06,synthetic_demo,8000
KA-CRIME-1195,14.0000,78.4000,54,2026-10-06,synthetic_demo,8000
KA-CRIME-1196,14.0000,78.5000,19,2026-10-06,synthetic_demo,8000
KA-CRIME-1197,14.1000,74.0000,89,2026-10-06,synthetic_demo,8000
KA-CRIME-1198,14.1000,74.1000,92,2026-10-06,synthetic_demo,8000
KA-CRIME-1199,14.1000,74.2000,19,2026-10-06,synthetic_demo,8000
KA-CRIME-1200,14.1000,74.3000,62,2026-10-06,synthetic_demo,8000
KA-CRIME-1201,14.1000,74.4000,61,2026-10-06,synthetic_demo,8000
KA-CRIME-1202,14.1000,74.5000,17,2026-10-06,synthetic_demo,8000
KA-CRIME-1203,14.1000,74.6000,61,2026-10-06,synthetic_demo,8000
KA-CRIME-1204,14.1000,74.7000,72,2026-10-06,synthetic_demo,8000
KA-CRIME-1205,14.1000,74.8000,88,2026-10-06,synthetic_demo,8000
KA-CRIME-1206,14.1000,74.9000,80,2026-10-06,synthetic_demo,8000
KA-CRIME-1207,14.1000,75.0000,47,2026-10-06,synthetic_demo,8000
KA-CRIME-1208,14.1000,75.1000,70,2026-10-06,synthetic_demo,8000
KA-CRIME-1209,14.1000,75.2000,78,2026-10-06,synthetic_demo,8000
KA-CRIME-1210,14.1000,75.3000,78,2026-10-06,synthetic_demo,8000
KA-CRIME-1211,14.1000,75.4000,35,2026-10-06,synthetic_demo,8000
KA-CRIME-1212,14.1000,75.5000,40,2026-10-06,synthetic_demo,8000
KA-CRIME-1213,14.1000,75.6000,66,2026-10-06,synthetic_demo,8000
KA-CRIME-1214,14.1000,75.7000,72,2026-10-06,synthetic_demo,8000
KA-CRIME-1215,14.1000,75.8000,22,2026-10-06,synthetic_demo,8000
KA-CRIME-1216,14.1000,75.9000,65,2026-10-06,synthetic_demo,8000
KA-CRIME-1217,14.1000,76.0000,18,2026-10-06,synthetic_demo,8000
KA-CRIME-1218,14.1000,76.1000,46,2026-10-06,synthetic_demo,8000
KA-CRIME-1219,14.1000,76.2000,93,2026-10-06,synthetic_demo,8000
KA-CRIME-1220,14.1000,76.3000,81,2026-10-06,synthetic_demo,8000
KA-CRIME-1221,14.1000,76.4000,95,2026-10-06,synthetic_demo,8000
KA-CRIME-1222,14.1000,76.5000,31,2026-10-06,synthetic_demo,8000
KA-CRIME-1223,14.1000,76.6000,85,2026-10-06,synthetic_demo,8000
KA-CRIME-1224,14.1000,76.7000,71,2026-10-06,synthetic_demo,8000
KA-CRIME-1225,14.1000,76.8000,72,2026-10-06,synthetic_demo,8000
KA-CRIME-1226,14.1000,76.9000,38,2026-10-06,synthetic_demo,8000
KA-CRIME-1227,14.1000,77.0000,29,2026-10-06,synthetic_demo,8000
KA-CRIME-1228,14.1000,77.1000,95,2026-10-06,synthetic_demo,8000
KA-CRIME-1229,14.1000,77.2000,60,2026-10-06,synthetic_demo,8000
KA-CRIME-1230,14.1000,77.3000,88,2026-10-06,synthetic_demo,8000
KA-CRIME-1231,14.1000,77.4000,75,2026-10-06,synthetic_demo,8000
KA-CRIME-1232,14.1000,77.5000,54,2026-10-06,synthetic_demo,8000
KA-CRIME-1233,14.1000,77.6000,91,2026-10-06,synthetic_demo,8000
KA-CRIME-1234,14.1000,77.7000,60,2026-10-06,synthetic_demo,8000
KA-CRIME-1235,14.1000,77.8000,81,2026-10-06,synthetic_demo,8000
KA-CRIME-1236,14.1000,77.9000,90,2026-10-06,synthetic_demo,8000
KA-CRIME-1237,14.1000,78.0000,36,2026-10-06,synthetic_demo,8000
KA-CRIME-1238,14.1000,78.1000,46,2026-10-06,synthetic_demo,8000
KA-CRIME-1239,14.1000,78.2000,63,2026-10-06,synthetic_demo,8000
KA-CRIME-1240,14.1000,78.3000,72,2026-10-06,synthetic_demo,8000
KA-CRIME-1241,14.1000,78.4000,37,2026-10-06,synthetic_demo,8000
KA-CRIME-1242,14.1000,78.5000,78,2026-10-06,synthetic_demo,8000
KA-CRIME-1243,14.2000,74.0000,60,2026-10-06,synthetic_demo,8000
KA-CRIME-1244,14.2000,74.1000,52,2026-10-06,synthetic_demo,8000
KA-CRIME-1245,14.2000,74.2000,42,2026-10-06,synthetic_demo,8000
KA-CRIME-1246,14.2000,74.3000,81,2026-10-06,synthetic_demo,8000
KA-CRIME-1247,14.2000,74.4000,83,2026-10-06,synthetic_demo,8000
KA-CRIME-1248,14.2000,74.5000,71,2026-10-06,synthetic_demo,8000
KA-CRIME-1249,14.2000,74.6000,69,2026-10-06,synthetic_demo,8000
KA-CRIME-1250,14.2000,74.7000,17,2026-10-06,synthetic_demo,8000
KA-CRIME-1251,14.2000,74.8000,86,2026-10-06,synthetic_demo,8000
KA-CRIME-1252,14.2000,74.9000,62,2026-10-06,synthetic_demo,8000
KA-CRIME-1253,14.2000,75.0000,43,2026-10-06,synthetic_demo,8000
KA-CRIME-1254,14.2000,75.1000,20,2026-10-06,synthetic_demo,8000
KA-CRIME-1255,14.2000,75.2000,51,2026-10-06,synthetic_demo,8000
KA-CRIME-1256,14.2000,75.3000,64,2026-10-06,synthetic_demo,8000
KA-CRIME-1257,14.2000,75.4000,78,2026-10-06,synthetic_demo,8000
KA-CRIME-1258,14.2000,75.5000,60,2026-10-06,synthetic_demo,8000
KA-CRIME-1259,14.2000,75.6000,36,2026-10-06,synthetic_demo,8000
KA-CRIME-1260,14.2000,75.7000,26,2026-10-06,synthetic_demo,8000
KA-CRIME-1261,14.2000,75.8000,62,2026-10-06,synthetic_demo,8000
KA-CRIME-1262,14.2000,75.9000,27,2026-10-06,synthetic_demo,8000
KA-CRIME-1263,14.2000,76.0000,58,2026-10-06,synthetic_demo,8000
KA-CRIME-1264,14.2000,76.1000,40,2026-10-06,synthetic_demo,8000
KA-CRIME-1265,14.2000,76.2000,22,2026-10-06,synthetic_demo,8000
KA-CRIME-1266,14.2000,76.3000,32,2026-10-06,synthetic_demo,8000
KA-CRIME-1267,14.2000,76.4000,87,2026-10-06,synthetic_demo,8000
KA-CRIME-1268,14.2000,76.5000,26,2026-10-06,synthetic_demo,8000
KA-CRIME-1269,14.2000,76.6000,41,2026-10-06,synthetic_demo,8000
KA-CRIME-1270,14.2000,76.7000,36,2026-10-06,synthetic_demo,8000
KA-CRIME-1271,14.2000,76.8000,24,2026-10-06,synthetic_demo,8000
KA-CRIME-1272,14.2000,76.9000,48,2026-10-06,synthetic_demo,8000
KA-CRIME-1273,14.2000,77.0000,74,2026-10-06,synthetic_demo,8000
KA-CRIME-1274,14.2000,77.1000,82,2026-10-06,synthetic_demo,8000
KA-CRIME-1275,14.2000,77.2000,59,2026-10-06,synthetic_demo,8000
KA-CRIME-1276,14.2000,77.3000,69,2026-10-06,synthetic_demo,8000
KA-CRIME-1277,14.2000,77.4000,60,2026-10-06,synthetic_demo,8000
KA-CRIME-1278,14.2000,77.5000,58,2026-10-06,synthetic_demo,8000
KA-CRIME-1279,14.2000,77.6000,19,2026-10-06,synthetic_demo,8000
KA-CRIME-1280,14.2000,77.7000,28,2026-10-06,synthetic_demo,8000
KA-CRIME-1281,14.2000,77.8000,58,2026-10-06,synthetic_demo,8000
KA-CRIME-1282,14.2000,77.9000,68,2026-10-06,synthetic_demo,8000
KA-CRIME-1283,14.2000,78.0000,33,2026-10-06,synthetic_demo,8000
KA-CRIME-1284,14.2000,78.1000,66,2026-10-06,synthetic_demo,8000
KA-CRIME-1285,14.2000,78.2000,73,2026-10-06,synthetic_demo,8000
KA-CRIME-1286,14.2000,78.3000,76,2026-10-06,synthetic_demo,8000
KA-CRIME-1287,14.2000,78.4000,16,2026-10-06,synthetic_demo,8000
KA-CRIME-1288,14.2000,78.5000,76,2026-10-06,synthetic_demo,8000
KA-CRIME-1289,14.3000,74.0000,45,2026-10-06,synthetic_demo,8000
KA-CRIME-1290,14.3000,74.1000,66,2026-10-06,synthetic_demo,8000
KA-CRIME-1291,14.3000,74.2000,53,2026-10-06,synthetic_demo,8000
KA-CRIME-1292,14.3000,74.3000,91,2026-10-06,synthetic_demo,8000
KA-CRIME-1293,14.3000,74.4000,49,2026-10-06,synthetic_demo,8000
KA-CRIME-1294,14.3000,74.5000,79,2026-10-06,synthetic_demo,8000
KA-CRIME-1295,14.3000,74.6000,58,2026-10-06,synthetic_demo,8000
KA-CRIME-1296,14.3000,74.7000,86,2026-10-06,synthetic_demo,8000
KA-CRIME-1297,14.3000,74.8000,24,2026-10-06,synthetic_demo,8000
KA-CRIME-1298,14.3000,74.9000,49,2026-10-06,synthetic_demo,8000
KA-CRIME-1299,14.3000,75.0000,27,2026-10-06,synthetic_demo,8000
KA-CRIME-1300,14.3000,75.1000,25,2026-10-06,synthetic_demo,8000
KA-CRIME-1301,14.3000,75.2000,84,2026-10-06,synthetic_demo,8000
KA-CRIME-1302,14.3000,75.3000,32,2026-10-06,synthetic_demo,8000
KA-CRIME-1303,14.3000,75.4000,74,2026-10-06,synthetic_demo,8000
KA-CRIME-1304,14.3000,75.5000,64,2026-10-06,synthetic_demo,8000
KA-CRIME-1305,14.3000,75.6000,25,2026-10-06,synthetic_demo,8000
KA-CRIME-1306,14.3000,75.7000,34,2026-10-06,synthetic_demo,8000
KA-CRIME-1307,14.3000,75.8000,20,2026-10-06,synthetic_demo,8000
KA-CRIME-1308,14.3000,75.9000,82,2026-10-06,synthetic_demo,8000
KA-CRIME-1309,14.3000,76.0000,17,2026-10-06,synthetic_demo,8000
KA-CRIME-1310,14.3000,76.1000,67,2026-10-06,synthetic_demo,8000
KA-CRIME-1311,14.3000,76.2000,47,2026-10-06,synthetic_demo,8000
KA-CRIME-1312,14.3000,76.3000,42,2026-10-06,synthetic_demo,8000
KA-CRIME-1313,14.3000,76.4000,41,2026-10-06,synthetic_demo,8000
KA-CRIME-1314,14.3000,76.5000,20,2026-10-06,synthetic_demo,8000
KA-CRIME-1315,14.3000,76.6000,90,2026-10-06,synthetic_demo,8000
KA-CRIME-1316,14.3000,76.7000,42,2026-10-06,synthetic_demo,8000
KA-CRIME-1317,14.3000,76.8000,69,2026-10-06,synthetic_demo,8000
KA-CRIME-1318,14.3000,76.9000,78,2026-10-06,synthetic_demo,8000
KA-CRIME-1319,14.3000,77.0000,50,2026-10-06,synthetic_demo,8000
KA-CRIME-1320,14.3000,77.1000,83,2026-10-06,synthetic_demo,8000
KA-CRIME-1321,14.3000,77.2000,66,2026-10-06,synthetic_demo,8000
KA-CRIME-1322,14.3000,77.3000,25,2026-10-06,synthetic_demo,8000
KA-CRIME-1323,14.3000,77.4000,69,2026-10-06,synthetic_demo,8000
KA-CRIME-1324,14.3000,77.5000,73,2026-10-06,synthetic_demo,8000
KA-CRIME-1325,14.3000,77.6000,29,2026-10-06,synthetic_demo,8000
KA-CRIME-1326,14.3000,77.7000,38,2026-10-06,synthetic_demo,8000
KA-CRIME-1327,14.3000,77.8000,39,2026-10-06,synthetic_demo,8000
KA-CRIME-1328,14.3000,77.9000,54,2026-10-06,synthetic_demo,8000
KA-CRIME-1329,14.3000,78.0000,18,2026-10-06,synthetic_demo,8000
KA-CRIME-1330,14.3000,78.1000,41,2026-10-06,synthetic_demo,8000
KA-CRIME-1331,14.3000,78.2000,27,2026-10-06,synthetic_demo,8000
KA-CRIME-1332,14.3000,78.3000,26,2026-10-06,synthetic_demo,8000
KA-CRIME-1333,14.3000,78.4000,59,2026-10-06,synthetic_demo,8000
KA-CRIME-1334,14.3000,78.5000,81,2026-10-06,synthetic_demo,8000
KA-CRIME-1335,14.4000,74.0000,76,2026-10-06,synthetic_demo,8000
KA-CRIME-1336,14.4000,74.1000,69,2026-10-06,synthetic_demo,8000
KA-CRIME-1337,14.4000,74.2000,93,2026-10-06,synthetic_demo,8000
KA-CRIME-1338,14.4000,74.3000,43,2026-10-06,synthetic_demo,8000
KA-CRIME-1339,14.4000,74.4000,57,2026-10-06,synthetic_demo,8000
KA-CRIME-1340,14.4000,74.5000,49,2026-10-06,synthetic_demo,8000
KA-CRIME-1341,14.4000,74.6000,25,2026-10-06,synthetic_demo,8000
KA-CRIME-1342,14.4000,74.7000,50,2026-10-06,synthetic_demo,8000
KA-CRIME-1343,14.4000,74.8000,30,2026-10-06,synthetic_demo,8000
KA-CRIME-1344,14.4000,74.9000,20,2026-10-06,synthetic_demo,8000
KA-CRIME-1345,14.4000,75.0000,77,2026-10-06,synthetic_demo,8000
KA-CRIME-1346,14.4000,75.1000,80,2026-10-06,synthetic_demo,8000
KA-CRIME-1347,14.4000,75.2000,23,2026-10-06,synthetic_demo,8000
KA-CRIME-1348,14.4000,75.3000,63,2026-10-06,synthetic_demo,8000
KA-CRIME-1349,14.4000,75.4000,58,2026-10-06,synthetic_demo,8000
KA-CRIME-1350,14.4000,75.5000,85,2026-10-06,synthetic_demo,8000
KA-CRIME-1351,14.4000,75.6000,17,2026-10-06,synthetic_demo,8000
KA-CRIME-1352,14.4000,75.7000,68,2026-10-06,synthetic_demo,8000
KA-CRIME-1353,14.4000,75.8000,16,2026-10-06,synthetic_demo,8000
KA-CRIME-1354,14.4000,75.9000,85,2026-10-06,synthetic_demo,8000
KA-CRIME-1355,14.4000,76.0000,54,2026-10-06,synthetic_demo,8000
KA-CRIME-1356,14.4000,76.1000,91,2026-10-06,synthetic_demo,8000
KA-CRIME-1357,14.4000,76.2000,75,2026-10-06,synthetic_demo,8000
KA-CRIME-1358,14.4000,76.3000,38,2026-10-06,synthetic_demo,8000
KA-CRIME-1359,14.4000,76.4000,51,2026-10-06,synthetic_demo,8000
KA-CRIME-1360,14.4000,76.5000,71,2026-10-06,synthetic_demo,8000
KA-CRIME-1361,14.4000,76.6000,86,2026-10-06,synthetic_demo,8000
KA-CRIME-1362,14.4000,76.7000,62,2026-10-06,synthetic_demo,8000
KA-CRIME-1363,14.4000,76.8000,16,2026-10-06,synthetic_demo,8000
KA-CRIME-1364,14.4000,76.9000,16,2026-10-06,synthetic_demo,8000
KA-CRIME-1365,14.4000,77.0000,29,2026-10-06,synthetic_demo,8000
KA-CRIME-1366,14.4000,77.1000,53,2026-10-06,synthetic_demo,8000
KA-CRIME-1367,14.4000,77.2000,16,2026-10-06,synthetic_demo,8000
KA-CRIME-1368,14.4000,77.3000,21,2026-10-06,synthetic_demo,8000
KA-CRIME-1369,14.4000,77.4000,89,2026-10-06,synthetic_demo,8000
KA-CRIME-1370,14.4000,77.5000,94,2026-10-06,synthetic_demo,8000
KA-CRIME-1371,14.4000,77.6000,58,2026-10-06,synthetic_demo,8000
KA-CRIME-1372,14.4000,77.7000,17,2026-10-06,synthetic_demo,8000
KA-CRIME-1373,14.4000,77.8000,86,2026-10-06,synthetic_demo,8000
KA-CRIME-1374,14.4000,77.9000,70,2026-10-06,synthetic_demo,8000
KA-CRIME-1375,14.4000,78.0000,20,2026-10-06,synthetic_demo,8000
KA-CRIME-1376,14.4000,78.1000,21,2026-10-06,synthetic_demo,8000
KA-CRIME-1377,14.4000,78.2000,52,2026-10-06,synthetic_demo,8000
KA-CRIME-1378,14.4000,78.3000,58,2026-10-06,synthetic_demo,8000
KA-CRIME-1379,14.4000,78.4000,55,2026-10-06,synthetic_demo,8000
KA-CRIME-1380,14.4000,78.5000,59,2026-10-06,synthetic_demo,8000
KA-CRIME-1381,14.5000,74.0000,74,2026-10-06,synthetic_demo,8000
KA-CRIME-1382,14.5000,74.1000,51,2026-10-06,synthetic_demo,8000
KA-CRIME-1383,14.5000,74.2000,72,2026-10-06,synthetic_demo,8000
KA-CRIME-1384,14.5000,74.3000,23,2026-10-06,synthetic_demo,8000
KA-CRIME-1385,14.5000,74.4000,19,2026-10-06,synthetic_demo,8000
KA-CRIME-1386,14.5000,74.5000,67,2026-10-06,synthetic_demo,8000
KA-CRIME-1387,14.5000,74.6000,27,2026-10-06,synthetic_demo,8000
KA-CRIME-1388,14.5000,74.7000,28,2026-10-06,synthetic_demo,8000
KA-CRIME-1389,14.5000,74.8000,68,2026-10-06,synthetic_demo,8000
KA-CRIME-1390,14.5000,74.9000,70,2026-10-06,synthetic_demo,8000
KA-CRIME-1391,14.5000,75.0000,80,2026-10-06,synthetic_demo,8000
KA-CRIME-1392,14.5000,75.1000,41,2026-10-06,synthetic_demo,8000
KA-CRIME-1393,14.5000,75.2000,46,2026-10-06,synthetic_demo,8000
KA-CRIME-1394,14.5000,75.3000,93,2026-10-06,synthetic_demo,8000
KA-CRIME-1395,14.5000,75.4000,15,2026-10-06,synthetic_demo,8000
KA-CRIME-1396,14.5000,75.5000,17,2026-10-06,synthetic_demo,8000
KA-CRIME-1397,14.5000,75.6000,52,2026-10-06,synthetic_demo,8000
KA-CRIME-1398,14.5000,75.7000,45,2026-10-06,synthetic_demo,8000
KA-CRIME-1399,14.5000,75.8000,87,2026-10-06,synthetic_demo,8000
KA-CRIME-1400,14.5000,75.9000,72,2026-10-06,synthetic_demo,8000
KA-CRIME-1401,14.5000,76.0000,50,2026-10-06,synthetic_demo,8000
KA-CRIME-1402,14.5000,76.1000,59,2026-10-06,synthetic_demo,8000
KA-CRIME-1403,14.5000,76.2000,91,2026-10-06,synthetic_demo,8000
KA-CRIME-1404,14.5000,76.3000,30,2026-10-06,synthetic_demo,8000
KA-CRIME-1405,14.5000,76.4000,91,2026-10-06,synthetic_demo,8000
KA-CRIME-1406,14.5000,76.5000,45,2026-10-06,synthetic_demo,8000
KA-CRIME-1407,14.5000,76.6000,39,2026-10-06,synthetic_demo,8000
KA-CRIME-1408,14.5000,76.7000,21,2026-10-06,synthetic_demo,8000
KA-CRIME-1409,14.5000,76.8000,72,2026-10-06,synthetic_demo,8000
KA-CRIME-1410,14.5000,76.9000,87,2026-10-06,synthetic_demo,8000
KA-CRIME-1411,14.5000,77.0000,37,2026-10-06,synthetic_demo,8000
KA-CRIME-1412,14.5000,77.1000,46,2026-10-06,synthetic_demo,8000
KA-CRIME-1413,14.5000,77.2000,62,2026-10-06,synthetic_demo,8000
KA-CRIME-1414,14.5000,77.3000,39,2026-10-06,synthetic_demo,8000
KA-CRIME-1415,14.5000,77.4000,85,2026-10-06,synthetic_demo,8000
KA-CRIME-1416,14.5000,77.5000,83,2026-10-06,synthetic_demo,8000
KA-CRIME-1417,14.5000,77.6000,23,2026-10-06,synthetic_demo,8000
KA-CRIME-1418,14.5000,77.7000,29,2026-10-06,synthetic_demo,8000
KA-CRIME-1419,14.5000,77.8000,52,2026-10-06,synthetic_demo,8000
KA-CRIME-1420,14.5000,77.9000,82,2026-10-06,synthetic_demo,8000
KA-CRIME-1421,14.5000,78.0000,55,2026-10-06,synthetic_demo,8000
KA-CRIME-1422,14.5000,78.1000,74,2026-10-06,synthetic_demo,8000
KA-CRIME-1423,14.5000,78.2000,31,2026-10-06,synthetic_demo,8000
KA-CRIME-1424,14.5000,78.3000,66,2026-10-06,synthetic_demo,8000
KA-CRIME-1425,14.5000,78.4000,45,2026-10-06,synthetic_demo,8000
KA-CRIME-1426,14.5000,78.5000,86,2026-10-06,synthetic_demo,8000
KA-CRIME-1427,14.6000,74.0000,19,2026-10-06,synthetic_demo,8000
KA-CRIME-1428,14.6000,74.1000,51,2026-10-06,synthetic_demo,8000
KA-CRIME-1429,14.6000,74.2000,41,2026-10-06,synthetic_demo,8000
KA-CRIME-1430,14.6000,74.3000,74,2026-10-06,synthetic_demo,8000
KA-CRIME-1431,14.6000,74.4000,43,2026-10-06,synthetic_demo,8000
KA-CRIME-1432,14.6000,74.5000,32,2026-10-06,synthetic_demo,8000
KA-CRIME-1433,14.6000,74.6000,73,2026-10-06,synthetic_demo,8000
KA-CRIME-1434,14.6000,74.7000,66,2026-10-06,synthetic_demo,8000
KA-CRIME-1435,14.6000,74.8000,17,2026-10-06,synthetic_demo,8000
KA-CRIME-1436,14.6000,74.9000,95,2026-10-06,synthetic_demo,8000
KA-CRIME-1437,14.6000,75.0000,51,2026-10-06,synthetic_demo,8000
KA-CRIME-1438,14.6000,75.1000,67,2026-10-06,synthetic_demo,8000
KA-CRIME-1439,14.6000,75.2000,64,2026-10-06,synthetic_demo,8000
KA-CRIME-1440,14.6000,75.3000,71,2026-10-06,synthetic_demo,8000
KA-CRIME-1441,14.6000,75.4000,46,2026-10-06,synthetic_demo,8000
KA-CRIME-1442,14.6000,75.5000,61,2026-10-06,synthetic_demo,8000
KA-CRIME-1443,14.6000,75.6000,47,2026-10-06,synthetic_demo,8000
KA-CRIME-1444,14.6000,75.7000,66,2026-10-06,synthetic_demo,8000
KA-CRIME-1445,14.6000,75.8000,61,2026-10-06,synthetic_demo,8000
KA-CRIME-1446,14.6000,75.9000,86,2026-10-06,synthetic_demo,8000
KA-CRIME-1447,14.6000,76.0000,36,2026-10-06,synthetic_demo,8000
KA-CRIME-1448,14.6000,76.1000,65,2026-10-06,synthetic_demo,8000
KA-CRIME-1449,14.6000,76.2000,26,2026-10-06,synthetic_demo,8000
KA-CRIME-1450,14.6000,76.3000,83,2026-10-06,synthetic_demo,8000
KA-CRIME-1451,14.6000,76.4000,18,2026-10-06,synthetic_demo,8000
KA-CRIME-1452,14.6000,76.5000,64,2026-10-06,synthetic_demo,8000
KA-CRIME-1453,14.6000,76.6000,27,2026-10-06,synthetic_demo,8000
KA-CRIME-1454,14.6000,76.7000,60,2026-10-06,synthetic_demo,8000
KA-CRIME-1455,14.6000,76.8000,15,2026-10-06,synthetic_demo,8000
KA-CRIME-1456,14.6000,76.9000,70,2026-10-06,synthetic_demo,8000
KA-CRIME-1457,14.6000,77.0000,16,2026-10-06,synthetic_demo,8000
KA-CRIME-1458,14.6000,77.1000,88,2026-10-06,synthetic_demo,8000
KA-CRIME-1459,14.6000,77.2000,78,2026-10-06,synthetic_demo,8000
KA-CRIME-1460,14.6000,77.3000,49,2026-10-06,synthetic_demo,8000
KA-CRIME-1461,14.6000,77.4000,58,2026-10-06,synthetic_demo,8000
KA-CRIME-1462,14.6000,77.5000,15,2026-10-06,synthetic_demo,8000
KA-CRIME-1463,14.6000,77.6000,59,2026-10-06,synthetic_demo,8000
KA-CRIME-1464,14.6000,77.7000,65,2026-10-06,synthetic_demo,8000
KA-CRIME-1465,14.6000,77.8000,23,2026-10-06,synthetic_demo,8000
KA-CRIME-1466,14.6000,77.9000,82,2026-10-06,synthetic_demo,8000
KA-CRIME-1467,14.6000,78.0000,22,2026-10-06,synthetic_demo,8000
KA-CRIME-1468,14.6000,78.1000,58,2026-10-06,synthetic_demo,8000
KA-CRIME-1469,14.6000,78.2000,35,2026-10-06,synthetic_demo,8000
KA-CRIME-1470,14.6000,78.3000,49,2026-10-06,synthetic_demo,8000
KA-CRIME-1471,14.6000,78.4000,80,2026-10-06,synthetic_demo,8000
KA-CRIME-1472,14.6000,78.5000,68,2026-10-06,synthetic_demo,8000
KA-CRIME-1473,14.7000,74.0000,39,2026-10-06,synthetic_demo,8000
KA-CRIME-1474,14.7000,74.1000,73,2026-10-06,synthetic_demo,8000
KA-CRIME-1475,14.7000,74.2000,61,2026-10-06,synthetic_demo,8000
KA-CRIME-1476,14.7000,74.3000,33,2026-10-06,synthetic_demo,8000
KA-CRIME-1477,14.7000,74.4000,88,2026-10-06,synthetic_demo,8000
KA-CRIME-1478,14.7000,74.5000,60,2026-10-06,synthetic_demo,8000
KA-CRIME-1479,14.7000,74.6000,60,2026-10-06,synthetic_demo,8000
KA-CRIME-1480,14.7000,74.7000,67,2026-10-06,synthetic_demo,8000
KA-CRIME-1481,14.7000,74.8000,58,2026-10-06,synthetic_demo,8000
KA-CRIME-1482,14.7000,74.9000,27,2026-10-06,synthetic_demo,8000
KA-CRIME-1483,14.7000,75.0000,27,2026-10-06,synthetic_demo,8000
KA-CRIME-1484,14.7000,75.1000,38,2026-10-06,synthetic_demo,8000
KA-CRIME-1485,14.7000,75.2000,51,2026-10-06,synthetic_demo,8000
KA-CRIME-1486,14.7000,75.3000,89,2026-10-06,synthetic_demo,8000
KA-CRIME-1487,14.7000,75.4000,93,2026-10-06,synthetic_demo,8000
KA-CRIME-1488,14.7000,75.5000,87,2026-10-06,synthetic_demo,8000
KA-CRIME-1489,14.7000,75.6000,61,2026-10-06,synthetic_demo,8000
KA-CRIME-1490,14.7000,75.7000,90,2026-10-06,synthetic_demo,8000
KA-CRIME-1491,14.7000,75.8000,69,2026-10-06,synthetic_demo,8000
KA-CRIME-1492,14.7000,75.9000,40,2026-10-06,synthetic_demo,8000
KA-CRIME-1493,14.7000,76.0000,33,2026-10-06,synthetic_demo,8000
KA-CRIME-1494,14.7000,76.1000,40,2026-10-06,synthetic_demo,8000
KA-CRIME-1495,14.7000,76.2000,82,2026-10-06,synthetic_demo,8000
KA-CRIME-1496,14.7000,76.3000,95,2026-10-06,synthetic_demo,8000
KA-CRIME-1497,14.7000,76.4000,87,2026-10-06,synthetic_demo,8000
KA-CRIME-1498,14.7000,76.5000,65,2026-10-06,synthetic_demo,8000
KA-CRIME-1499,14.7000,76.6000,59,2026-10-06,synthetic_demo,8000
KA-CRIME-1500,14.7000,76.7000,57,2026-10-06,synthetic_demo,8000
KA-CRIME-1501,14.7000,76.8000,74,2026-10-06,synthetic_demo,8000
KA-CRIME-1502,14.7000,76.9000,86,2026-10-06,synthetic_demo,8000
KA-CRIME-1503,14.7000,77.0000,72,2026-10-06,synthetic_demo,8000
KA-CRIME-1504,14.7000,77.1000,32,2026-10-06,synthetic_demo,8000
KA-CRIME-1505,14.7000,77.2000,16,2026-10-06,synthetic_demo,8000
KA-CRIME-1506,14.7000,77.3000,34,2026-10-06,synthetic_demo,8000
KA-CRIME-1507,14.7000,77.4000,81,2026-10-06,synthetic_demo,8000
KA-CRIME-1508,14.7000,77.5000,58,2026-10-06,synthetic_demo,8000
KA-CRIME-1509,14.7000,77.6000,28,2026-10-06,synthetic_demo,8000
KA-CRIME-1510,14.7000,77.7000,82,2026-10-06,synthetic_demo,8000
KA-CRIME-1511,14.7000,77.8000,35,2026-10-06,synthetic_demo,8000
KA-CRIME-1512,14.7000,77.9000,29,2026-10-06,synthetic_demo,8000
KA-CRIME-1513,14.7000,78.0000,31,2026-10-06,synthetic_demo,8000
KA-CRIME-1514,14.7000,78.1000,63,2026-10-06,synthetic_demo,8000
KA-CRIME-1515,14.7000,78.2000,89,2026-10-06,synthetic_demo,8000
KA-CRIME-1516,14.7000,78.3000,93,2026-10-06,synthetic_demo,8000
KA-CRIME-1517,14.7000,78.4000,95,2026-10-06,synthetic_demo,8000
KA-CRIME-1518,14.7000,78.5000,82,2026-10-06,synthetic_demo,8000
KA-CRIME-1519,14.8000,74.0000,66,2026-10-06,synthetic_demo,8000
KA-CRIME-1520,14.8000,74.1000,54,2026-10-06,synthetic_demo,8000
KA-CRIME-1521,14.8000,74.2000,69,2026-10-06,synthetic_demo,8000
KA-CRIME-1522,14.8000,74.3000,38,2026-10-06,synthetic_demo,8000
KA-CRIME-1523,14.8000,74.4000,51,2026-10-06,synthetic_demo,8000
KA-CRIME-1524,14.8000,74.5000,45,2026-10-06,synthetic_demo,8000
KA-CRIME-1525,14.8000,74.6000,89,2026-10-06,synthetic_demo,8000
KA-CRIME-1526,14.8000,74.7000,83,2026-10-06,synthetic_demo,8000
KA-CRIME-1527,14.8000,74.8000,68,2026-10-06,synthetic_demo,8000
KA-CRIME-1528,14.8000,74.9000,55,2026-10-06,synthetic_demo,8000
KA-CRIME-1529,14.8000,75.0000,43,2026-10-06,synthetic_demo,8000
KA-CRIME-1530,14.8000,75.1000,24,2026-10-06,synthetic_demo,8000
KA-CRIME-1531,14.8000,75.2000,93,2026-10-06,synthetic_demo,8000
KA-CRIME-1532,14.8000,75.3000,57,2026-10-06,synthetic_demo,8000
KA-CRIME-1533,14.8000,75.4000,71,2026-10-06,synthetic_demo,8000
KA-CRIME-1534,14.8000,75.5000,45,2026-10-06,synthetic_demo,8000
KA-CRIME-1535,14.8000,75.6000,32,2026-10-06,synthetic_demo,8000
KA-CRIME-1536,14.8000,75.7000,82,2026-10-06,synthetic_demo,8000
KA-CRIME-1537,14.8000,75.8000,30,2026-10-06,synthetic_demo,8000
KA-CRIME-1538,14.8000,75.9000,33,2026-10-06,synthetic_demo,8000
KA-CRIME-1539,14.8000,76.0000,27,2026-10-06,synthetic_demo,8000
KA-CRIME-1540,14.8000,76.1000,19,2026-10-06,synthetic_demo,8000
KA-CRIME-1541,14.8000,76.2000,73,2026-10-06,synthetic_demo,8000
KA-CRIME-1542,14.8000,76.3000,93,2026-10-06,synthetic_demo,8000
KA-CRIME-1543,14.8000,76.4000,34,2026-10-06,synthetic_demo,8000
KA-CRIME-1544,14.8000,76.5000,85,2026-10-06,synthetic_demo,8000
KA-CRIME-1545,14.8000,76.6000,47,2026-10-06,synthetic_demo,8000
KA-CRIME-1546,14.8000,76.7000,61,2026-10-06,synthetic_demo,8000
KA-CRIME-1547,14.8000,76.8000,44,2026-10-06,synthetic_demo,8000
KA-CRIME-1548,14.8000,76.9000,93,2026-10-06,synthetic_demo,8000
KA-CRIME-1549,14.8000,77.0000,73,2026-10-06,synthetic_demo,8000
KA-CRIME-1550,14.8000,77.1000,59,2026-10-06,synthetic_demo,8000
KA-CRIME-1551,14.8000,77.2000,89,2026-10-06,synthetic_demo,8000
KA-CRIME-1552,14.8000,77.3000,59,2026-10-06,synthetic_demo,8000
KA-CRIME-1553,14.8000,77.4000,62,2026-10-06,synthetic_demo,8000
KA-CRIME-1554,14.8000,77.5000,85,2026-10-06,synthetic_demo,8000
KA-CRIME-1555,14.8000,77.6000,80,2026-10-06,synthetic_demo,8000
KA-CRIME-1556,14.8000,77.7000,58,2026-10-06,synthetic_demo,8000
KA-CRIME-1557,14.8000,77.8000,35,2026-10-06,synthetic_demo,8000
KA-CRIME-1558,14.8000,77.9000,94,2026-10-06,synthetic_demo,8000
KA-CRIME-1559,14.8000,78.0000,37,2026-10-06,synthetic_demo,8000
KA-CRIME-1560,14.8000,78.1000,61,2026-10-06,synthetic_demo,8000
KA-CRIME-1561,14.8000,78.2000,95,2026-10-06,synthetic_demo,8000
KA-CRIME-1562,14.8000,78.3000,59,2026-10-06,synthetic_demo,8000
KA-CRIME-1563,14.8000,78.4000,93,2026-10-06,synthetic_demo,8000
KA-CRIME-1564,14.8000,78.5000,86,2026-10-06,synthetic_demo,8000
KA-CRIME-1565,14.9000,74.0000,60,2026-10-06,synthetic_demo,8000
KA-CRIME-1566,14.9000,74.1000,50,2026-10-06,synthetic_demo,8000
KA-CRIME-1567,14.9000,74.2000,55,2026-10-06,synthetic_demo,8000
KA-CRIME-1568,14.9000,74.3000,74,2026-10-06,synthetic_demo,8000
KA-CRIME-1569,14.9000,74.4000,20,2026-10-06,synthetic_demo,8000
KA-CRIME-1570,14.9000,74.5000,65,2026-10-06,synthetic_demo,8000
KA-CRIME-1571,14.9000,74.6000,40,2026-10-06,synthetic_demo,8000
KA-CRIME-1572,14.9000,74.7000,58,2026-10-06,synthetic_demo,8000
KA-CRIME-1573,14.9000,74.8000,88,2026-10-06,synthetic_demo,8000
KA-CRIME-1574,14.9000,74.9000,77,2026-10-06,synthetic_demo,8000
KA-CRIME-1575,14.9000,75.0000,69,2026-10-06,synthetic_demo,8000
KA-CRIME-1576,14.9000,75.1000,87,2026-10-06,synthetic_demo,8000
KA-CRIME-1577,14.9000,75.2000,52,2026-10-06,synthetic_demo,8000
KA-CRIME-1578,14.9000,75.3000,24,2026-10-06,synthetic_demo,8000
KA-CRIME-1579,14.9000,75.4000,31,2026-10-06,synthetic_demo,8000
KA-CRIME-1580,14.9000,75.5000,87,2026-10-06,synthetic_demo,8000
KA-CRIME-1581,14.9000,75.6000,19,2026-10-06,synthetic_demo,8000
KA-CRIME-1582,14.9000,75.7000,86,2026-10-06,synthetic_demo,8000
KA-CRIME-1583,14.9000,75.8000,66,2026-10-06,synthetic_demo,8000
KA-CRIME-1584,14.9000,75.9000,64,2026-10-06,synthetic_demo,8000
KA-CRIME-1585,14.9000,76.0000,74,2026-10-06,synthetic_demo,8000
KA-CRIME-1586,14.9000,76.1000,72,2026-10-06,synthetic_demo,8000
KA-CRIME-1587,14.9000,76.2000,88,2026-10-06,synthetic_demo,8000
KA-CRIME-1588,14.9000,76.3000,51,2026-10-06,synthetic_demo,8000
KA-CRIME-1589,14.9000,76.4000,47,2026-10-06,synthetic_demo,8000
KA-CRIME-1590,14.9000,76.5000,69,2026-10-06,synthetic_demo,8000
KA-CRIME-1591,14.9000,76.6000,32,2026-10-06,synthetic_demo,8000
KA-CRIME-1592,14.9000,76.7000,90,2026-10-06,synthetic_demo,8000
KA-CRIME-1593,14.9000,76.8000,54,2026-10-06,synthetic_demo,8000
KA-CRIME-1594,14.9000,76.9000,52,2026-10-06,synthetic_demo,8000
KA-CRIME-1595,14.9000,77.0000,67,2026-10-06,synthetic_demo,8000
KA-CRIME-1596,14.9000,77.1000,46,2026-10-06,synthetic_demo,8000
KA-CRIME-1597,14.9000,77.2000,67,2026-10-06,synthetic_demo,8000
KA-CRIME-1598,14.9000,77.3000,78,2026-10-06,synthetic_demo,8000
KA-CRIME-1599,14.9000,77.4000,71,2026-10-06,synthetic_demo,8000
KA-CRIME-1600,14.9000,77.5000,77,2026-10-06,synthetic_demo,8000
KA-CRIME-1601,14.9000,77.6000,59,2026-10-06,synthetic_demo,8000
KA-CRIME-1602,14.9000,77.7000,62,2026-10-06,synthetic_demo,8000
KA-CRIME-1603,14.9000,77.8000,31,2026-10-06,synthetic_demo,8000
KA-CRIME-1604,14.9000,77.9000,25,2026-10-06,synthetic_demo,8000
KA-CRIME-1605,14.9000,78.0000,37,2026-10-06,synthetic_demo,8000
KA-CRIME-1606,14.9000,78.1000,68,2026-10-06,synthetic_demo,8000
KA-CRIME-1607,14.9000,78.2000,93,2026-10-06,synthetic_demo,8000
KA-CRIME-1608,14.9000,78.3000,24,2026-10-06,synthetic_demo,8000
KA-CRIME-1609,14.9000,78.4000,79,2026-10-06,synthetic_demo,8000
KA-CRIME-1610,14.9000,78.5000,61,2026-10-06,synthetic_demo,8000
KA-CRIME-1611,15.0000,74.0000,29,2026-10-06,synthetic_demo,8000
KA-CRIME-1612,15.0000,74.1000,59,2026-10-06,synthetic_demo,8000
KA-CRIME-1613,15.0000,74.2000,27,2026-10-06,synthetic_demo,8000
KA-CRIME-1614,15.0000,74.3000,29,2026-10-06,synthetic_demo,8000
KA-CRIME-1615,15.0000,74.4000,77,2026-10-06,synthetic_demo,8000
KA-CRIME-1616,15.0000,74.5000,34,2026-10-06,synthetic_demo,8000
KA-CRIME-1617,15.0000,74.6000,84,2026-10-06,synthetic_demo,8000
KA-CRIME-1618,15.0000,74.7000,23,2026-10-06,synthetic_demo,8000
KA-CRIME-1619,15.0000,74.8000,39,2026-10-06,synthetic_demo,8000
KA-CRIME-1620,15.0000,74.9000,24,2026-10-06,synthetic_demo,8000
KA-CRIME-1621,15.0000,75.0000,25,2026-10-06,synthetic_demo,8000
KA-CRIME-1622,15.0000,75.1000,69,2026-10-06,synthetic_demo,8000
KA-CRIME-1623,15.0000,75.2000,51,2026-10-06,synthetic_demo,8000
KA-CRIME-1624,15.0000,75.3000,34,2026-10-06,synthetic_demo,8000
KA-CRIME-1625,15.0000,75.4000,58,2026-10-06,synthetic_demo,8000
KA-CRIME-1626,15.0000,75.5000,86,2026-10-06,synthetic_demo,8000
KA-CRIME-1627,15.0000,75.6000,60,2026-10-06,synthetic_demo,8000
KA-CRIME-1628,15.0000,75.7000,73,2026-10-06,synthetic_demo,8000
KA-CRIME-1629,15.0000,75.8000,26,2026-10-06,synthetic_demo,8000
KA-CRIME-1630,15.0000,75.9000,53,2026-10-06,synthetic_demo,8000
KA-CRIME-1631,15.0000,76.0000,76,2026-10-06,synthetic_demo,8000
KA-CRIME-1632,15.0000,76.1000,39,2026-10-06,synthetic_demo,8000
KA-CRIME-1633,15.0000,76.2000,17,2026-10-06,synthetic_demo,8000
KA-CRIME-1634,15.0000,76.3000,74,2026-10-06,synthetic_demo,8000
KA-CRIME-1635,15.0000,76.4000,25,2026-10-06,synthetic_demo,8000
KA-CRIME-1636,15.0000,76.5000,73,2026-10-06,synthetic_demo,8000
KA-CRIME-1637,15.0000,76.6000,94,2026-10-06,synthetic_demo,8000
KA-CRIME-1638,15.0000,76.7000,59,2026-10-06,synthetic_demo,8000
KA-CRIME-1639,15.0000,76.8000,40,2026-10-06,synthetic_demo,8000
KA-CRIME-1640,15.0000,76.9000,82,2026-10-06,synthetic_demo,8000
KA-CRIME-1641,15.0000,77.0000,66,2026-10-06,synthetic_demo,8000
KA-CRIME-1642,15.0000,77.1000,68,2026-10-06,synthetic_demo,8000
KA-CRIME-1643,15.0000,77.2000,32,2026-10-06,synthetic_demo,8000
KA-CRIME-1644,15.0000,77.3000,22,2026-10-06,synthetic_demo,8000
KA-CRIME-1645,15.0000,77.4000,58,2026-10-06,synthetic_demo,8000
KA-CRIME-1646,15.0000,77.5000,75,2026-10-06,synthetic_demo,8000
KA-CRIME-1647,15.0000,77.6000,72,2026-10-06,synthetic_demo,8000
KA-CRIME-1648,15.0000,77.7000,53,2026-10-06,synthetic_demo,8000
KA-CRIME-1649,15.0000,77.8000,81,2026-10-06,synthetic_demo,8000
KA-CRIME-1650,15.0000,77.9000,84,2026-10-06,synthetic_demo,8000
KA-CRIME-1651,15.0000,78.0000,51,2026-10-06,synthetic_demo,8000
KA-CRIME-1652,15.0000,78.1000,76,2026-10-06,synthetic_demo,8000
KA-CRIME-1653,15.0000,78.2000,67,2026-10-06,synthetic_demo,8000
KA-CRIME-1654,15.0000,78.3000,78,2026-10-06,synthetic_demo,8000
KA-CRIME-1655,15.0000,78.4000,19,2026-10-06,synthetic_demo,8000
KA-CRIME-1656,15.0000,78.5000,59,2026-10-06,synthetic_demo,8000
KA-CRIME-1657,15.1000,74.0000,87,2026-10-06,synthetic_demo,8000
KA-CRIME-1658,15.1000,74.1000,84,2026-10-06,synthetic_demo,8000
KA-CRIME-1659,15.1000,74.2000,20,2026-10-06,synthetic_demo,8000
KA-CRIME-1660,15.1000,74.3000,37,2026-10-06,synthetic_demo,8000
KA-CRIME-1661,15.1000,74.4000,33,2026-10-06,synthetic_demo,8000
KA-CRIME-1662,15.1000,74.5000,60,2026-10-06,synthetic_demo,8000
KA-CRIME-1663,15.1000,74.6000,45,2026-10-06,synthetic_demo,8000
KA-CRIME-1664,15.1000,74.7000,38,2026-10-06,synthetic_demo,8000
KA-CRIME-1665,15.1000,74.8000,34,2026-10-06,synthetic_demo,8000
KA-CRIME-1666,15.1000,74.9000,60,2026-10-06,synthetic_demo,8000
KA-CRIME-1667,15.1000,75.0000,53,2026-10-06,synthetic_demo,8000
KA-CRIME-1668,15.1000,75.1000,21,2026-10-06,synthetic_demo,8000
KA-CRIME-1669,15.1000,75.2000,74,2026-10-06,synthetic_demo,8000
KA-CRIME-1670,15.1000,75.3000,82,2026-10-06,synthetic_demo,8000
KA-CRIME-1671,15.1000,75.4000,95,2026-10-06,synthetic_demo,8000
KA-CRIME-1672,15.1000,75.5000,39,2026-10-06,synthetic_demo,8000
KA-CRIME-1673,15.1000,75.6000,41,2026-10-06,synthetic_demo,8000
KA-CRIME-1674,15.1000,75.7000,79,2026-10-06,synthetic_demo,8000
KA-CRIME-1675,15.1000,75.8000,82,2026-10-06,synthetic_demo,8000
KA-CRIME-1676,15.1000,75.9000,89,2026-10-06,synthetic_demo,8000
KA-CRIME-1677,15.1000,76.0000,41,2026-10-06,synthetic_demo,8000
KA-CRIME-1678,15.1000,76.1000,95,2026-10-06,synthetic_demo,8000
KA-CRIME-1679,15.1000,76.2000,89,2026-10-06,synthetic_demo,8000
KA-CRIME-1680,15.1000,76.3000,73,2026-10-06,synthetic_demo,8000
KA-CRIME-1681,15.1000,76.4000,22,2026-10-06,synthetic_demo,8000
KA-CRIME-1682,15.1000,76.5000,77,2026-10-06,synthetic_demo,8000
KA-CRIME-1683,15.1000,76.6000,31,2026-10-06,synthetic_demo,8000
KA-CRIME-1684,15.1000,76.7000,57,2026-10-06,synthetic_demo,8000
KA-CRIME-1685,15.1000,76.8000,32,2026-10-06,synthetic_demo,8000
KA-CRIME-1686,15.1000,76.9000,71,2026-10-06,synthetic_demo,8000
KA-CRIME-1687,15.1000,77.0000,76,2026-10-06,synthetic_demo,8000
KA-CRIME-1688,15.1000,77.1000,74,2026-10-06,synthetic_demo,8000
KA-CRIME-1689,15.1000,77.2000,21,2026-10-06,synthetic_demo,8000
KA-CRIME-1690,15.1000,77.3000,74,2026-10-06,synthetic_demo,8000
KA-CRIME-1691,15.1000,77.4000,23,2026-10-06,synthetic_demo,8000
KA-CRIME-1692,15.1000,77.5000,17,2026-10-06,synthetic_demo,8000
KA-CRIME-1693,15.1000,77.6000,29,2026-10-06,synthetic_demo,8000
KA-CRIME-1694,15.1000,77.7000,75,2026-10-06,synthetic_demo,8000
KA-CRIME-1695,15.1000,77.8000,75,2026-10-06,synthetic_demo,8000
KA-CRIME-1696,15.1000,77.9000,41,2026-10-06,synthetic_demo,8000
KA-CRIME-1697,15.1000,78.0000,29,2026-10-06,synthetic_demo,8000
KA-CRIME-1698,15.1000,78.1000,33,2026-10-06,synthetic_demo,8000
KA-CRIME-1699,15.1000,78.2000,51,2026-10-06,synthetic_demo,8000
KA-CRIME-1700,15.1000,78.3000,21,2026-10-06,synthetic_demo,8000
KA-CRIME-1701,15.1000,78.4000,54,2026-10-06,synthetic_demo,8000
KA-CRIME-1702,15.1000,78.5000,67,2026-10-06,synthetic_demo,8000
KA-CRIME-1703,15.2000,74.0000,82,2026-10-06,synthetic_demo,8000
KA-CRIME-1704,15.2000,74.1000,56,2026-10-06,synthetic_demo,8000
KA-CRIME-1705,15.2000,74.2000,56,2026-10-06,synthetic_demo,8000
KA-CRIME-1706,15.2000,74.3000,23,2026-10-06,synthetic_demo,8000
KA-CRIME-1707,15.2000,74.4000,90,2026-10-06,synthetic_demo,8000
KA-CRIME-1708,15.2000,74.5000,75,2026-10-06,synthetic_demo,8000
KA-CRIME-1709,15.2000,74.6000,44,2026-10-06,synthetic_demo,8000
KA-CRIME-1710,15.2000,74.7000,89,2026-10-06,synthetic_demo,8000
KA-CRIME-1711,15.2000,74.8000,23,2026-10-06,synthetic_demo,8000
KA-CRIME-1712,15.2000,74.9000,92,2026-10-06,synthetic_demo,8000
KA-CRIME-1713,15.2000,75.0000,36,2026-10-06,synthetic_demo,8000
KA-CRIME-1714,15.2000,75.1000,54,2026-10-06,synthetic_demo,8000
KA-CRIME-1715,15.2000,75.2000,58,2026-10-06,synthetic_demo,8000
KA-CRIME-1716,15.2000,75.3000,71,2026-10-06,synthetic_demo,8000
KA-CRIME-1717,15.2000,75.4000,37,2026-10-06,synthetic_demo,8000
KA-CRIME-1718,15.2000,75.5000,24,2026-10-06,synthetic_demo,8000
KA-CRIME-1719,15.2000,75.6000,93,2026-10-06,synthetic_demo,8000
KA-CRIME-1720,15.2000,75.7000,17,2026-10-06,synthetic_demo,8000
KA-CRIME-1721,15.2000,75.8000,28,2026-10-06,synthetic_demo,8000
KA-CRIME-1722,15.2000,75.9000,90,2026-10-06,synthetic_demo,8000
KA-CRIME-1723,15.2000,76.0000,60,2026-10-06,synthetic_demo,8000
KA-CRIME-1724,15.2000,76.1000,22,2026-10-06,synthetic_demo,8000
KA-CRIME-1725,15.2000,76.2000,15,2026-10-06,synthetic_demo,8000
KA-CRIME-1726,15.2000,76.3000,41,2026-10-06,synthetic_demo,8000
KA-CRIME-1727,15.2000,76.4000,73,2026-10-06,synthetic_demo,8000
KA-CRIME-1728,15.2000,76.5000,54,2026-10-06,synthetic_demo,8000
KA-CRIME-1729,15.2000,76.6000,76,2026-10-06,synthetic_demo,8000
KA-CRIME-1730,15.2000,76.7000,31,2026-10-06,synthetic_demo,8000
KA-CRIME-1731,15.2000,76.8000,86,2026-10-06,synthetic_demo,8000
KA-CRIME-1732,15.2000,76.9000,65,2026-10-06,synthetic_demo,8000
KA-CRIME-1733,15.2000,77.0000,72,2026-10-06,synthetic_demo,8000
KA-CRIME-1734,15.2000,77.1000,21,2026-10-06,synthetic_demo,8000
KA-CRIME-1735,15.2000,77.2000,38,2026-10-06,synthetic_demo,8000
KA-CRIME-1736,15.2000,77.3000,49,2026-10-06,synthetic_demo,8000
KA-CRIME-1737,15.2000,77.4000,73,2026-10-06,synthetic_demo,8000
KA-CRIME-1738,15.2000,77.5000,75,2026-10-06,synthetic_demo,8000
KA-CRIME-1739,15.2000,77.6000,61,2026-10-06,synthetic_demo,8000
KA-CRIME-1740,15.2000,77.7000,32,2026-10-06,synthetic_demo,8000
KA-CRIME-1741,15.2000,77.8000,27,2026-10-06,synthetic_demo,8000
KA-CRIME-1742,15.2000,77.9000,75,2026-10-06,synthetic_demo,8000
KA-CRIME-1743,15.2000,78.0000,27,2026-10-06,synthetic_demo,8000
KA-CRIME-1744,15.2000,78.1000,27,2026-10-06,synthetic_demo,8000
KA-CRIME-1745,15.2000,78.2000,48,2026-10-06,synthetic_demo,8000
KA-CRIME-1746,15.2000,78.3000,36,2026-10-06,synthetic_demo,8000
KA-CRIME-1747,15.2000,78.4000,55,2026-10-06,synthetic_demo,8000
KA-CRIME-1748,15.2000,78.5000,41,2026-10-06,synthetic_demo,8000
KA-CRIME-1749,15.3000,74.0000,18,2026-10-06,synthetic_demo,8000
KA-CRIME-1750,15.3000,74.1000,23,2026-10-06,synthetic_demo,8000
KA-CRIME-1751,15.3000,74.2000,39,2026-10-06,synthetic_demo,8000
KA-CRIME-1752,15.3000,74.3000,53,2026-10-06,synthetic_demo,8000
KA-CRIME-1753,15.3000,74.4000,92,2026-10-06,synthetic_demo,8000
KA-CRIME-1754,15.3000,74.5000,20,2026-10-06,synthetic_demo,8000
KA-CRIME-1755,15.3000,74.6000,92,2026-10-06,synthetic_demo,8000
KA-CRIME-1756,15.3000,74.7000,23,2026-10-06,synthetic_demo,8000
KA-CRIME-1757,15.3000,74.8000,87,2026-10-06,synthetic_demo,8000
KA-CRIME-1758,15.3000,74.9000,55,2026-10-06,synthetic_demo,8000
KA-CRIME-1759,15.3000,75.0000,75,2026-10-06,synthetic_demo,8000
KA-CRIME-1760,15.3000,75.1000,43,2026-10-06,synthetic_demo,8000
KA-CRIME-1761,15.3000,75.2000,28,2026-10-06,synthetic_demo,8000
KA-CRIME-1762,15.3000,75.3000,87,2026-10-06,synthetic_demo,8000
KA-CRIME-1763,15.3000,75.4000,18,2026-10-06,synthetic_demo,8000
KA-CRIME-1764,15.3000,75.5000,94,2026-10-06,synthetic_demo,8000
KA-CRIME-1765,15.3000,75.6000,75,2026-10-06,synthetic_demo,8000
KA-CRIME-1766,15.3000,75.7000,28,2026-10-06,synthetic_demo,8000
KA-CRIME-1767,15.3000,75.8000,89,2026-10-06,synthetic_demo,8000
KA-CRIME-1768,15.3000,75.9000,78,2026-10-06,synthetic_demo,8000
KA-CRIME-1769,15.3000,76.0000,67,2026-10-06,synthetic_demo,8000
KA-CRIME-1770,15.3000,76.1000,76,2026-10-06,synthetic_demo,8000
KA-CRIME-1771,15.3000,76.2000,67,2026-10-06,synthetic_demo,8000
KA-CRIME-1772,15.3000,76.3000,90,2026-10-06,synthetic_demo,8000
KA-CRIME-1773,15.3000,76.4000,69,2026-10-06,synthetic_demo,8000
KA-CRIME-1774,15.3000,76.5000,63,2026-10-06,synthetic_demo,8000
KA-CRIME-1775,15.3000,76.6000,31,2026-10-06,synthetic_demo,8000
KA-CRIME-1776,15.3000,76.7000,93,2026-10-06,synthetic_demo,8000
KA-CRIME-1777,15.3000,76.8000,38,2026-10-06,synthetic_demo,8000
KA-CRIME-1778,15.3000,76.9000,74,2026-10-06,synthetic_demo,8000
KA-CRIME-1779,15.3000,77.0000,19,2026-10-06,synthetic_demo,8000
KA-CRIME-1780,15.3000,77.1000,22,2026-10-06,synthetic_demo,8000
KA-CRIME-1781,15.3000,77.2000,78,2026-10-06,synthetic_demo,8000
KA-CRIME-1782,15.3000,77.3000,35,2026-10-06,synthetic_demo,8000
KA-CRIME-1783,15.3000,77.4000,77,2026-10-06,synthetic_demo,8000
KA-CRIME-1784,15.3000,77.5000,69,2026-10-06,synthetic_demo,8000
KA-CRIME-1785,15.3000,77.6000,38,2026-10-06,synthetic_demo,8000
KA-CRIME-1786,15.3000,77.7000,77,2026-10-06,synthetic_demo,8000
KA-CRIME-1787,15.3000,77.8000,75,2026-10-06,synthetic_demo,8000
KA-CRIME-1788,15.3000,77.9000,31,2026-10-06,synthetic_demo,8000
KA-CRIME-1789,15.3000,78.0000,18,2026-10-06,synthetic_demo,8000
KA-CRIME-1790,15.3000,78.1000,67,2026-10-06,synthetic_demo,8000
KA-CRIME-1791,15.3000,78.2000,94,2026-10-06,synthetic_demo,8000
KA-CRIME-1792,15.3000,78.3000,65,2026-10-06,synthetic_demo,8000
KA-CRIME-1793,15.3000,78.4000,42,2026-10-06,synthetic_demo,8000
KA-CRIME-1794,15.3000,78.5000,87,2026-10-06,synthetic_demo,8000
KA-CRIME-1795,15.4000,74.0000,67,2026-10-06,synthetic_demo,8000
KA-CRIME-1796,15.4000,74.1000,87,2026-10-06,synthetic_demo,8000
KA-CRIME-1797,15.4000,74.2000,59,2026-10-06,synthetic_demo,8000
KA-CRIME-1798,15.4000,74.3000,73,2026-10-06,synthetic_demo,8000
KA-CRIME-1799,15.4000,74.4000,59,2026-10-06,synthetic_demo,8000
KA-CRIME-1800,15.4000,74.5000,31,2026-10-06,synthetic_demo,8000
KA-CRIME-1801,15.4000,74.6000,27,2026-10-06,synthetic_demo,8000
KA-CRIME-1802,15.4000,74.7000,86,2026-10-06,synthetic_demo,8000
KA-CRIME-1803,15.4000,74.8000,64,2026-10-06,synthetic_demo,8000
KA-CRIME-1804,15.4000,74.9000,83,2026-10-06,synthetic_demo,8000
KA-CRIME-1805,15.4000,75.0000,27,2026-10-06,synthetic_demo,8000
KA-CRIME-1806,15.4000,75.1000,24,2026-10-06,synthetic_demo,8000
KA-CRIME-1807,15.4000,75.2000,41,2026-10-06,synthetic_demo,8000
KA-CRIME-1808,15.4000,75.3000,33,2026-10-06,synthetic_demo,8000
KA-CRIME-1809,15.4000,75.4000,49,2026-10-06,synthetic_demo,8000
KA-CRIME-1810,15.4000,75.5000,18,2026-10-06,synthetic_demo,8000
KA-CRIME-1811,15.4000,75.6000,91,2026-10-06,synthetic_demo,8000
KA-CRIME-1812,15.4000,75.7000,47,2026-10-06,synthetic_demo,8000
KA-CRIME-1813,15.4000,75.8000,60,2026-10-06,synthetic_demo,8000
KA-CRIME-1814,15.4000,75.9000,16,2026-10-06,synthetic_demo,8000
KA-CRIME-1815,15.4000,76.0000,60,2026-10-06,synthetic_demo,8000
KA-CRIME-1816,15.4000,76.1000,25,2026-10-06,synthetic_demo,8000
KA-CRIME-1817,15.4000,76.2000,20,2026-10-06,synthetic_demo,8000
KA-CRIME-1818,15.4000,76.3000,66,2026-10-06,synthetic_demo,8000
KA-CRIME-1819,15.4000,76.4000,71,2026-10-06,synthetic_demo,8000
KA-CRIME-1820,15.4000,76.5000,64,2026-10-06,synthetic_demo,8000
KA-CRIME-1821,15.4000,76.6000,94,2026-10-06,synthetic_demo,8000
KA-CRIME-1822,15.4000,76.7000,27,2026-10-06,synthetic_demo,8000
KA-CRIME-1823,15.4000,76.8000,68,2026-10-06,synthetic_demo,8000
KA-CRIME-1824,15.4000,76.9000,41,2026-10-06,synthetic_demo,8000
KA-CRIME-1825,15.4000,77.0000,22,2026-10-06,synthetic_demo,8000
KA-CRIME-1826,15.4000,77.1000,86,2026-10-06,synthetic_demo,8000
KA-CRIME-1827,15.4000,77.2000,74,2026-10-06,synthetic_demo,8000
KA-CRIME-1828,15.4000,77.3000,39,2026-10-06,synthetic_demo,8000
KA-CRIME-1829,15.4000,77.4000,69,2026-10-06,synthetic_demo,8000
KA-CRIME-1830,15.4000,77.5000,50,2026-10-06,synthetic_demo,8000
KA-CRIME-1831,15.4000,77.6000,69,2026-10-06,synthetic_demo,8000
KA-CRIME-1832,15.4000,77.7000,78,2026-10-06,synthetic_demo,8000
KA-CRIME-1833,15.4000,77.8000,56,2026-10-06,synthetic_demo,8000
KA-CRIME-1834,15.4000,77.9000,94,2026-10-06,synthetic_demo,8000
KA-CRIME-1835,15.4000,78.0000,54,2026-10-06,synthetic_demo,8000
KA-CRIME-1836,15.4000,78.1000,53,2026-10-06,synthetic_demo,8000
KA-CRIME-1837,15.4000,78.2000,52,2026-10-06,synthetic_demo,8000
KA-CRIME-1838,15.4000,78.3000,77,2026-10-06,synthetic_demo,8000
KA-CRIME-1839,15.4000,78.4000,36,2026-10-06,synthetic_demo,8000
KA-CRIME-1840,15.4000,78.5000,62,2026-10-06,synthetic_demo,8000
KA-CRIME-1841,15.5000,74.0000,76,2026-10-06,synthetic_demo,8000
KA-CRIME-1842,15.5000,74.1000,73,2026-10-06,synthetic_demo,8000
KA-CRIME-1843,15.5000,74.2000,45,2026-10-06,synthetic_demo,8000
KA-CRIME-1844,15.5000,74.3000,76,2026-10-06,synthetic_demo,8000
KA-CRIME-1845,15.5000,74.4000,94,2026-10-06,synthetic_demo,8000
KA-CRIME-1846,15.5000,74.5000,75,2026-10-06,synthetic_demo,8000
KA-CRIME-1847,15.5000,74.6000,19,2026-10-06,synthetic_demo,8000
KA-CRIME-1848,15.5000,74.7000,94,2026-10-06,synthetic_demo,8000
KA-CRIME-1849,15.5000,74.8000,71,2026-10-06,synthetic_demo,8000
KA-CRIME-1850,15.5000,74.9000,53,2026-10-06,synthetic_demo,8000
KA-CRIME-1851,15.5000,75.0000,75,2026-10-06,synthetic_demo,8000
KA-CRIME-1852,15.5000,75.1000,59,2026-10-06,synthetic_demo,8000
KA-CRIME-1853,15.5000,75.2000,75,2026-10-06,synthetic_demo,8000
KA-CRIME-1854,15.5000,75.3000,22,2026-10-06,synthetic_demo,8000
KA-CRIME-1855,15.5000,75.4000,81,2026-10-06,synthetic_demo,8000
KA-CRIME-1856,15.5000,75.5000,86,2026-10-06,synthetic_demo,8000
KA-CRIME-1857,15.5000,75.6000,79,2026-10-06,synthetic_demo,8000
KA-CRIME-1858,15.5000,75.7000,30,2026-10-06,synthetic_demo,8000
KA-CRIME-1859,15.5000,75.8000,75,2026-10-06,synthetic_demo,8000
KA-CRIME-1860,15.5000,75.9000,59,2026-10-06,synthetic_demo,8000
KA-CRIME-1861,15.5000,76.0000,66,2026-10-06,synthetic_demo,8000
KA-CRIME-1862,15.5000,76.1000,79,2026-10-06,synthetic_demo,8000
KA-CRIME-1863,15.5000,76.2000,46,2026-10-06,synthetic_demo,8000
KA-CRIME-1864,15.5000,76.3000,20,2026-10-06,synthetic_demo,8000
KA-CRIME-1865,15.5000,76.4000,90,2026-10-06,synthetic_demo,8000
KA-CRIME-1866,15.5000,76.5000,20,2026-10-06,synthetic_demo,8000
KA-CRIME-1867,15.5000,76.6000,83,2026-10-06,synthetic_demo,8000
KA-CRIME-1868,15.5000,76.7000,71,2026-10-06,synthetic_demo,8000
KA-CRIME-1869,15.5000,76.8000,79,2026-10-06,synthetic_demo,8000
KA-CRIME-1870,15.5000,76.9000,22,2026-10-06,synthetic_demo,8000
KA-CRIME-1871,15.5000,77.0000,79,2026-10-06,synthetic_demo,8000
KA-CRIME-1872,15.5000,77.1000,57,2026-10-06,synthetic_demo,8000
KA-CRIME-1873,15.5000,77.2000,27,2026-10-06,synthetic_demo,8000
KA-CRIME-1874,15.5000,77.3000,55,2026-10-06,synthetic_demo,8000
KA-CRIME-1875,15.5000,77.4000,93,2026-10-06,synthetic_demo,8000
KA-CRIME-1876,15.5000,77.5000,50,2026-10-06,synthetic_demo,8000
KA-CRIME-1877,15.5000,77.6000,82,2026-10-06,synthetic_demo,8000
KA-CRIME-1878,15.5000,77.7000,26,2026-10-06,synthetic_demo,8000
KA-CRIME-1879,15.5000,77.8000,23,2026-10-06,synthetic_demo,8000
KA-CRIME-1880,15.5000,77.9000,43,2026-10-06,synthetic_demo,8000
KA-CRIME-1881,15.5000,78.0000,57,2026-10-06,synthetic_demo,8000
KA-CRIME-1882,15.5000,78.1000,48,2026-10-06,synthetic_demo,8000
KA-CRIME-1883,15.5000,78.2000,38,2026-10-06,synthetic_demo,8000
KA-CRIME-1884,15.5000,78.3000,88,2026-10-06,synthetic_demo,8000
KA-CRIME-1885,15.5000,78.4000,52,2026-10-06,synthetic_demo,8000
KA-CRIME-1886,15.5000,78.5000,20,2026-10-06,synthetic_demo,8000
KA-CRIME-1887,15.6000,74.0000,18,2026-10-06,synthetic_demo,8000
KA-CRIME-1888,15.6000,74.1000,30,2026-10-06,synthetic_demo,8000
KA-CRIME-1889,15.6000,74.2000,26,2026-10-06,synthetic_demo,8000
KA-CRIME-1890,15.6000,74.3000,72,2026-10-06,synthetic_demo,8000
KA-CRIME-1891,15.6000,74.4000,28,2026-10-06,synthetic_demo,8000
KA-CRIME-1892,15.6000,74.5000,48,2026-10-06,synthetic_demo,8000
KA-CRIME-1893,15.6000,74.6000,87,2026-10-06,synthetic_demo,8000
KA-CRIME-1894,15.6000,74.7000,68,2026-10-06,synthetic_demo,8000
KA-CRIME-1895,15.6000,74.8000,26,2026-10-06,synthetic_demo,8000
KA-CRIME-1896,15.6000,74.9000,89,2026-10-06,synthetic_demo,8000
KA-CRIME-1897,15.6000,75.0000,77,2026-10-06,synthetic_demo,8000
KA-CRIME-1898,15.6000,75.1000,45,2026-10-06,synthetic_demo,8000
KA-CRIME-1899,15.6000,75.2000,37,2026-10-06,synthetic_demo,8000
KA-CRIME-1900,15.6000,75.3000,19,2026-10-06,synthetic_demo,8000
KA-CRIME-1901,15.6000,75.4000,32,2026-10-06,synthetic_demo,8000
KA-CRIME-1902,15.6000,75.5000,50,2026-10-06,synthetic_demo,8000
KA-CRIME-1903,15.6000,75.6000,58,2026-10-06,synthetic_demo,8000
KA-CRIME-1904,15.6000,75.7000,63,2026-10-06,synthetic_demo,8000
KA-CRIME-1905,15.6000,75.8000,86,2026-10-06,synthetic_demo,8000
KA-CRIME-1906,15.6000,75.9000,73,2026-10-06,synthetic_demo,8000
KA-CRIME-1907,15.6000,76.0000,45,2026-10-06,synthetic_demo,8000
KA-CRIME-1908,15.6000,76.1000,82,2026-10-06,synthetic_demo,8000
KA-CRIME-1909,15.6000,76.2000,43,2026-10-06,synthetic_demo,8000
KA-CRIME-1910,15.6000,76.3000,48,2026-10-06,synthetic_demo,8000
KA-CRIME-1911,15.6000,76.4000,16,2026-10-06,synthetic_demo,8000
KA-CRIME-1912,15.6000,76.5000,24,2026-10-06,synthetic_demo,8000
KA-CRIME-1913,15.6000,76.6000,87,2026-10-06,synthetic_demo,8000
KA-CRIME-1914,15.6000,76.7000,82,2026-10-06,synthetic_demo,8000
KA-CRIME-1915,15.6000,76.8000,31,2026-10-06,synthetic_demo,8000
KA-CRIME-1916,15.6000,76.9000,92,2026-10-06,synthetic_demo,8000
KA-CRIME-1917,15.6000,77.0000,74,2026-10-06,synthetic_demo,8000
KA-CRIME-1918,15.6000,77.1000,42,2026-10-06,synthetic_demo,8000
KA-CRIME-1919,15.6000,77.2000,28,2026-10-06,synthetic_demo,8000
KA-CRIME-1920,15.6000,77.3000,92,2026-10-06,synthetic_demo,8000
KA-CRIME-1921,15.6000,77.4000,32,2026-10-06,synthetic_demo,8000
KA-CRIME-1922,15.6000,77.5000,67,2026-10-06,synthetic_demo,8000
KA-CRIME-1923,15.6000,77.6000,76,2026-10-06,synthetic_demo,8000
KA-CRIME-1924,15.6000,77.7000,78,2026-10-06,synthetic_demo,8000
KA-CRIME-1925,15.6000,77.8000,42,2026-10-06,synthetic_demo,8000
KA-CRIME-1926,15.6000,77.9000,15,2026-10-06,synthetic_demo,8000
KA-CRIME-1927,15.6000,78.0000,45,2026-10-06,synthetic_demo,8000
KA-CRIME-1928,15.6000,78.1000,64,2026-10-06,synthetic_demo,8000
KA-CRIME-1929,15.6000,78.2000,37,2026-10-06,synthetic_demo,8000
KA-CRIME-1930,15.6000,78.3000,80,2026-10-06,synthetic_demo,8000
KA-CRIME-1931,15.6000,78.4000,62,2026-10-06,synthetic_demo,8000
KA-CRIME-1932,15.6000,78.5000,53,2026-10-06,synthetic_demo,8000
KA-CRIME-1933,15.7000,74.0000,80,2026-10-06,synthetic_demo,8000
KA-CRIME-1934,15.7000,74.1000,35,2026-10-06,synthetic_demo,8000
KA-CRIME-1935,15.7000,74.2000,31,2026-10-06,synthetic_demo,8000
KA-CRIME-1936,15.7000,74.3000,35,2026-10-06,synthetic_demo,8000
KA-CRIME-1937,15.7000,74.4000,42,2026-10-06,synthetic_demo,8000
KA-CRIME-1938,15.7000,74.5000,43,2026-10-06,synthetic_demo,8000
KA-CRIME-1939,15.7000,74.6000,76,2026-10-06,synthetic_demo,8000
KA-CRIME-1940,15.7000,74.7000,52,2026-10-06,synthetic_demo,8000
KA-CRIME-1941,15.7000,74.8000,67,2026-10-06,synthetic_demo,8000
KA-CRIME-1942,15.7000,74.9000,81,2026-10-06,synthetic_demo,8000
KA-CRIME-1943,15.7000,75.0000,95,2026-10-06,synthetic_demo,8000
KA-CRIME-1944,15.7000,75.1000,63,2026-10-06,synthetic_demo,8000
KA-CRIME-1945,15.7000,75.2000,27,2026-10-06,synthetic_demo,8000
KA-CRIME-1946,15.7000,75.3000,26,2026-10-06,synthetic_demo,8000
KA-CRIME-1947,15.7000,75.4000,84,2026-10-06,synthetic_demo,8000
KA-CRIME-1948,15.7000,75.5000,42,2026-10-06,synthetic_demo,8000
KA-CRIME-1949,15.7000,75.6000,38,2026-10-06,synthetic_demo,8000
KA-CRIME-1950,15.7000,75.7000,55,2026-10-06,synthetic_demo,8000
KA-CRIME-1951,15.7000,75.8000,86,2026-10-06,synthetic_demo,8000
KA-CRIME-1952,15.7000,75.9000,34,2026-10-06,synthetic_demo,8000
KA-CRIME-1953,15.7000,76.0000,77,2026-10-06,synthetic_demo,8000
KA-CRIME-1954,15.7000,76.1000,72,2026-10-06,synthetic_demo,8000
KA-CRIME-1955,15.7000,76.2000,33,2026-10-06,synthetic_demo,8000
KA-CRIME-1956,15.7000,76.3000,93,2026-10-06,synthetic_demo,8000
KA-CRIME-1957,15.7000,76.4000,52,2026-10-06,synthetic_demo,8000
KA-CRIME-1958,15.7000,76.5000,72,2026-10-06,synthetic_demo,8000
KA-CRIME-1959,15.7000,76.6000,85,2026-10-06,synthetic_demo,8000
KA-CRIME-1960,15.7000,76.7000,25,2026-10-06,synthetic_demo,8000
KA-CRIME-1961,15.7000,76.8000,89,2026-10-06,synthetic_demo,8000
KA-CRIME-1962,15.7000,76.9000,42,2026-10-06,synthetic_demo,8000
KA-CRIME-1963,15.7000,77.0000,66,2026-10-06,synthetic_demo,8000
KA-CRIME-1964,15.7000,77.1000,46,2026-10-06,synthetic_demo,8000
KA-CRIME-1965,15.7000,77.2000,83,2026-10-06,synthetic_demo,8000
KA-CRIME-1966,15.7000,77.3000,55,2026-10-06,synthetic_demo,8000
KA-CRIME-1967,15.7000,77.4000,91,2026-10-06,synthetic_demo,8000
KA-CRIME-1968,15.7000,77.5000,77,2026-10-06,synthetic_demo,8000
KA-CRIME-1969,15.7000,77.6000,18,2026-10-06,synthetic_demo,8000
KA-CRIME-1970,15.7000,77.7000,95,2026-10-06,synthetic_demo,8000
KA-CRIME-1971,15.7000,77.8000,88,2026-10-06,synthetic_demo,8000
KA-CRIME-1972,15.7000,77.9000,19,2026-10-06,synthetic_demo,8000
KA-CRIME-1973,15.7000,78.0000,30,2026-10-06,synthetic_demo,8000
KA-CRIME-1974,15.7000,78.1000,62,2026-10-06,synthetic_demo,8000
KA-CRIME-1975,15.7000,78.2000,91,2026-10-06,synthetic_demo,8000
KA-CRIME-1976,15.7000,78.3000,22,2026-10-06,synthetic_demo,8000
KA-CRIME-1977,15.7000,78.4000,61,2026-10-06,synthetic_demo,8000
KA-CRIME-1978,15.7000,78.5000,52,2026-10-06,synthetic_demo,8000
KA-CRIME-1979,15.8000,74.0000,62,2026-10-06,synthetic_demo,8000
KA-CRIME-1980,15.8000,74.1000,65,2026-10-06,synthetic_demo,8000
KA-CRIME-1981,15.8000,74.2000,77,2026-10-06,synthetic_demo,8000
KA-CRIME-1982,15.8000,74.3000,39,2026-10-06,synthetic_demo,8000
KA-CRIME-1983,15.8000,74.4000,47,2026-10-06,synthetic_demo,8000
KA-CRIME-1984,15.8000,74.5000,44,2026-10-06,synthetic_demo,8000
KA-CRIME-1985,15.8000,74.6000,28,2026-10-06,synthetic_demo,8000
KA-CRIME-1986,15.8000,74.7000,84,2026-10-06,synthetic_demo,8000
KA-CRIME-1987,15.8000,74.8000,46,2026-10-06,synthetic_demo,8000
KA-CRIME-1988,15.8000,74.9000,90,2026-10-06,synthetic_demo,8000
KA-CRIME-1989,15.8000,75.0000,52,2026-10-06,synthetic_demo,8000
KA-CRIME-1990,15.8000,75.1000,24,2026-10-06,synthetic_demo,8000
KA-CRIME-1991,15.8000,75.2000,63,2026-10-06,synthetic_demo,8000
KA-CRIME-1992,15.8000,75.3000,57,2026-10-06,synthetic_demo,8000
KA-CRIME-1993,15.8000,75.4000,50,2026-10-06,synthetic_demo,8000
KA-CRIME-1994,15.8000,75.5000,82,2026-10-06,synthetic_demo,8000
KA-CRIME-1995,15.8000,75.6000,40,2026-10-06,synthetic_demo,8000
KA-CRIME-1996,15.8000,75.7000,48,2026-10-06,synthetic_demo,8000
KA-CRIME-1997,15.8000,75.8000,16,2026-10-06,synthetic_demo,8000
KA-CRIME-1998,15.8000,75.9000,85,2026-10-06,synthetic_demo,8000
KA-CRIME-1999,15.8000,76.0000,18,2026-10-06,synthetic_demo,8000
KA-CRIME-2000,15.8000,76.1000,73,2026-10-06,synthetic_demo,8000
KA-CRIME-2001,15.8000,76.2000,18,2026-10-06,synthetic_demo,8000
KA-CRIME-2002,15.8000,76.3000,27,2026-10-06,synthetic_demo,8000
KA-CRIME-2003,15.8000,76.4000,41,2026-10-06,synthetic_demo,8000
KA-CRIME-2004,15.8000,76.5000,51,2026-10-06,synthetic_demo,8000
KA-CRIME-2005,15.8000,76.6000,67,2026-10-06,synthetic_demo,8000
KA-CRIME-2006,15.8000,76.7000,31,2026-10-06,synthetic_demo,8000
KA-CRIME-2007,15.8000,76.8000,31,2026-10-06,synthetic_demo,8000
KA-CRIME-2008,15.8000,76.9000,62,2026-10-06,synthetic_demo,8000
KA-CRIME-2009,15.8000,77.0000,55,2026-10-06,synthetic_demo,8000
KA-CRIME-2010,15.8000,77.1000,64,2026-10-06,synthetic_demo,8000
KA-CRIME-2011,15.8000,77.2000,24,2026-10-06,synthetic_demo,8000
KA-CRIME-2012,15.8000,77.3000,65,2026-10-06,synthetic_demo,8000
KA-CRIME-2013,15.8000,77.4000,54,2026-10-06,synthetic_demo,8000
KA-CRIME-2014,15.8000,77.5000,15,2026-10-06,synthetic_demo,8000
KA-CRIME-2015,15.8000,77.6000,30,2026-10-06,synthetic_demo,8000
KA-CRIME-2016,15.8000,77.7000,56,2026-10-06,synthetic_demo,8000
KA-CRIME-2017,15.8000,77.8000,40,2026-10-06,synthetic_demo,8000
KA-CRIME-2018,15.8000,77.9000,63,2026-10-06,synthetic_demo,8000
KA-CRIME-2019,15.8000,78.0000,58,2026-10-06,synthetic_demo,8000
KA-CRIME-2020,15.8000,78.1000,15,2026-10-06,synthetic_demo,8000
KA-CRIME-2021,15.8000,78.2000,38,2026-10-06,synthetic_demo,8000
KA-CRIME-2022,15.8000,78.3000,62,2026-10-06,synthetic_demo,8000
KA-CRIME-2023,15.8000,78.4000,54,2026-10-06,synthetic_demo,8000
KA-CRIME-2024,15.8000,78.5000,41,2026-10-06,synthetic_demo,8000
KA-CRIME-2025,15.9000,74.0000,28,2026-10-06,synthetic_demo,8000
KA-CRIME-2026,15.9000,74.1000,29,2026-10-06,synthetic_demo,8000
KA-CRIME-2027,15.9000,74.2000,35,2026-10-06,synthetic_demo,8000
KA-CRIME-2028,15.9000,74.3000,54,2026-10-06,synthetic_demo,8000
KA-CRIME-2029,15.9000,74.4000,75,2026-10-06,synthetic_demo,8000
KA-CRIME-2030,15.9000,74.5000,15,2026-10-06,synthetic_demo,8000
KA-CRIME-2031,15.9000,74.6000,52,2026-10-06,synthetic_demo,8000
KA-CRIME-2032,15.9000,74.7000,32,2026-10-06,synthetic_demo,8000
KA-CRIME-2033,15.9000,74.8000,94,2026-10-06,synthetic_demo,8000
KA-CRIME-2034,15.9000,74.9000,16,2026-10-06,synthetic_demo,8000
KA-CRIME-2035,15.9000,75.0000,15,2026-10-06,synthetic_demo,8000
KA-CRIME-2036,15.9000,75.1000,53,2026-10-06,synthetic_demo,8000
KA-CRIME-2037,15.9000,75.2000,57,2026-10-06,synthetic_demo,8000
KA-CRIME-2038,15.9000,75.3000,48,2026-10-06,synthetic_demo,8000
KA-CRIME-2039,15.9000,75.4000,48,2026-10-06,synthetic_demo,8000
KA-CRIME-2040,15.9000,75.5000,38,2026-10-06,synthetic_demo,8000
KA-CRIME-2041,15.9000,75.6000,82,2026-10-06,synthetic_demo,8000
KA-CRIME-2042,15.9000,75.7000,57,2026-10-06,synthetic_demo,8000
KA-CRIME-2043,15.9000,75.8000,61,2026-10-06,synthetic_demo,8000
KA-CRIME-2044,15.9000,75.9000,62,2026-10-06,synthetic_demo,8000
KA-CRIME-2045,15.9000,76.0000,76,2026-10-06,synthetic_demo,8000
KA-CRIME-2046,15.9000,76.1000,45,2026-10-06,synthetic_demo,8000
KA-CRIME-2047,15.9000,76.2000,95,2026-10-06,synthetic_demo,8000
KA-CRIME-2048,15.9000,76.3000,40,2026-10-06,synthetic_demo,8000
KA-CRIME-2049,15.9000,76.4000,39,2026-10-06,synthetic_demo,8000
KA-CRIME-2050,15.9000,76.5000,32,2026-10-06,synthetic_demo,8000
KA-CRIME-2051,15.9000,76.6000,69,2026-10-06,synthetic_demo,8000
KA-CRIME-2052,15.9000,76.7000,43,2026-10-06,synthetic_demo,8000
KA-CRIME-2053,15.9000,76.8000,95,2026-10-06,synthetic_demo,8000
KA-CRIME-2054,15.9000,76.9000,95,2026-10-06,synthetic_demo,8000
KA-CRIME-2055,15.9000,77.0000,15,2026-10-06,synthetic_demo,8000
KA-CRIME-2056,15.9000,77.1000,91,2026-10-06,synthetic_demo,8000
KA-CRIME-2057,15.9000,77.2000,92,2026-10-06,synthetic_demo,8000
KA-CRIME-2058,15.9000,77.3000,60,2026-10-06,synthetic_demo,8000
KA-CRIME-2059,15.9000,77.4000,73,2026-10-06,synthetic_demo,8000
KA-CRIME-2060,15.9000,77.5000,26,2026-10-06,synthetic_demo,8000
KA-CRIME-2061,15.9000,77.6000,36,2026-10-06,synthetic_demo,8000
KA-CRIME-2062,15.9000,77.7000,69,2026-10-06,synthetic_demo,8000
KA-CRIME-2063,15.9000,77.8000,27,2026-10-06,synthetic_demo,8000
KA-CRIME-2064,15.9000,77.9000,56,2026-10-06,synthetic_demo,8000
KA-CRIME-2065,15.9000,78.0000,33,2026-10-06,synthetic_demo,8000
KA-CRIME-2066,15.9000,78.1000,86,2026-10-06,synthetic_demo,8000
KA-CRIME-2067,15.9000,78.2000,18,2026-10-06,synthetic_demo,8000
KA-CRIME-2068,15.9000,78.3000,35,2026-10-06,synthetic_demo,8000
KA-CRIME-2069,15.9000,78.4000,43,2026-10-06,synthetic_demo,8000
KA-CRIME-2070,15.9000,78.5000,46,2026-10-06,synthetic_demo,8000
KA-CRIME-2071,16.0000,74.0000,18,2026-10-06,synthetic_demo,8000
KA-CRIME-2072,16.0000,74.1000,28,2026-10-06,synthetic_demo,8000
KA-CRIME-2073,16.0000,74.2000,75,2026-10-06,synthetic_demo,8000
KA-CRIME-2074,16.0000,74.3000,88,2026-10-06,synthetic_demo,8000
KA-CRIME-2075,16.0000,74.4000,40,2026-10-06,synthetic_demo,8000
KA-CRIME-2076,16.0000,74.5000,82,2026-10-06,synthetic_demo,8000
KA-CRIME-2077,16.0000,74.6000,21,2026-10-06,synthetic_demo,8000
KA-CRIME-2078,16.0000,74.7000,46,2026-10-06,synthetic_demo,8000
KA-CRIME-2079,16.0000,74.8000,47,2026-10-06,synthetic_demo,8000
KA-CRIME-2080,16.0000,74.9000,84,2026-10-06,synthetic_demo,8000
KA-CRIME-2081,16.0000,75.0000,73,2026-10-06,synthetic_demo,8000
KA-CRIME-2082,16.0000,75.1000,18,2026-10-06,synthetic_demo,8000
KA-CRIME-2083,16.0000,75.2000,71,2026-10-06,synthetic_demo,8000
KA-CRIME-2084,16.0000,75.3000,73,2026-10-06,synthetic_demo,8000
KA-CRIME-2085,16.0000,75.4000,17,2026-10-06,synthetic_demo,8000
KA-CRIME-2086,16.0000,75.5000,34,2026-10-06,synthetic_demo,8000
KA-CRIME-2087,16.0000,75.6000,58,2026-10-06,synthetic_demo,8000
KA-CRIME-2088,16.0000,75.7000,17,2026-10-06,synthetic_demo,8000
KA-CRIME-2089,16.0000,75.8000,64,2026-10-06,synthetic_demo,8000
KA-CRIME-2090,16.0000,75.9000,64,2026-10-06,synthetic_demo,8000
KA-CRIME-2091,16.0000,76.0000,85,2026-10-06,synthetic_demo,8000
KA-CRIME-2092,16.0000,76.1000,45,2026-10-06,synthetic_demo,8000
KA-CRIME-2093,16.0000,76.2000,59,2026-10-06,synthetic_demo,8000
KA-CRIME-2094,16.0000,76.3000,63,2026-10-06,synthetic_demo,8000
KA-CRIME-2095,16.0000,76.4000,44,2026-10-06,synthetic_demo,8000
KA-CRIME-2096,16.0000,76.5000,35,2026-10-06,synthetic_demo,8000
KA-CRIME-2097,16.0000,76.6000,57,2026-10-06,synthetic_demo,8000
KA-CRIME-2098,16.0000,76.7000,53,2026-10-06,synthetic_demo,8000
KA-CRIME-2099,16.0000,76.8000,94,2026-10-06,synthetic_demo,8000
KA-CRIME-2100,16.0000,76.9000,40,2026-10-06,synthetic_demo,8000
KA-CRIME-2101,16.0000,77.0000,37,2026-10-06,synthetic_demo,8000
KA-CRIME-2102,16.0000,77.1000,31,2026-10-06,synthetic_demo,8000
KA-CRIME-2103,16.0000,77.2000,82,2026-10-06,synthetic_demo,8000
KA-CRIME-2104,16.0000,77.3000,78,2026-10-06,synthetic_demo,8000
KA-CRIME-2105,16.0000,77.4000,85,2026-10-06,synthetic_demo,8000
KA-CRIME-2106,16.0000,77.5000,42,2026-10-06,synthetic_demo,8000
KA-CRIME-2107,16.0000,77.6000,19,2026-10-06,synthetic_demo,8000
KA-CRIME-2108,16.0000,77.7000,28,2026-10-06,synthetic_demo,8000
KA-CRIME-2109,16.0000,77.8000,64,2026-10-06,synthetic_demo,8000
KA-CRIME-2110,16.0000,77.9000,85,2026-10-06,synthetic_demo,8000
KA-CRIME-2111,16.0000,78.0000,16,2026-10-06,synthetic_demo,8000
KA-CRIME-2112,16.0000,78.1000,54,2026-10-06,synthetic_demo,8000
KA-CRIME-2113,16.0000,78.2000,41,2026-10-06,synthetic_demo,8000
KA-CRIME-2114,16.0000,78.3000,33,2026-10-06,synthetic_demo,8000
KA-CRIME-2115,16.0000,78.4000,68,2026-10-06,synthetic_demo,8000
KA-CRIME-2116,16.0000,78.5000,17,2026-10-06,synthetic_demo,8000
KA-CRIME-2117,16.1000,74.0000,68,2026-10-06,synthetic_demo,8000
KA-CRIME-2118,16.1000,74.1000,51,2026-10-06,synthetic_demo,8000
KA-CRIME-2119,16.1000,74.2000,51,2026-10-06,synthetic_demo,8000
KA-CRIME-2120,16.1000,74.3000,31,2026-10-06,synthetic_demo,8000
KA-CRIME-2121,16.1000,74.4000,93,2026-10-06,synthetic_demo,8000
KA-CRIME-2122,16.1000,74.5000,23,2026-10-06,synthetic_demo,8000
KA-CRIME-2123,16.1000,74.6000,61,2026-10-06,synthetic_demo,8000
KA-CRIME-2124,16.1000,74.7000,87,2026-10-06,synthetic_demo,8000
KA-CRIME-2125,16.1000,74.8000,29,2026-10-06,synthetic_demo,8000
KA-CRIME-2126,16.1000,74.9000,45,2026-10-06,synthetic_demo,8000
KA-CRIME-2127,16.1000,75.0000,32,2026-10-06,synthetic_demo,8000
KA-CRIME-2128,16.1000,75.1000,83,2026-10-06,synthetic_demo,8000
KA-CRIME-2129,16.1000,75.2000,90,2026-10-06,synthetic_demo,8000
KA-CRIME-2130,16.1000,75.3000,86,2026-10-06,synthetic_demo,8000
KA-CRIME-2131,16.1000,75.4000,93,2026-10-06,synthetic_demo,8000
KA-CRIME-2132,16.1000,75.5000,84,2026-10-06,synthetic_demo,8000
KA-CRIME-2133,16.1000,75.6000,92,2026-10-06,synthetic_demo,8000
KA-CRIME-2134,16.1000,75.7000,94,2026-10-06,synthetic_demo,8000
KA-CRIME-2135,16.1000,75.8000,39,2026-10-06,synthetic_demo,8000
KA-CRIME-2136,16.1000,75.9000,78,2026-10-06,synthetic_demo,8000
KA-CRIME-2137,16.1000,76.0000,22,2026-10-06,synthetic_demo,8000
KA-CRIME-2138,16.1000,76.1000,93,2026-10-06,synthetic_demo,8000
KA-CRIME-2139,16.1000,76.2000,70,2026-10-06,synthetic_demo,8000
KA-CRIME-2140,16.1000,76.3000,73,2026-10-06,synthetic_demo,8000
KA-CRIME-2141,16.1000,76.4000,49,2026-10-06,synthetic_demo,8000
KA-CRIME-2142,16.1000,76.5000,50,2026-10-06,synthetic_demo,8000
KA-CRIME-2143,16.1000,76.6000,25,2026-10-06,synthetic_demo,8000
KA-CRIME-2144,16.1000,76.7000,84,2026-10-06,synthetic_demo,8000
KA-CRIME-2145,16.1000,76.8000,82,2026-10-06,synthetic_demo,8000
KA-CRIME-2146,16.1000,76.9000,59,2026-10-06,synthetic_demo,8000
KA-CRIME-2147,16.1000,77.0000,69,2026-10-06,synthetic_demo,8000
KA-CRIME-2148,16.1000,77.1000,29,2026-10-06,synthetic_demo,8000
KA-CRIME-2149,16.1000,77.2000,65,2026-10-06,synthetic_demo,8000
KA-CRIME-2150,16.1000,77.3000,29,2026-10-06,synthetic_demo,8000
KA-CRIME-2151,16.1000,77.4000,73,2026-10-06,synthetic_demo,8000
KA-CRIME-2152,16.1000,77.5000,40,2026-10-06,synthetic_demo,8000
KA-CRIME-2153,16.1000,77.6000,68,2026-10-06,synthetic_demo,8000
KA-CRIME-2154,16.1000,77.7000,79,2026-10-06,synthetic_demo,8000
KA-CRIME-2155,16.1000,77.8000,94,2026-10-06,synthetic_demo,8000
KA-CRIME-2156,16.1000,77.9000,19,2026-10-06,synthetic_demo,8000
KA-CRIME-2157,16.1000,78.0000,65,2026-10-06,synthetic_demo,8000
KA-CRIME-2158,16.1000,78.1000,65,2026-10-06,synthetic_demo,8000
KA-CRIME-2159,16.1000,78.2000,58,2026-10-06,synthetic_demo,8000
KA-CRIME-2160,16.1000,78.3000,16,2026-10-06,synthetic_demo,8000
KA-CRIME-2161,16.1000,78.4000,56,2026-10-06,synthetic_demo,8000
KA-CRIME-2162,16.1000,78.5000,54,2026-10-06,synthetic_demo,8000
KA-CRIME-2163,16.2000,74.0000,62,2026-10-06,synthetic_demo,8000
KA-CRIME-2164,16.2000,74.1000,70,2026-10-06,synthetic_demo,8000
KA-CRIME-2165,16.2000,74.2000,39,2026-10-06,synthetic_demo,8000
KA-CRIME-2166,16.2000,74.3000,76,2026-10-06,synthetic_demo,8000
KA-CRIME-2167,16.2000,74.4000,41,2026-10-06,synthetic_demo,8000
KA-CRIME-2168,16.2000,74.5000,83,2026-10-06,synthetic_demo,8000
KA-CRIME-2169,16.2000,74.6000,38,2026-10-06,synthetic_demo,8000
KA-CRIME-2170,16.2000,74.7000,69,2026-10-06,synthetic_demo,8000
KA-CRIME-2171,16.2000,74.8000,22,2026-10-06,synthetic_demo,8000
KA-CRIME-2172,16.2000,74.9000,33,2026-10-06,synthetic_demo,8000
KA-CRIME-2173,16.2000,75.0000,29,2026-10-06,synthetic_demo,8000
KA-CRIME-2174,16.2000,75.1000,29,2026-10-06,synthetic_demo,8000
KA-CRIME-2175,16.2000,75.2000,30,2026-10-06,synthetic_demo,8000
KA-CRIME-2176,16.2000,75.3000,88,2026-10-06,synthetic_demo,8000
KA-CRIME-2177,16.2000,75.4000,79,2026-10-06,synthetic_demo,8000
KA-CRIME-2178,16.2000,75.5000,24,2026-10-06,synthetic_demo,8000
KA-CRIME-2179,16.2000,75.6000,69,2026-10-06,synthetic_demo,8000
KA-CRIME-2180,16.2000,75.7000,63,2026-10-06,synthetic_demo,8000
KA-CRIME-2181,16.2000,75.8000,85,2026-10-06,synthetic_demo,8000
KA-CRIME-2182,16.2000,75.9000,29,2026-10-06,synthetic_demo,8000
KA-CRIME-2183,16.2000,76.0000,81,2026-10-06,synthetic_demo,8000
KA-CRIME-2184,16.2000,76.1000,53,2026-10-06,synthetic_demo,8000
KA-CRIME-2185,16.2000,76.2000,74,2026-10-06,synthetic_demo,8000
KA-CRIME-2186,16.2000,76.3000,36,2026-10-06,synthetic_demo,8000
KA-CRIME-2187,16.2000,76.4000,88,2026-10-06,synthetic_demo,8000
KA-CRIME-2188,16.2000,76.5000,95,2026-10-06,synthetic_demo,8000
KA-CRIME-2189,16.2000,76.6000,60,2026-10-06,synthetic_demo,8000
KA-CRIME-2190,16.2000,76.7000,31,2026-10-06,synthetic_demo,8000
KA-CRIME-2191,16.2000,76.8000,68,2026-10-06,synthetic_demo,8000
KA-CRIME-2192,16.2000,76.9000,73,2026-10-06,synthetic_demo,8000
KA-CRIME-2193,16.2000,77.0000,38,2026-10-06,synthetic_demo,8000
KA-CRIME-2194,16.2000,77.1000,26,2026-10-06,synthetic_demo,8000
KA-CRIME-2195,16.2000,77.2000,43,2026-10-06,synthetic_demo,8000
KA-CRIME-2196,16.2000,77.3000,48,2026-10-06,synthetic_demo,8000
KA-CRIME-2197,16.2000,77.4000,58,2026-10-06,synthetic_demo,8000
KA-CRIME-2198,16.2000,77.5000,37,2026-10-06,synthetic_demo,8000
KA-CRIME-2199,16.2000,77.6000,17,2026-10-06,synthetic_demo,8000
KA-CRIME-2200,16.2000,77.7000,18,2026-10-06,synthetic_demo,8000
KA-CRIME-2201,16.2000,77.8000,67,2026-10-06,synthetic_demo,8000
KA-CRIME-2202,16.2000,77.9000,57,2026-10-06,synthetic_demo,8000
KA-CRIME-2203,16.2000,78.0000,29,2026-10-06,synthetic_demo,8000
KA-CRIME-2204,16.2000,78.1000,75,2026-10-06,synthetic_demo,8000
KA-CRIME-2205,16.2000,78.2000,36,2026-10-06,synthetic_demo,8000
KA-CRIME-2206,16.2000,78.3000,46,2026-10-06,synthetic_demo,8000
KA-CRIME-2207,16.2000,78.4000,71,2026-10-06,synthetic_demo,8000
KA-CRIME-2208,16.2000,78.5000,35,2026-10-06,synthetic_demo,8000
KA-CRIME-2209,16.3000,74.0000,70,2026-10-06,synthetic_demo,8000
KA-CRIME-2210,16.3000,74.1000,48,2026-10-06,synthetic_demo,8000
KA-CRIME-2211,16.3000,74.2000,39,2026-10-06,synthetic_demo,8000
KA-CRIME-2212,16.3000,74.3000,95,2026-10-06,synthetic_demo,8000
KA-CRIME-2213,16.3000,74.4000,67,2026-10-06,synthetic_demo,8000
KA-CRIME-2214,16.3000,74.5000,48,2026-10-06,synthetic_demo,8000
KA-CRIME-2215,16.3000,74.6000,79,2026-10-06,synthetic_demo,8000
KA-CRIME-2216,16.3000,74.7000,50,2026-10-06,synthetic_demo,8000
KA-CRIME-2217,16.3000,74.8000,79,2026-10-06,synthetic_demo,8000
KA-CRIME-2218,16.3000,74.9000,41,2026-10-06,synthetic_demo,8000
KA-CRIME-2219,16.3000,75.0000,84,2026-10-06,synthetic_demo,8000
KA-CRIME-2220,16.3000,75.1000,80,2026-10-06,synthetic_demo,8000
KA-CRIME-2221,16.3000,75.2000,52,2026-10-06,synthetic_demo,8000
KA-CRIME-2222,16.3000,75.3000,30,2026-10-06,synthetic_demo,8000
KA-CRIME-2223,16.3000,75.4000,92,2026-10-06,synthetic_demo,8000
KA-CRIME-2224,16.3000,75.5000,80,2026-10-06,synthetic_demo,8000
KA-CRIME-2225,16.3000,75.6000,92,2026-10-06,synthetic_demo,8000
KA-CRIME-2226,16.3000,75.7000,55,2026-10-06,synthetic_demo,8000
KA-CRIME-2227,16.3000,75.8000,71,2026-10-06,synthetic_demo,8000
KA-CRIME-2228,16.3000,75.9000,26,2026-10-06,synthetic_demo,8000
KA-CRIME-2229,16.3000,76.0000,42,2026-10-06,synthetic_demo,8000
KA-CRIME-2230,16.3000,76.1000,76,2026-10-06,synthetic_demo,8000
KA-CRIME-2231,16.3000,76.2000,69,2026-10-06,synthetic_demo,8000
KA-CRIME-2232,16.3000,76.3000,72,2026-10-06,synthetic_demo,8000
KA-CRIME-2233,16.3000,76.4000,42,2026-10-06,synthetic_demo,8000
KA-CRIME-2234,16.3000,76.5000,80,2026-10-06,synthetic_demo,8000
KA-CRIME-2235,16.3000,76.6000,47,2026-10-06,synthetic_demo,8000
KA-CRIME-2236,16.3000,76.7000,79,2026-10-06,synthetic_demo,8000
KA-CRIME-2237,16.3000,76.8000,88,2026-10-06,synthetic_demo,8000
KA-CRIME-2238,16.3000,76.9000,42,2026-10-06,synthetic_demo,8000
KA-CRIME-2239,16.3000,77.0000,95,2026-10-06,synthetic_demo,8000
KA-CRIME-2240,16.3000,77.1000,30,2026-10-06,synthetic_demo,8000
KA-CRIME-2241,16.3000,77.2000,77,2026-10-06,synthetic_demo,8000
KA-CRIME-2242,16.3000,77.3000,40,2026-10-06,synthetic_demo,8000
KA-CRIME-2243,16.3000,77.4000,40,2026-10-06,synthetic_demo,8000
KA-CRIME-2244,16.3000,77.5000,70,2026-10-06,synthetic_demo,8000
KA-CRIME-2245,16.3000,77.6000,65,2026-10-06,synthetic_demo,8000
KA-CRIME-2246,16.3000,77.7000,83,2026-10-06,synthetic_demo,8000
KA-CRIME-2247,16.3000,77.8000,15,2026-10-06,synthetic_demo,8000
KA-CRIME-2248,16.3000,77.9000,37,2026-10-06,synthetic_demo,8000
KA-CRIME-2249,16.3000,78.0000,61,2026-10-06,synthetic_demo,8000
KA-CRIME-2250,16.3000,78.1000,47,2026-10-06,synthetic_demo,8000
KA-CRIME-2251,16.3000,78.2000,39,2026-10-06,synthetic_demo,8000
KA-CRIME-2252,16.3000,78.3000,17,2026-10-06,synthetic_demo,8000
KA-CRIME-2253,16.3000,78.4000,74,2026-10-06,synthetic_demo,8000
KA-CRIME-2254,16.3000,78.5000,58,2026-10-06,synthetic_demo,8000
KA-CRIME-2255,16.4000,74.0000,94,2026-10-06,synthetic_demo,8000
KA-CRIME-2256,16.4000,74.1000,49,2026-10-06,synthetic_demo,8000
KA-CRIME-2257,16.4000,74.2000,72,2026-10-06,synthetic_demo,8000
KA-CRIME-2258,16.4000,74.3000,74,2026-10-06,synthetic_demo,8000
KA-CRIME-2259,16.4000,74.4000,30,2026-10-06,synthetic_demo,8000
KA-CRIME-2260,16.4000,74.5000,29,2026-10-06,synthetic_demo,8000
KA-CRIME-2261,16.4000,74.6000,83,2026-10-06,synthetic_demo,8000
KA-CRIME-2262,16.4000,74.7000,60,2026-10-06,synthetic_demo,8000
KA-CRIME-2263,16.4000,74.8000,19,2026-10-06,synthetic_demo,8000
KA-CRIME-2264,16.4000,74.9000,68,2026-10-06,synthetic_demo,8000
KA-CRIME-2265,16.4000,75.0000,63,2026-10-06,synthetic_demo,8000
KA-CRIME-2266,16.4000,75.1000,39,2026-10-06,synthetic_demo,8000
KA-CRIME-2267,16.4000,75.2000,19,2026-10-06,synthetic_demo,8000
KA-CRIME-2268,16.4000,75.3000,74,2026-10-06,synthetic_demo,8000
KA-CRIME-2269,16.4000,75.4000,88,2026-10-06,synthetic_demo,8000
KA-CRIME-2270,16.4000,75.5000,75,2026-10-06,synthetic_demo,8000
KA-CRIME-2271,16.4000,75.6000,26,2026-10-06,synthetic_demo,8000
KA-CRIME-2272,16.4000,75.7000,32,2026-10-06,synthetic_demo,8000
KA-CRIME-2273,16.4000,75.8000,71,2026-10-06,synthetic_demo,8000
KA-CRIME-2274,16.4000,75.9000,37,2026-10-06,synthetic_demo,8000
KA-CRIME-2275,16.4000,76.0000,72,2026-10-06,synthetic_demo,8000
KA-CRIME-2276,16.4000,76.1000,83,2026-10-06,synthetic_demo,8000
KA-CRIME-2277,16.4000,76.2000,55,2026-10-06,synthetic_demo,8000
KA-CRIME-2278,16.4000,76.3000,61,2026-10-06,synthetic_demo,8000
KA-CRIME-2279,16.4000,76.4000,34,2026-10-06,synthetic_demo,8000
KA-CRIME-2280,16.4000,76.5000,59,2026-10-06,synthetic_demo,8000
KA-CRIME-2281,16.4000,76.6000,81,2026-10-06,synthetic_demo,8000
KA-CRIME-2282,16.4000,76.7000,68,2026-10-06,synthetic_demo,8000
KA-CRIME-2283,16.4000,76.8000,71,2026-10-06,synthetic_demo,8000
KA-CRIME-2284,16.4000,76.9000,89,2026-10-06,synthetic_demo,8000
KA-CRIME-2285,16.4000,77.0000,39,2026-10-06,synthetic_demo,8000
KA-CRIME-2286,16.4000,77.1000,54,2026-10-06,synthetic_demo,8000
KA-CRIME-2287,16.4000,77.2000,91,2026-10-06,synthetic_demo,8000
KA-CRIME-2288,16.4000,77.3000,66,2026-10-06,synthetic_demo,8000
KA-CRIME-2289,16.4000,77.4000,43,2026-10-06,synthetic_demo,8000
KA-CRIME-2290,16.4000,77.5000,83,2026-10-06,synthetic_demo,8000
KA-CRIME-2291,16.4000,77.6000,15,2026-10-06,synthetic_demo,8000
KA-CRIME-2292,16.4000,77.7000,30,2026-10-06,synthetic_demo,8000
KA-CRIME-2293,16.4000,77.8000,32,2026-10-06,synthetic_demo,8000
KA-CRIME-2294,16.4000,77.9000,83,2026-10-06,synthetic_demo,8000
KA-CRIME-2295,16.4000,78.0000,76,2026-10-06,synthetic_demo,8000
KA-CRIME-2296,16.4000,78.1000,30,2026-10-06,synthetic_demo,8000
KA-CRIME-2297,16.4000,78.2000,54,2026-10-06,synthetic_demo,8000
KA-CRIME-2298,16.4000,78.3000,80,2026-10-06,synthetic_demo,8000
KA-CRIME-2299,16.4000,78.4000,33,2026-10-06,synthetic_demo,8000
KA-CRIME-2300,16.4000,78.5000,16,2026-10-06,synthetic_demo,8000
KA-CRIME-2301,16.5000,74.0000,65,2026-10-06,synthetic_demo,8000
KA-CRIME-2302,16.5000,74.1000,34,2026-10-06,synthetic_demo,8000
KA-CRIME-2303,16.5000,74.2000,77,2026-10-06,synthetic_demo,8000
KA-CRIME-2304,16.5000,74.3000,77,2026-10-06,synthetic_demo,8000
KA-CRIME-2305,16.5000,74.4000,53,2026-10-06,synthetic_demo,8000
KA-CRIME-2306,16.5000,74.5000,27,2026-10-06,synthetic_demo,8000
KA-CRIME-2307,16.5000,74.6000,22,2026-10-06,synthetic_demo,8000
KA-CRIME-2308,16.5000,74.7000,67,2026-10-06,synthetic_demo,8000
KA-CRIME-2309,16.5000,74.8000,34,2026-10-06,synthetic_demo,8000
KA-CRIME-2310,16.5000,74.9000,86,2026-10-06,synthetic_demo,8000
KA-CRIME-2311,16.5000,75.0000,88,2026-10-06,synthetic_demo,8000
KA-CRIME-2312,16.5000,75.1000,30,2026-10-06,synthetic_demo,8000
KA-CRIME-2313,16.5000,75.2000,24,2026-10-06,synthetic_demo,8000
KA-CRIME-2314,16.5000,75.3000,74,2026-10-06,synthetic_demo,8000
KA-CRIME-2315,16.5000,75.4000,82,2026-10-06,synthetic_demo,8000
KA-CRIME-2316,16.5000,75.5000,81,2026-10-06,synthetic_demo,8000
KA-CRIME-2317,16.5000,75.6000,63,2026-10-06,synthetic_demo,8000
KA-CRIME-2318,16.5000,75.7000,49,2026-10-06,synthetic_demo,8000
KA-CRIME-2319,16.5000,75.8000,94,2026-10-06,synthetic_demo,8000
KA-CRIME-2320,16.5000,75.9000,33,2026-10-06,synthetic_demo,8000
KA-CRIME-2321,16.5000,76.0000,56,2026-10-06,synthetic_demo,8000
KA-CRIME-2322,16.5000,76.1000,89,2026-10-06,synthetic_demo,8000
KA-CRIME-2323,16.5000,76.2000,19,2026-10-06,synthetic_demo,8000
KA-CRIME-2324,16.5000,76.3000,72,2026-10-06,synthetic_demo,8000
KA-CRIME-2325,16.5000,76.4000,84,2026-10-06,synthetic_demo,8000
KA-CRIME-2326,16.5000,76.5000,29,2026-10-06,synthetic_demo,8000
KA-CRIME-2327,16.5000,76.6000,31,2026-10-06,synthetic_demo,8000
KA-CRIME-2328,16.5000,76.7000,15,2026-10-06,synthetic_demo,8000
KA-CRIME-2329,16.5000,76.8000,36,2026-10-06,synthetic_demo,8000
KA-CRIME-2330,16.5000,76.9000,20,2026-10-06,synthetic_demo,8000
KA-CRIME-2331,16.5000,77.0000,27,2026-10-06,synthetic_demo,8000
KA-CRIME-2332,16.5000,77.1000,69,2026-10-06,synthetic_demo,8000
KA-CRIME-2333,16.5000,77.2000,85,2026-10-06,synthetic_demo,8000
KA-CRIME-2334,16.5000,77.3000,39,2026-10-06,synthetic_demo,8000
KA-CRIME-2335,16.5000,77.4000,23,2026-10-06,synthetic_demo,8000
KA-CRIME-2336,16.5000,77.5000,89,2026-10-06,synthetic_demo,8000
KA-CRIME-2337,16.5000,77.6000,57,2026-10-06,synthetic_demo,8000
KA-CRIME-2338,16.5000,77.7000,72,2026-10-06,synthetic_demo,8000
KA-CRIME-2339,16.5000,77.8000,19,2026-10-06,synthetic_demo,8000
KA-CRIME-2340,16.5000,77.9000,36,2026-10-06,synthetic_demo,8000
KA-CRIME-2341,16.5000,78.0000,60,2026-10-06,synthetic_demo,8000
KA-CRIME-2342,16.5000,78.1000,26,2026-10-06,synthetic_demo,8000
KA-CRIME-2343,16.5000,78.2000,75,2026-10-06,synthetic_demo,8000
KA-CRIME-2344,16.5000,78.3000,23,2026-10-06,synthetic_demo,8000
KA-CRIME-2345,16.5000,78.4000,31,2026-10-06,synthetic_demo,8000
KA-CRIME-2346,16.5000,78.5000,50,2026-10-06,synthetic_demo,8000
KA-CRIME-2347,16.6000,74.0000,72,2026-10-06,synthetic_demo,8000
KA-CRIME-2348,16.6000,74.1000,63,2026-10-06,synthetic_demo,8000
KA-CRIME-2349,16.6000,74.2000,79,2026-10-06,synthetic_demo,8000
KA-CRIME-2350,16.6000,74.3000,74,2026-10-06,synthetic_demo,8000
KA-CRIME-2351,16.6000,74.4000,50,2026-10-06,synthetic_demo,8000
KA-CRIME-2352,16.6000,74.5000,64,2026-10-06,synthetic_demo,8000
KA-CRIME-2353,16.6000,74.6000,31,2026-10-06,synthetic_demo,8000
KA-CRIME-2354,16.6000,74.7000,95,2026-10-06,synthetic_demo,8000
KA-CRIME-2355,16.6000,74.8000,17,2026-10-06,synthetic_demo,8000
KA-CRIME-2356,16.6000,74.9000,41,2026-10-06,synthetic_demo,8000
KA-CRIME-2357,16.6000,75.0000,57,2026-10-06,synthetic_demo,8000
KA-CRIME-2358,16.6000,75.1000,38,2026-10-06,synthetic_demo,8000
KA-CRIME-2359,16.6000,75.2000,72,2026-10-06,synthetic_demo,8000
KA-CRIME-2360,16.6000,75.3000,37,2026-10-06,synthetic_demo,8000
KA-CRIME-2361,16.6000,75.4000,80,2026-10-06,synthetic_demo,8000
KA-CRIME-2362,16.6000,75.5000,20,2026-10-06,synthetic_demo,8000
KA-CRIME-2363,16.6000,75.6000,23,2026-10-06,synthetic_demo,8000
KA-CRIME-2364,16.6000,75.7000,41,2026-10-06,synthetic_demo,8000
KA-CRIME-2365,16.6000,75.8000,35,2026-10-06,synthetic_demo,8000
KA-CRIME-2366,16.6000,75.9000,15,2026-10-06,synthetic_demo,8000
KA-CRIME-2367,16.6000,76.0000,78,2026-10-06,synthetic_demo,8000
KA-CRIME-2368,16.6000,76.1000,41,2026-10-06,synthetic_demo,8000
KA-CRIME-2369,16.6000,76.2000,80,2026-10-06,synthetic_demo,8000
KA-CRIME-2370,16.6000,76.3000,39,2026-10-06,synthetic_demo,8000
KA-CRIME-2371,16.6000,76.4000,24,2026-10-06,synthetic_demo,8000
KA-CRIME-2372,16.6000,76.5000,90,2026-10-06,synthetic_demo,8000
KA-CRIME-2373,16.6000,76.6000,44,2026-10-06,synthetic_demo,8000
KA-CRIME-2374,16.6000,76.7000,38,2026-10-06,synthetic_demo,8000
KA-CRIME-2375,16.6000,76.8000,32,2026-10-06,synthetic_demo,8000
KA-CRIME-2376,16.6000,76.9000,15,2026-10-06,synthetic_demo,8000
KA-CRIME-2377,16.6000,77.0000,68,2026-10-06,synthetic_demo,8000
KA-CRIME-2378,16.6000,77.1000,31,2026-10-06,synthetic_demo,8000
KA-CRIME-2379,16.6000,77.2000,79,2026-10-06,synthetic_demo,8000
KA-CRIME-2380,16.6000,77.3000,43,2026-10-06,synthetic_demo,8000
KA-CRIME-2381,16.6000,77.4000,76,2026-10-06,synthetic_demo,8000
KA-CRIME-2382,16.6000,77.5000,90,2026-10-06,synthetic_demo,8000
KA-CRIME-2383,16.6000,77.6000,45,2026-10-06,synthetic_demo,8000
KA-CRIME-2384,16.6000,77.7000,79,2026-10-06,synthetic_demo,8000
KA-CRIME-2385,16.6000,77.8000,58,2026-10-06,synthetic_demo,8000
KA-CRIME-2386,16.6000,77.9000,89,2026-10-06,synthetic_demo,8000
KA-CRIME-2387,16.6000,78.0000,36,2026-10-06,synthetic_demo,8000
KA-CRIME-2388,16.6000,78.1000,92,2026-10-06,synthetic_demo,8000
KA-CRIME-2389,16.6000,78.2000,26,2026-10-06,synthetic_demo,8000
KA-CRIME-2390,16.6000,78.3000,61,2026-10-06,synthetic_demo,8000
KA-CRIME-2391,16.6000,78.4000,70,2026-10-06,synthetic_demo,8000
KA-CRIME-2392,16.6000,78.5000,32,2026-10-06,synthetic_demo,8000
KA-CRIME-2393,16.7000,74.0000,58,2026-10-06,synthetic_demo,8000
KA-CRIME-2394,16.7000,74.1000,85,2026-10-06,synthetic_demo,8000
KA-CRIME-2395,16.7000,74.2000,76,2026-10-06,synthetic_demo,8000
KA-CRIME-2396,16.7000,74.3000,32,2026-10-06,synthetic_demo,8000
KA-CRIME-2397,16.7000,74.4000,42,2026-10-06,synthetic_demo,8000
KA-CRIME-2398,16.7000,74.5000,93,2026-10-06,synthetic_demo,8000
KA-CRIME-2399,16.7000,74.6000,52,2026-10-06,synthetic_demo,8000
KA-CRIME-2400,16.7000,74.7000,28,2026-10-06,synthetic_demo,8000
KA-CRIME-2401,16.7000,74.8000,80,2026-10-06,synthetic_demo,8000
KA-CRIME-2402,16.7000,74.9000,89,2026-10-06,synthetic_demo,8000
KA-CRIME-2403,16.7000,75.0000,58,2026-10-06,synthetic_demo,8000
KA-CRIME-2404,16.7000,75.1000,21,2026-10-06,synthetic_demo,8000
KA-CRIME-2405,16.7000,75.2000,23,2026-10-06,synthetic_demo,8000
KA-CRIME-2406,16.7000,75.3000,80,2026-10-06,synthetic_demo,8000
KA-CRIME-2407,16.7000,75.4000,56,2026-10-06,synthetic_demo,8000
KA-CRIME-2408,16.7000,75.5000,71,2026-10-06,synthetic_demo,8000
KA-CRIME-2409,16.7000,75.6000,53,2026-10-06,synthetic_demo,8000
KA-CRIME-2410,16.7000,75.7000,17,2026-10-06,synthetic_demo,8000
KA-CRIME-2411,16.7000,75.8000,77,2026-10-06,synthetic_demo,8000
KA-CRIME-2412,16.7000,75.9000,54,2026-10-06,synthetic_demo,8000
KA-CRIME-2413,16.7000,76.0000,95,2026-10-06,synthetic_demo,8000
KA-CRIME-2414,16.7000,76.1000,60,2026-10-06,synthetic_demo,8000
KA-CRIME-2415,16.7000,76.2000,15,2026-10-06,synthetic_demo,8000
KA-CRIME-2416,16.7000,76.3000,63,2026-10-06,synthetic_demo,8000
KA-CRIME-2417,16.7000,76.4000,91,2026-10-06,synthetic_demo,8000
KA-CRIME-2418,16.7000,76.5000,55,2026-10-06,synthetic_demo,8000
KA-CRIME-2419,16.7000,76.6000,48,2026-10-06,synthetic_demo,8000
KA-CRIME-2420,16.7000,76.7000,73,2026-10-06,synthetic_demo,8000
KA-CRIME-2421,16.7000,76.8000,15,2026-10-06,synthetic_demo,8000
KA-CRIME-2422,16.7000,76.9000,37,2026-10-06,synthetic_demo,8000
KA-CRIME-2423,16.7000,77.0000,50,2026-10-06,synthetic_demo,8000
KA-CRIME-2424,16.7000,77.1000,65,2026-10-06,synthetic_demo,8000
KA-CRIME-2425,16.7000,77.2000,77,2026-10-06,synthetic_demo,8000
KA-CRIME-2426,16.7000,77.3000,20,2026-10-06,synthetic_demo,8000
KA-CRIME-2427,16.7000,77.4000,91,2026-10-06,synthetic_demo,8000
KA-CRIME-2428,16.7000,77.5000,51,2026-10-06,synthetic_demo,8000
KA-CRIME-2429,16.7000,77.6000,33,2026-10-06,synthetic_demo,8000
KA-CRIME-2430,16.7000,77.7000,58,2026-10-06,synthetic_demo,8000
KA-CRIME-2431,16.7000,77.8000,18,2026-10-06,synthetic_demo,8000
KA-CRIME-2432,16.7000,77.9000,85,2026-10-06,synthetic_demo,8000
KA-CRIME-2433,16.7000,78.0000,34,2026-10-06,synthetic_demo,8000
KA-CRIME-2434,16.7000,78.1000,15,2026-10-06,synthetic_demo,8000
KA-CRIME-2435,16.7000,78.2000,38,2026-10-06,synthetic_demo,8000
KA-CRIME-2436,16.7000,78.3000,88,2026-10-06,synthetic_demo,8000
KA-CRIME-2437,16.7000,78.4000,24,2026-10-06,synthetic_demo,8000
KA-CRIME-2438,16.7000,78.5000,87,2026-10-06,synthetic_demo,8000
KA-CRIME-2439,16.8000,74.0000,17,2026-10-06,synthetic_demo,8000
KA-CRIME-2440,16.8000,74.1000,66,2026-10-06,synthetic_demo,8000
KA-CRIME-2441,16.8000,74.2000,74,2026-10-06,synthetic_demo,8000
KA-CRIME-2442,16.8000,74.3000,18,2026-10-06,synthetic_demo,8000
KA-CRIME-2443,16.8000,74.4000,21,2026-10-06,synthetic_demo,8000
KA-CRIME-2444,16.8000,74.5000,17,2026-10-06,synthetic_demo,8000
KA-CRIME-2445,16.8000,74.6000,89,2026-10-06,synthetic_demo,8000
KA-CRIME-2446,16.8000,74.7000,73,2026-10-06,synthetic_demo,8000
KA-CRIME-2447,16.8000,74.8000,29,2026-10-06,synthetic_demo,8000
KA-CRIME-2448,16.8000,74.9000,62,2026-10-06,synthetic_demo,8000
KA-CRIME-2449,16.8000,75.0000,57,2026-10-06,synthetic_demo,8000
KA-CRIME-2450,16.8000,75.1000,40,2026-10-06,synthetic_demo,8000
KA-CRIME-2451,16.8000,75.2000,77,2026-10-06,synthetic_demo,8000
KA-CRIME-2452,16.8000,75.3000,31,2026-10-06,synthetic_demo,8000
KA-CRIME-2453,16.8000,75.4000,33,2026-10-06,synthetic_demo,8000
KA-CRIME-2454,16.8000,75.5000,47,2026-10-06,synthetic_demo,8000
KA-CRIME-2455,16.8000,75.6000,54,2026-10-06,synthetic_demo,8000
KA-CRIME-2456,16.8000,75.7000,66,2026-10-06,synthetic_demo,8000
KA-CRIME-2457,16.8000,75.8000,72,2026-10-06,synthetic_demo,8000
KA-CRIME-2458,16.8000,75.9000,86,2026-10-06,synthetic_demo,8000
KA-CRIME-2459,16.8000,76.0000,67,2026-10-06,synthetic_demo,8000
KA-CRIME-2460,16.8000,76.1000,67,2026-10-06,synthetic_demo,8000
KA-CRIME-2461,16.8000,76.2000,52,2026-10-06,synthetic_demo,8000
KA-CRIME-2462,16.8000,76.3000,82,2026-10-06,synthetic_demo,8000
KA-CRIME-2463,16.8000,76.4000,60,2026-10-06,synthetic_demo,8000
KA-CRIME-2464,16.8000,76.5000,90,2026-10-06,synthetic_demo,8000
KA-CRIME-2465,16.8000,76.6000,45,2026-10-06,synthetic_demo,8000
KA-CRIME-2466,16.8000,76.7000,48,2026-10-06,synthetic_demo,8000
KA-CRIME-2467,16.8000,76.8000,87,2026-10-06,synthetic_demo,8000
KA-CRIME-2468,16.8000,76.9000,94,2026-10-06,synthetic_demo,8000
KA-CRIME-2469,16.8000,77.0000,56,2026-10-06,synthetic_demo,8000
KA-CRIME-2470,16.8000,77.1000,72,2026-10-06,synthetic_demo,8000
KA-CRIME-2471,16.8000,77.2000,54,2026-10-06,synthetic_demo,8000
KA-CRIME-2472,16.8000,77.3000,41,2026-10-06,synthetic_demo,8000
KA-CRIME-2473,16.8000,77.4000,35,2026-10-06,synthetic_demo,8000
KA-CRIME-2474,16.8000,77.5000,71,2026-10-06,synthetic_demo,8000
KA-CRIME-2475,16.8000,77.6000,49,2026-10-06,synthetic_demo,8000
KA-CRIME-2476,16.8000,77.7000,18,2026-10-06,synthetic_demo,8000
KA-CRIME-2477,16.8000,77.8000,47,2026-10-06,synthetic_demo,8000
KA-CRIME-2478,16.8000,77.9000,24,2026-10-06,synthetic_demo,8000
KA-CRIME-2479,16.8000,78.0000,43,2026-10-06,synthetic_demo,8000
KA-CRIME-2480,16.8000,78.1000,41,2026-10-06,synthetic_demo,8000
KA-CRIME-2481,16.8000,78.2000,86,2026-10-06,synthetic_demo,8000
KA-CRIME-2482,16.8000,78.3000,16,2026-10-06,synthetic_demo,8000
KA-CRIME-2483,16.8000,78.4000,19,2026-10-06,synthetic_demo,8000
KA-CRIME-2484,16.8000,78.5000,79,2026-10-06,synthetic_demo,8000
KA-CRIME-2485,16.9000,74.0000,55,2026-10-06,synthetic_demo,8000
KA-CRIME-2486,16.9000,74.1000,29,2026-10-06,synthetic_demo,8000
KA-CRIME-2487,16.9000,74.2000,88,2026-10-06,synthetic_demo,8000
KA-CRIME-2488,16.9000,74.3000,72,2026-10-06,synthetic_demo,8000
KA-CRIME-2489,16.9000,74.4000,73,2026-10-06,synthetic_demo,8000
KA-CRIME-2490,16.9000,74.5000,29,2026-10-06,synthetic_demo,8000
KA-CRIME-2491,16.9000,74.6000,34,2026-10-06,synthetic_demo,8000
KA-CRIME-2492,16.9000,74.7000,73,2026-10-06,synthetic_demo,8000
KA-CRIME-2493,16.9000,74.8000,41,2026-10-06,synthetic_demo,8000
KA-CRIME-2494,16.9000,74.9000,81,2026-10-06,synthetic_demo,8000
KA-CRIME-2495,16.9000,75.0000,29,2026-10-06,synthetic_demo,8000
KA-CRIME-2496,16.9000,75.1000,40,2026-10-06,synthetic_demo,8000
KA-CRIME-2497,16.9000,75.2000,71,2026-10-06,synthetic_demo,8000
KA-CRIME-2498,16.9000,75.3000,92,2026-10-06,synthetic_demo,8000
KA-CRIME-2499,16.9000,75.4000,94,2026-10-06,synthetic_demo,8000
KA-CRIME-2500,16.9000,75.5000,20,2026-10-06,synthetic_demo,8000
KA-CRIME-2501,16.9000,75.6000,94,2026-10-06,synthetic_demo,8000
KA-CRIME-2502,16.9000,75.7000,22,2026-10-06,synthetic_demo,8000
KA-CRIME-2503,16.9000,75.8000,25,2026-10-06,synthetic_demo,8000
KA-CRIME-2504,16.9000,75.9000,60,2026-10-06,synthetic_demo,8000
KA-CRIME-2505,16.9000,76.0000,54,2026-10-06,synthetic_demo,8000
KA-CRIME-2506,16.9000,76.1000,59,2026-10-06,synthetic_demo,8000
KA-CRIME-2507,16.9000,76.2000,89,2026-10-06,synthetic_demo,8000
KA-CRIME-2508,16.9000,76.3000,46,2026-10-06,synthetic_demo,8000
KA-CRIME-2509,16.9000,76.4000,37,2026-10-06,synthetic_demo,8000
KA-CRIME-2510,16.9000,76.5000,45,2026-10-06,synthetic_demo,8000
KA-CRIME-2511,16.9000,76.6000,58,2026-10-06,synthetic_demo,8000
KA-CRIME-2512,16.9000,76.7000,56,2026-10-06,synthetic_demo,8000
KA-CRIME-2513,16.9000,76.8000,72,2026-10-06,synthetic_demo,8000
KA-CRIME-2514,16.9000,76.9000,19,2026-10-06,synthetic_demo,8000
KA-CRIME-2515,16.9000,77.0000,25,2026-10-06,synthetic_demo,8000
KA-CRIME-2516,16.9000,77.1000,82,2026-10-06,synthetic_demo,8000
KA-CRIME-2517,16.9000,77.2000,89,2026-10-06,synthetic_demo,8000
KA-CRIME-2518,16.9000,77.3000,92,2026-10-06,synthetic_demo,8000
KA-CRIME-2519,16.9000,77.4000,76,2026-10-06,synthetic_demo,8000
KA-CRIME-2520,16.9000,77.5000,22,2026-10-06,synthetic_demo,8000
KA-CRIME-2521,16.9000,77.6000,27,2026-10-06,synthetic_demo,8000
KA-CRIME-2522,16.9000,77.7000,95,2026-10-06,synthetic_demo,8000
KA-CRIME-2523,16.9000,77.8000,79,2026-10-06,synthetic_demo,8000
KA-CRIME-2524,16.9000,77.9000,85,2026-10-06,synthetic_demo,8000
KA-CRIME-2525,16.9000,78.0000,50,2026-10-06,synthetic_demo,8000
KA-CRIME-2526,16.9000,78.1000,19,2026-10-06,synthetic_demo,8000
KA-CRIME-2527,16.9000,78.2000,92,2026-10-06,synthetic_demo,8000
KA-CRIME-2528,16.9000,78.3000,30,2026-10-06,synthetic_demo,8000
KA-CRIME-2529,16.9000,78.4000,45,2026-10-06,synthetic_demo,8000
KA-CRIME-2530,16.9000,78.5000,28,2026-10-06,synthetic_demo,8000
KA-CRIME-2531,17.0000,74.0000,61,2026-10-06,synthetic_demo,8000
KA-CRIME-2532,17.0000,74.1000,82,2026-10-06,synthetic_demo,8000
KA-CRIME-2533,17.0000,74.2000,48,2026-10-06,synthetic_demo,8000
KA-CRIME-2534,17.0000,74.3000,88,2026-10-06,synthetic_demo,8000
KA-CRIME-2535,17.0000,74.4000,50,2026-10-06,synthetic_demo,8000
KA-CRIME-2536,17.0000,74.5000,27,2026-10-06,synthetic_demo,8000
KA-CRIME-2537,17.0000,74.6000,24,2026-10-06,synthetic_demo,8000
KA-CRIME-2538,17.0000,74.7000,42,2026-10-06,synthetic_demo,8000
KA-CRIME-2539,17.0000,74.8000,64,2026-10-06,synthetic_demo,8000
KA-CRIME-2540,17.0000,74.9000,34,2026-10-06,synthetic_demo,8000
KA-CRIME-2541,17.0000,75.0000,16,2026-10-06,synthetic_demo,8000
KA-CRIME-2542,17.0000,75.1000,83,2026-10-06,synthetic_demo,8000
KA-CRIME-2543,17.0000,75.2000,33,2026-10-06,synthetic_demo,8000
KA-CRIME-2544,17.0000,75.3000,65,2026-10-06,synthetic_demo,8000
KA-CRIME-2545,17.0000,75.4000,24,2026-10-06,synthetic_demo,8000
KA-CRIME-2546,17.0000,75.5000,89,2026-10-06,synthetic_demo,8000
KA-CRIME-2547,17.0000,75.6000,44,2026-10-06,synthetic_demo,8000
KA-CRIME-2548,17.0000,75.7000,85,2026-10-06,synthetic_demo,8000
KA-CRIME-2549,17.0000,75.8000,48,2026-10-06,synthetic_demo,8000
KA-CRIME-2550,17.0000,75.9000,52,2026-10-06,synthetic_demo,8000
KA-CRIME-2551,17.0000,76.0000,77,2026-10-06,synthetic_demo,8000
KA-CRIME-2552,17.0000,76.1000,83,2026-10-06,synthetic_demo,8000
KA-CRIME-2553,17.0000,76.2000,39,2026-10-06,synthetic_demo,8000
KA-CRIME-2554,17.0000,76.3000,70,2026-10-06,synthetic_demo,8000
KA-CRIME-2555,17.0000,76.4000,24,2026-10-06,synthetic_demo,8000
KA-CRIME-2556,17.0000,76.5000,16,2026-10-06,synthetic_demo,8000
KA-CRIME-2557,17.0000,76.6000,67,2026-10-06,synthetic_demo,8000
KA-CRIME-2558,17.0000,76.7000,40,2026-10-06,synthetic_demo,8000
KA-CRIME-2559,17.0000,76.8000,48,2026-10-06,synthetic_demo,8000
KA-CRIME-2560,17.0000,76.9000,53,2026-10-06,synthetic_demo,8000
KA-CRIME-2561,17.0000,77.0000,61,2026-10-06,synthetic_demo,8000
KA-CRIME-2562,17.0000,77.1000,63,2026-10-06,synthetic_demo,8000
KA-CRIME-2563,17.0000,77.2000,95,2026-10-06,synthetic_demo,8000
KA-CRIME-2564,17.0000,77.3000,15,2026-10-06,synthetic_demo,8000
KA-CRIME-2565,17.0000,77.4000,65,2026-10-06,synthetic_demo,8000
KA-CRIME-2566,17.0000,77.5000,19,2026-10-06,synthetic_demo,8000
KA-CRIME-2567,17.0000,77.6000,23,2026-10-06,synthetic_demo,8000
KA-CRIME-2568,17.0000,77.7000,51,2026-10-06,synthetic_demo,8000
KA-CRIME-2569,17.0000,77.8000,88,2026-10-06,synthetic_demo,8000
KA-CRIME-2570,17.0000,77.9000,55,2026-10-06,synthetic_demo,8000
KA-CRIME-2571,17.0000,78.0000,37,2026-10-06,synthetic_demo,8000
KA-CRIME-2572,17.0000,78.1000,75,2026-10-06,synthetic_demo,8000
KA-CRIME-2573,17.0000,78.2000,47,2026-10-06,synthetic_demo,8000
KA-CRIME-2574,17.0000,78.3000,55,2026-10-06,synthetic_demo,8000
KA-CRIME-2575,17.0000,78.4000,73,2026-10-06,synthetic_demo,8000
KA-CRIME-2576,17.0000,78.5000,59,2026-10-06,synthetic_demo,8000
KA-CRIME-2577,17.1000,74.0000,53,2026-10-06,synthetic_demo,8000
KA-CRIME-2578,17.1000,74.1000,69,2026-10-06,synthetic_demo,8000
KA-CRIME-2579,17.1000,74.2000,18,2026-10-06,synthetic_demo,8000
KA-CRIME-2580,17.1000,74.3000,81,2026-10-06,synthetic_demo,8000
KA-CRIME-2581,17.1000,74.4000,39,2026-10-06,synthetic_demo,8000
KA-CRIME-2582,17.1000,74.5000,91,2026-10-06,synthetic_demo,8000
KA-CRIME-2583,17.1000,74.6000,34,2026-10-06,synthetic_demo,8000
KA-CRIME-2584,17.1000,74.7000,40,2026-10-06,synthetic_demo,8000
KA-CRIME-2585,17.1000,74.8000,15,2026-10-06,synthetic_demo,8000
KA-CRIME-2586,17.1000,74.9000,26,2026-10-06,synthetic_demo,8000
KA-CRIME-2587,17.1000,75.0000,41,2026-10-06,synthetic_demo,8000
KA-CRIME-2588,17.1000,75.1000,21,2026-10-06,synthetic_demo,8000
KA-CRIME-2589,17.1000,75.2000,56,2026-10-06,synthetic_demo,8000
KA-CRIME-2590,17.1000,75.3000,37,2026-10-06,synthetic_demo,8000
KA-CRIME-2591,17.1000,75.4000,85,2026-10-06,synthetic_demo,8000
KA-CRIME-2592,17.1000,75.5000,91,2026-10-06,synthetic_demo,8000
KA-CRIME-2593,17.1000,75.6000,71,2026-10-06,synthetic_demo,8000
KA-CRIME-2594,17.1000,75.7000,83,2026-10-06,synthetic_demo,8000
KA-CRIME-2595,17.1000,75.8000,27,2026-10-06,synthetic_demo,8000
KA-CRIME-2596,17.1000,75.9000,92,2026-10-06,synthetic_demo,8000
KA-CRIME-2597,17.1000,76.0000,59,2026-10-06,synthetic_demo,8000
KA-CRIME-2598,17.1000,76.1000,22,2026-10-06,synthetic_demo,8000
KA-CRIME-2599,17.1000,76.2000,59,2026-10-06,synthetic_demo,8000
KA-CRIME-2600,17.1000,76.3000,62,2026-10-06,synthetic_demo,8000
KA-CRIME-2601,17.1000,76.4000,37,2026-10-06,synthetic_demo,8000
KA-CRIME-2602,17.1000,76.5000,59,2026-10-06,synthetic_demo,8000
KA-CRIME-2603,17.1000,76.6000,61,2026-10-06,synthetic_demo,8000
KA-CRIME-2604,17.1000,76.7000,16,2026-10-06,synthetic_demo,8000
KA-CRIME-2605,17.1000,76.8000,24,2026-10-06,synthetic_demo,8000
KA-CRIME-2606,17.1000,76.9000,33,2026-10-06,synthetic_demo,8000
KA-CRIME-2607,17.1000,77.0000,61,2026-10-06,synthetic_demo,8000
KA-CRIME-2608,17.1000,77.1000,80,2026-10-06,synthetic_demo,8000
KA-CRIME-2609,17.1000,77.2000,16,2026-10-06,synthetic_demo,8000
KA-CRIME-2610,17.1000,77.3000,85,2026-10-06,synthetic_demo,8000
KA-CRIME-2611,17.1000,77.4000,17,2026-10-06,synthetic_demo,8000
KA-CRIME-2612,17.1000,77.5000,93,2026-10-06,synthetic_demo,8000
KA-CRIME-2613,17.1000,77.6000,47,2026-10-06,synthetic_demo,8000
KA-CRIME-2614,17.1000,77.7000,63,2026-10-06,synthetic_demo,8000
KA-CRIME-2615,17.1000,77.8000,82,2026-10-06,synthetic_demo,8000
KA-CRIME-2616,17.1000,77.9000,60,2026-10-06,synthetic_demo,8000
KA-CRIME-2617,17.1000,78.0000,17,2026-10-06,synthetic_demo,8000
KA-CRIME-2618,17.1000,78.1000,52,2026-10-06,synthetic_demo,8000
KA-CRIME-2619,17.1000,78.2000,20,2026-10-06,synthetic_demo,8000
KA-CRIME-2620,17.1000,78.3000,39,2026-10-06,synthetic_demo,8000
KA-CRIME-2621,17.1000,78.4000,27,2026-10-06,synthetic_demo,8000
KA-CRIME-2622,17.1000,78.5000,69,2026-10-06,synthetic_demo,8000
KA-CRIME-2623,17.2000,74.0000,85,2026-10-06,synthetic_demo,8000
KA-CRIME-2624,17.2000,74.1000,59,2026-10-06,synthetic_demo,8000
KA-CRIME-2625,17.2000,74.2000,69,2026-10-06,synthetic_demo,8000
KA-CRIME-2626,17.2000,74.3000,51,2026-10-06,synthetic_demo,8000
KA-CRIME-2627,17.2000,74.4000,86,2026-10-06,synthetic_demo,8000
KA-CRIME-2628,17.2000,74.5000,40,2026-10-06,synthetic_demo,8000
KA-CRIME-2629,17.2000,74.6000,21,2026-10-06,synthetic_demo,8000
KA-CRIME-2630,17.2000,74.7000,43,2026-10-06,synthetic_demo,8000
KA-CRIME-2631,17.2000,74.8000,47,2026-10-06,synthetic_demo,8000
KA-CRIME-2632,17.2000,74.9000,26,2026-10-06,synthetic_demo,8000
KA-CRIME-2633,17.2000,75.0000,15,2026-10-06,synthetic_demo,8000
KA-CRIME-2634,17.2000,75.1000,19,2026-10-06,synthetic_demo,8000
KA-CRIME-2635,17.2000,75.2000,19,2026-10-06,synthetic_demo,8000
KA-CRIME-2636,17.2000,75.3000,74,2026-10-06,synthetic_demo,8000
KA-CRIME-2637,17.2000,75.4000,89,2026-10-06,synthetic_demo,8000
KA-CRIME-2638,17.2000,75.5000,62,2026-10-06,synthetic_demo,8000
KA-CRIME-2639,17.2000,75.6000,62,2026-10-06,synthetic_demo,8000
KA-CRIME-2640,17.2000,75.7000,55,2026-10-06,synthetic_demo,8000
KA-CRIME-2641,17.2000,75.8000,41,2026-10-06,synthetic_demo,8000
KA-CRIME-2642,17.2000,75.9000,22,2026-10-06,synthetic_demo,8000
KA-CRIME-2643,17.2000,76.0000,81,2026-10-06,synthetic_demo,8000
KA-CRIME-2644,17.2000,76.1000,17,2026-10-06,synthetic_demo,8000
KA-CRIME-2645,17.2000,76.2000,51,2026-10-06,synthetic_demo,8000
KA-CRIME-2646,17.2000,76.3000,18,2026-10-06,synthetic_demo,8000
KA-CRIME-2647,17.2000,76.4000,27,2026-10-06,synthetic_demo,8000
KA-CRIME-2648,17.2000,76.5000,41,2026-10-06,synthetic_demo,8000
KA-CRIME-2649,17.2000,76.6000,20,2026-10-06,synthetic_demo,8000
KA-CRIME-2650,17.2000,76.7000,57,2026-10-06,synthetic_demo,8000
KA-CRIME-2651,17.2000,76.8000,38,2026-10-06,synthetic_demo,8000
KA-CRIME-2652,17.2000,76.9000,32,2026-10-06,synthetic_demo,8000
KA-CRIME-2653,17.2000,77.0000,27,2026-10-06,synthetic_demo,8000
KA-CRIME-2654,17.2000,77.1000,46,2026-10-06,synthetic_demo,8000
KA-CRIME-2655,17.2000,77.2000,40,2026-10-06,synthetic_demo,8000
KA-CRIME-2656,17.2000,77.3000,53,2026-10-06,synthetic_demo,8000
KA-CRIME-2657,17.2000,77.4000,81,2026-10-06,synthetic_demo,8000
KA-CRIME-2658,17.2000,77.5000,40,2026-10-06,synthetic_demo,8000
KA-CRIME-2659,17.2000,77.6000,88,2026-10-06,synthetic_demo,8000
KA-CRIME-2660,17.2000,77.7000,66,2026-10-06,synthetic_demo,8000
KA-CRIME-2661,17.2000,77.8000,63,2026-10-06,synthetic_demo,8000
KA-CRIME-2662,17.2000,77.9000,49,2026-10-06,synthetic_demo,8000
KA-CRIME-2663,17.2000,78.0000,86,2026-10-06,synthetic_demo,8000
KA-CRIME-2664,17.2000,78.1000,32,2026-10-06,synthetic_demo,8000
KA-CRIME-2665,17.2000,78.2000,70,2026-10-06,synthetic_demo,8000
KA-CRIME-2666,17.2000,78.3000,78,2026-10-06,synthetic_demo,8000
KA-CRIME-2667,17.2000,78.4000,87,2026-10-06,synthetic_demo,8000
KA-CRIME-2668,17.2000,78.5000,59,2026-10-06,synthetic_demo,8000
KA-CRIME-2669,17.3000,74.0000,93,2026-10-06,synthetic_demo,8000
KA-CRIME-2670,17.3000,74.1000,26,2026-10-06,synthetic_demo,8000
KA-CRIME-2671,17.3000,74.2000,77,2026-10-06,synthetic_demo,8000
KA-CRIME-2672,17.3000,74.3000,78,2026-10-06,synthetic_demo,8000
KA-CRIME-2673,17.3000,74.4000,79,2026-10-06,synthetic_demo,8000
KA-CRIME-2674,17.3000,74.5000,31,2026-10-06,synthetic_demo,8000
KA-CRIME-2675,17.3000,74.6000,42,2026-10-06,synthetic_demo,8000
KA-CRIME-2676,17.3000,74.7000,49,2026-10-06,synthetic_demo,8000
KA-CRIME-2677,17.3000,74.8000,17,2026-10-06,synthetic_demo,8000
KA-CRIME-2678,17.3000,74.9000,33,2026-10-06,synthetic_demo,8000
KA-CRIME-2679,17.3000,75.0000,70,2026-10-06,synthetic_demo,8000
KA-CRIME-2680,17.3000,75.1000,48,2026-10-06,synthetic_demo,8000
KA-CRIME-2681,17.3000,75.2000,60,2026-10-06,synthetic_demo,8000
KA-CRIME-2682,17.3000,75.3000,85,2026-10-06,synthetic_demo,8000
KA-CRIME-2683,17.3000,75.4000,91,2026-10-06,synthetic_demo,8000
KA-CRIME-2684,17.3000,75.5000,46,2026-10-06,synthetic_demo,8000
KA-CRIME-2685,17.3000,75.6000,40,2026-10-06,synthetic_demo,8000
KA-CRIME-2686,17.3000,75.7000,60,2026-10-06,synthetic_demo,8000
KA-CRIME-2687,17.3000,75.8000,20,2026-10-06,synthetic_demo,8000
KA-CRIME-2688,17.3000,75.9000,74,2026-10-06,synthetic_demo,8000
KA-CRIME-2689,17.3000,76.0000,20,2026-10-06,synthetic_demo,8000
KA-CRIME-2690,17.3000,76.1000,95,2026-10-06,synthetic_demo,8000
KA-CRIME-2691,17.3000,76.2000,59,2026-10-06,synthetic_demo,8000
KA-CRIME-2692,17.3000,76.3000,19,2026-10-06,synthetic_demo,8000
KA-CRIME-2693,17.3000,76.4000,91,2026-10-06,synthetic_demo,8000
KA-CRIME-2694,17.3000,76.5000,19,2026-10-06,synthetic_demo,8000
KA-CRIME-2695,17.3000,76.6000,34,2026-10-06,synthetic_demo,8000
KA-CRIME-2696,17.3000,76.7000,59,2026-10-06,synthetic_demo,8000
KA-CRIME-2697,17.3000,76.8000,19,2026-10-06,synthetic_demo,8000
KA-CRIME-2698,17.3000,76.9000,16,2026-10-06,synthetic_demo,8000
KA-CRIME-2699,17.3000,77.0000,86,2026-10-06,synthetic_demo,8000
KA-CRIME-2700,17.3000,77.1000,79,2026-10-06,synthetic_demo,8000
KA-CRIME-2701,17.3000,77.2000,47,2026-10-06,synthetic_demo,8000
KA-CRIME-2702,17.3000,77.3000,68,2026-10-06,synthetic_demo,8000
KA-CRIME-2703,17.3000,77.4000,24,2026-10-06,synthetic_demo,8000
KA-CRIME-2704,17.3000,77.5000,20,2026-10-06,synthetic_demo,8000
KA-CRIME-2705,17.3000,77.6000,91,2026-10-06,synthetic_demo,8000
KA-CRIME-2706,17.3000,77.7000,42,2026-10-06,synthetic_demo,8000
KA-CRIME-2707,17.3000,77.8000,80,2026-10-06,synthetic_demo,8000
KA-CRIME-2708,17.3000,77.9000,84,2026-10-06,synthetic_demo,8000
KA-CRIME-2709,17.3000,78.0000,85,2026-10-06,synthetic_demo,8000
KA-CRIME-2710,17.3000,78.1000,19,2026-10-06,synthetic_demo,8000
KA-CRIME-2711,17.3000,78.2000,18,2026-10-06,synthetic_demo,8000
KA-CRIME-2712,17.3000,78.3000,79,2026-10-06,synthetic_demo,8000
KA-CRIME-2713,17.3000,78.4000,73,2026-10-06,synthetic_demo,8000
KA-CRIME-2714,17.3000,78.5000,18,2026-10-06,synthetic_demo,8000
KA-CRIME-2715,17.4000,74.0000,59,2026-10-06,synthetic_demo,8000
KA-CRIME-2716,17.4000,74.1000,86,2026-10-06,synthetic_demo,8000
KA-CRIME-2717,17.4000,74.2000,45,2026-10-06,synthetic_demo,8000
KA-CRIME-2718,17.4000,74.3000,81,2026-10-06,synthetic_demo,8000
KA-CRIME-2719,17.4000,74.4000,24,2026-10-06,synthetic_demo,8000
KA-CRIME-2720,17.4000,74.5000,31,2026-10-06,synthetic_demo,8000
KA-CRIME-2721,17.4000,74.6000,26,2026-10-06,synthetic_demo,8000
KA-CRIME-2722,17.4000,74.7000,54,2026-10-06,synthetic_demo,8000
KA-CRIME-2723,17.4000,74.8000,57,2026-10-06,synthetic_demo,8000
KA-CRIME-2724,17.4000,74.9000,17,2026-10-06,synthetic_demo,8000
KA-CRIME-2725,17.4000,75.0000,88,2026-10-06,synthetic_demo,8000
KA-CRIME-2726,17.4000,75.1000,54,2026-10-06,synthetic_demo,8000
KA-CRIME-2727,17.4000,75.2000,70,2026-10-06,synthetic_demo,8000
KA-CRIME-2728,17.4000,75.3000,55,2026-10-06,synthetic_demo,8000
KA-CRIME-2729,17.4000,75.4000,44,2026-10-06,synthetic_demo,8000
KA-CRIME-2730,17.4000,75.5000,77,2026-10-06,synthetic_demo,8000
KA-CRIME-2731,17.4000,75.6000,82,2026-10-06,synthetic_demo,8000
KA-CRIME-2732,17.4000,75.7000,92,2026-10-06,synthetic_demo,8000
KA-CRIME-2733,17.4000,75.8000,75,2026-10-06,synthetic_demo,8000
KA-CRIME-2734,17.4000,75.9000,88,2026-10-06,synthetic_demo,8000
KA-CRIME-2735,17.4000,76.0000,80,2026-10-06,synthetic_demo,8000
KA-CRIME-2736,17.4000,76.1000,65,2026-10-06,synthetic_demo,8000
KA-CRIME-2737,17.4000,76.2000,22,2026-10-06,synthetic_demo,8000
KA-CRIME-2738,17.4000,76.3000,80,2026-10-06,synthetic_demo,8000
KA-CRIME-2739,17.4000,76.4000,80,2026-10-06,synthetic_demo,8000
KA-CRIME-2740,17.4000,76.5000,87,2026-10-06,synthetic_demo,8000
KA-CRIME-2741,17.4000,76.6000,71,2026-10-06,synthetic_demo,8000
KA-CRIME-2742,17.4000,76.7000,85,2026-10-06,synthetic_demo,8000
KA-CRIME-2743,17.4000,76.8000,27,2026-10-06,synthetic_demo,8000
KA-CRIME-2744,17.4000,76.9000,39,2026-10-06,synthetic_demo,8000
KA-CRIME-2745,17.4000,77.0000,89,2026-10-06,synthetic_demo,8000
KA-CRIME-2746,17.4000,77.1000,19,2026-10-06,synthetic_demo,8000
KA-CRIME-2747,17.4000,77.2000,62,2026-10-06,synthetic_demo,8000
KA-CRIME-2748,17.4000,77.3000,95,2026-10-06,synthetic_demo,8000
KA-CRIME-2749,17.4000,77.4000,26,2026-10-06,synthetic_demo,8000
KA-CRIME-2750,17.4000,77.5000,61,2026-10-06,synthetic_demo,8000
KA-CRIME-2751,17.4000,77.6000,64,2026-10-06,synthetic_demo,8000
KA-CRIME-2752,17.4000,77.7000,53,2026-10-06,synthetic_demo,8000
KA-CRIME-2753,17.4000,77.8000,43,2026-10-06,synthetic_demo,8000
KA-CRIME-2754,17.4000,77.9000,15,2026-10-06,synthetic_demo,8000
KA-CRIME-2755,17.4000,78.0000,72,2026-10-06,synthetic_demo,8000
KA-CRIME-2756,17.4000,78.1000,24,2026-10-06,synthetic_demo,8000
KA-CRIME-2757,17.4000,78.2000,21,2026-10-06,synthetic_demo,8000
KA-CRIME-2758,17.4000,78.3000,24,2026-10-06,synthetic_demo,8000
KA-CRIME-2759,17.4000,78.4000,22,2026-10-06,synthetic_demo,8000
KA-CRIME-2760,17.4000,78.5000,76,2026-10-06,synthetic_demo,8000
KA-CRIME-2761,17.5000,74.0000,67,2026-10-06,synthetic_demo,8000
KA-CRIME-2762,17.5000,74.1000,37,2026-10-06,synthetic_demo,8000
KA-CRIME-2763,17.5000,74.2000,54,2026-10-06,synthetic_demo,8000
KA-CRIME-2764,17.5000,74.3000,75,2026-10-06,synthetic_demo,8000
KA-CRIME-2765,17.5000,74.4000,85,2026-10-06,synthetic_demo,8000
KA-CRIME-2766,17.5000,74.5000,26,2026-10-06,synthetic_demo,8000
KA-CRIME-2767,17.5000,74.6000,45,2026-10-06,synthetic_demo,8000
KA-CRIME-2768,17.5000,74.7000,68,2026-10-06,synthetic_demo,8000
KA-CRIME-2769,17.5000,74.8000,39,2026-10-06,synthetic_demo,8000
KA-CRIME-2770,17.5000,74.9000,95,2026-10-06,synthetic_demo,8000
KA-CRIME-2771,17.5000,75.0000,20,2026-10-06,synthetic_demo,8000
KA-CRIME-2772,17.5000,75.1000,67,2026-10-06,synthetic_demo,8000
KA-CRIME-2773,17.5000,75.2000,17,2026-10-06,synthetic_demo,8000
KA-CRIME-2774,17.5000,75.3000,29,2026-10-06,synthetic_demo,8000
KA-CRIME-2775,17.5000,75.4000,23,2026-10-06,synthetic_demo,8000
KA-CRIME-2776,17.5000,75.5000,89,2026-10-06,synthetic_demo,8000
KA-CRIME-2777,17.5000,75.6000,84,2026-10-06,synthetic_demo,8000
KA-CRIME-2778,17.5000,75.7000,42,2026-10-06,synthetic_demo,8000
KA-CRIME-2779,17.5000,75.8000,32,2026-10-06,synthetic_demo,8000
KA-CRIME-2780,17.5000,75.9000,36,2026-10-06,synthetic_demo,8000
KA-CRIME-2781,17.5000,76.0000,84,2026-10-06,synthetic_demo,8000
KA-CRIME-2782,17.5000,76.1000,50,2026-10-06,synthetic_demo,8000
KA-CRIME-2783,17.5000,76.2000,58,2026-10-06,synthetic_demo,8000
KA-CRIME-2784,17.5000,76.3000,62,2026-10-06,synthetic_demo,8000
KA-CRIME-2785,17.5000,76.4000,53,2026-10-06,synthetic_demo,8000
KA-CRIME-2786,17.5000,76.5000,32,2026-10-06,synthetic_demo,8000
KA-CRIME-2787,17.5000,76.6000,28,2026-10-06,synthetic_demo,8000
KA-CRIME-2788,17.5000,76.7000,82,2026-10-06,synthetic_demo,8000
KA-CRIME-2789,17.5000,76.8000,28,2026-10-06,synthetic_demo,8000
KA-CRIME-2790,17.5000,76.9000,94,2026-10-06,synthetic_demo,8000
KA-CRIME-2791,17.5000,77.0000,28,2026-10-06,synthetic_demo,8000
KA-CRIME-2792,17.5000,77.1000,54,2026-10-06,synthetic_demo,8000
KA-CRIME-2793,17.5000,77.2000,58,2026-10-06,synthetic_demo,8000
KA-CRIME-2794,17.5000,77.3000,89,2026-10-06,synthetic_demo,8000
KA-CRIME-2795,17.5000,77.4000,20,2026-10-06,synthetic_demo,8000
KA-CRIME-2796,17.5000,77.5000,88,2026-10-06,synthetic_demo,8000
KA-CRIME-2797,17.5000,77.6000,65,2026-10-06,synthetic_demo,8000
KA-CRIME-2798,17.5000,77.7000,33,2026-10-06,synthetic_demo,8000
KA-CRIME-2799,17.5000,77.8000,34,2026-10-06,synthetic_demo,8000
KA-CRIME-2800,17.5000,77.9000,36,2026-10-06,synthetic_demo,8000
KA-CRIME-2801,17.5000,78.0000,46,2026-10-06,synthetic_demo,8000
KA-CRIME-2802,17.5000,78.1000,62,2026-10-06,synthetic_demo,8000
KA-CRIME-2803,17.5000,78.2000,31,2026-10-06,synthetic_demo,8000
KA-CRIME-2804,17.5000,78.3000,27,2026-10-06,synthetic_demo,8000
KA-CRIME-2805,17.5000,78.4000,57,2026-10-06,synthetic_demo,8000
KA-CRIME-2806,17.5000,78.5000,68,2026-10-06,synthetic_demo,8000
KA-CRIME-2807,17.6000,74.0000,22,2026-10-06,synthetic_demo,8000
KA-CRIME-2808,17.6000,74.1000,82,2026-10-06,synthetic_demo,8000
KA-CRIME-2809,17.6000,74.2000,83,2026-10-06,synthetic_demo,8000
KA-CRIME-2810,17.6000,74.3000,76,2026-10-06,synthetic_demo,8000
KA-CRIME-2811,17.6000,74.4000,91,2026-10-06,synthetic_demo,8000
KA-CRIME-2812,17.6000,74.5000,40,2026-10-06,synthetic_demo,8000
KA-CRIME-2813,17.6000,74.6000,36,2026-10-06,synthetic_demo,8000
KA-CRIME-2814,17.6000,74.7000,82,2026-10-06,synthetic_demo,8000
KA-CRIME-2815,17.6000,74.8000,60,2026-10-06,synthetic_demo,8000
KA-CRIME-2816,17.6000,74.9000,16,2026-10-06,synthetic_demo,8000
KA-CRIME-2817,17.6000,75.0000,85,2026-10-06,synthetic_demo,8000
KA-CRIME-2818,17.6000,75.1000,26,2026-10-06,synthetic_demo,8000
KA-CRIME-2819,17.6000,75.2000,39,2026-10-06,synthetic_demo,8000
KA-CRIME-2820,17.6000,75.3000,86,2026-10-06,synthetic_demo,8000
KA-CRIME-2821,17.6000,75.4000,26,2026-10-06,synthetic_demo,8000
KA-CRIME-2822,17.6000,75.5000,79,2026-10-06,synthetic_demo,8000
KA-CRIME-2823,17.6000,75.6000,91,2026-10-06,synthetic_demo,8000
KA-CRIME-2824,17.6000,75.7000,31,2026-10-06,synthetic_demo,8000
KA-CRIME-2825,17.6000,75.8000,58,2026-10-06,synthetic_demo,8000
KA-CRIME-2826,17.6000,75.9000,38,2026-10-06,synthetic_demo,8000
KA-CRIME-2827,17.6000,76.0000,57,2026-10-06,synthetic_demo,8000
KA-CRIME-2828,17.6000,76.1000,46,2026-10-06,synthetic_demo,8000
KA-CRIME-2829,17.6000,76.2000,39,2026-10-06,synthetic_demo,8000
KA-CRIME-2830,17.6000,76.3000,85,2026-10-06,synthetic_demo,8000
KA-CRIME-2831,17.6000,76.4000,71,2026-10-06,synthetic_demo,8000
KA-CRIME-2832,17.6000,76.5000,19,2026-10-06,synthetic_demo,8000
KA-CRIME-2833,17.6000,76.6000,93,2026-10-06,synthetic_demo,8000
KA-CRIME-2834,17.6000,76.7000,68,2026-10-06,synthetic_demo,8000
KA-CRIME-2835,17.6000,76.8000,88,2026-10-06,synthetic_demo,8000
KA-CRIME-2836,17.6000,76.9000,41,2026-10-06,synthetic_demo,8000
KA-CRIME-2837,17.6000,77.0000,67,2026-10-06,synthetic_demo,8000
KA-CRIME-2838,17.6000,77.1000,90,2026-10-06,synthetic_demo,8000
KA-CRIME-2839,17.6000,77.2000,85,2026-10-06,synthetic_demo,8000
KA-CRIME-2840,17.6000,77.3000,28,2026-10-06,synthetic_demo,8000
KA-CRIME-2841,17.6000,77.4000,32,2026-10-06,synthetic_demo,8000
KA-CRIME-2842,17.6000,77.5000,26,2026-10-06,synthetic_demo,8000
KA-CRIME-2843,17.6000,77.6000,32,2026-10-06,synthetic_demo,8000
KA-CRIME-2844,17.6000,77.7000,49,2026-10-06,synthetic_demo,8000
KA-CRIME-2845,17.6000,77.8000,36,2026-10-06,synthetic_demo,8000
KA-CRIME-2846,17.6000,77.9000,44,2026-10-06,synthetic_demo,8000
KA-CRIME-2847,17.6000,78.0000,41,2026-10-06,synthetic_demo,8000
KA-CRIME-2848,17.6000,78.1000,44,2026-10-06,synthetic_demo,8000
KA-CRIME-2849,17.6000,78.2000,88,2026-10-06,synthetic_demo,8000
KA-CRIME-2850,17.6000,78.3000,59,2026-10-06,synthetic_demo,8000
KA-CRIME-2851,17.6000,78.4000,24,2026-10-06,synthetic_demo,8000
KA-CRIME-2852,17.6000,78.5000,16,2026-10-06,synthetic_demo,8000
KA-CRIME-2853,17.7000,74.0000,72,2026-10-06,synthetic_demo,8000
KA-CRIME-2854,17.7000,74.1000,35,2026-10-06,synthetic_demo,8000
KA-CRIME-2855,17.7000,74.2000,47,2026-10-06,synthetic_demo,8000
KA-CRIME-2856,17.7000,74.3000,47,2026-10-06,synthetic_demo,8000
KA-CRIME-2857,17.7000,74.4000,83,2026-10-06,synthetic_demo,8000
KA-CRIME-2858,17.7000,74.5000,27,2026-10-06,synthetic_demo,8000
KA-CRIME-2859,17.7000,74.6000,25,2026-10-06,synthetic_demo,8000
KA-CRIME-2860,17.7000,74.7000,45,2026-10-06,synthetic_demo,8000
KA-CRIME-2861,17.7000,74.8000,45,2026-10-06,synthetic_demo,8000
KA-CRIME-2862,17.7000,74.9000,67,2026-10-06,synthetic_demo,8000
KA-CRIME-2863,17.7000,75.0000,50,2026-10-06,synthetic_demo,8000
KA-CRIME-2864,17.7000,75.1000,50,2026-10-06,synthetic_demo,8000
KA-CRIME-2865,17.7000,75.2000,62,2026-10-06,synthetic_demo,8000
KA-CRIME-2866,17.7000,75.3000,74,2026-10-06,synthetic_demo,8000
KA-CRIME-2867,17.7000,75.4000,44,2026-10-06,synthetic_demo,8000
KA-CRIME-2868,17.7000,75.5000,56,2026-10-06,synthetic_demo,8000
KA-CRIME-2869,17.7000,75.6000,37,2026-10-06,synthetic_demo,8000
KA-CRIME-2870,17.7000,75.7000,74,2026-10-06,synthetic_demo,8000
KA-CRIME-2871,17.7000,75.8000,67,2026-10-06,synthetic_demo,8000
KA-CRIME-2872,17.7000,75.9000,74,2026-10-06,synthetic_demo,8000
KA-CRIME-2873,17.7000,76.0000,49,2026-10-06,synthetic_demo,8000
KA-CRIME-2874,17.7000,76.1000,85,2026-10-06,synthetic_demo,8000
KA-CRIME-2875,17.7000,76.2000,75,2026-10-06,synthetic_demo,8000
KA-CRIME-2876,17.7000,76.3000,32,2026-10-06,synthetic_demo,8000
KA-CRIME-2877,17.7000,76.4000,77,2026-10-06,synthetic_demo,8000
KA-CRIME-2878,17.7000,76.5000,26,2026-10-06,synthetic_demo,8000
KA-CRIME-2879,17.7000,76.6000,37,2026-10-06,synthetic_demo,8000
KA-CRIME-2880,17.7000,76.7000,91,2026-10-06,synthetic_demo,8000
KA-CRIME-2881,17.7000,76.8000,81,2026-10-06,synthetic_demo,8000
KA-CRIME-2882,17.7000,76.9000,74,2026-10-06,synthetic_demo,8000
KA-CRIME-2883,17.7000,77.0000,95,2026-10-06,synthetic_demo,8000
KA-CRIME-2884,17.7000,77.1000,37,2026-10-06,synthetic_demo,8000
KA-CRIME-2885,17.7000,77.2000,34,2026-10-06,synthetic_demo,8000
KA-CRIME-2886,17.7000,77.3000,42,2026-10-06,synthetic_demo,8000
KA-CRIME-2887,17.7000,77.4000,34,2026-10-06,synthetic_demo,8000
KA-CRIME-2888,17.7000,77.5000,95,2026-10-06,synthetic_demo,8000
KA-CRIME-2889,17.7000,77.6000,43,2026-10-06,synthetic_demo,8000
KA-CRIME-2890,17.7000,77.7000,31,2026-10-06,synthetic_demo,8000
KA-CRIME-2891,17.7000,77.8000,20,2026-10-06,synthetic_demo,8000
KA-CRIME-2892,17.7000,77.9000,91,2026-10-06,synthetic_demo,8000
KA-CRIME-2893,17.7000,78.0000,32,2026-10-06,synthetic_demo,8000
KA-CRIME-2894,17.7000,78.1000,78,2026-10-06,synthetic_demo,8000
KA-CRIME-2895,17.7000,78.2000,75,2026-10-06,synthetic_demo,8000
KA-CRIME-2896,17.7000,78.3000,26,2026-10-06,synthetic_demo,8000
KA-CRIME-2897,17.7000,78.4000,15,2026-10-06,synthetic_demo,8000
KA-CRIME-2898,17.7000,78.5000,23,2026-10-06,synthetic_demo,8000
KA-CRIME-2899,17.8000,74.0000,68,2026-10-06,synthetic_demo,8000
KA-CRIME-2900,17.8000,74.1000,63,2026-10-06,synthetic_demo,8000
KA-CRIME-2901,17.8000,74.2000,35,2026-10-06,synthetic_demo,8000
KA-CRIME-2902,17.8000,74.3000,37,2026-10-06,synthetic_demo,8000
KA-CRIME-2903,17.8000,74.4000,53,2026-10-06,synthetic_demo,8000
KA-CRIME-2904,17.8000,74.5000,93,2026-10-06,synthetic_demo,8000
KA-CRIME-2905,17.8000,74.6000,51,2026-10-06,synthetic_demo,8000
KA-CRIME-2906,17.8000,74.7000,87,2026-10-06,synthetic_demo,8000
KA-CRIME-2907,17.8000,74.8000,21,2026-10-06,synthetic_demo,8000
KA-CRIME-2908,17.8000,74.9000,21,2026-10-06,synthetic_demo,8000
KA-CRIME-2909,17.8000,75.0000,45,2026-10-06,synthetic_demo,8000
KA-CRIME-2910,17.8000,75.1000,68,2026-10-06,synthetic_demo,8000
KA-CRIME-2911,17.8000,75.2000,51,2026-10-06,synthetic_demo,8000
KA-CRIME-2912,17.8000,75.3000,32,2026-10-06,synthetic_demo,8000
KA-CRIME-2913,17.8000,75.4000,64,2026-10-06,synthetic_demo,8000
KA-CRIME-2914,17.8000,75.5000,58,2026-10-06,synthetic_demo,8000
KA-CRIME-2915,17.8000,75.6000,91,2026-10-06,synthetic_demo,8000
KA-CRIME-2916,17.8000,75.7000,42,2026-10-06,synthetic_demo,8000
KA-CRIME-2917,17.8000,75.8000,74,2026-10-06,synthetic_demo,8000
KA-CRIME-2918,17.8000,75.9000,54,2026-10-06,synthetic_demo,8000
KA-CRIME-2919,17.8000,76.0000,69,2026-10-06,synthetic_demo,8000
KA-CRIME-2920,17.8000,76.1000,38,2026-10-06,synthetic_demo,8000
KA-CRIME-2921,17.8000,76.2000,87,2026-10-06,synthetic_demo,8000
KA-CRIME-2922,17.8000,76.3000,49,2026-10-06,synthetic_demo,8000
KA-CRIME-2923,17.8000,76.4000,36,2026-10-06,synthetic_demo,8000
KA-CRIME-2924,17.8000,76.5000,73,2026-10-06,synthetic_demo,8000
KA-CRIME-2925,17.8000,76.6000,73,2026-10-06,synthetic_demo,8000
KA-CRIME-2926,17.8000,76.7000,76,2026-10-06,synthetic_demo,8000
KA-CRIME-2927,17.8000,76.8000,26,2026-10-06,synthetic_demo,8000
KA-CRIME-2928,17.8000,76.9000,88,2026-10-06,synthetic_demo,8000
KA-CRIME-2929,17.8000,77.0000,60,2026-10-06,synthetic_demo,8000
KA-CRIME-2930,17.8000,77.1000,50,2026-10-06,synthetic_demo,8000
KA-CRIME-2931,17.8000,77.2000,59,2026-10-06,synthetic_demo,8000
KA-CRIME-2932,17.8000,77.3000,68,2026-10-06,synthetic_demo,8000
KA-CRIME-2933,17.8000,77.4000,42,2026-10-06,synthetic_demo,8000
KA-CRIME-2934,17.8000,77.5000,91,2026-10-06,synthetic_demo,8000
KA-CRIME-2935,17.8000,77.6000,53,2026-10-06,synthetic_demo,8000
KA-CRIME-2936,17.8000,77.7000,57,2026-10-06,synthetic_demo,8000
KA-CRIME-2937,17.8000,77.8000,59,2026-10-06,synthetic_demo,8000
KA-CRIME-2938,17.8000,77.9000,20,2026-10-06,synthetic_demo,8000
KA-CRIME-2939,17.8000,78.0000,73,2026-10-06,synthetic_demo,8000
KA-CRIME-2940,17.8000,78.1000,84,2026-10-06,synthetic_demo,8000
KA-CRIME-2941,17.8000,78.2000,25,2026-10-06,synthetic_demo,8000
KA-CRIME-2942,17.8000,78.3000,58,2026-10-06,synthetic_demo,8000
KA-CRIME-2943,17.8000,78.4000,47,2026-10-06,synthetic_demo,8000
KA-CRIME-2944,17.8000,78.5000,95,2026-10-06,synthetic_demo,8000
KA-CRIME-2945,17.9000,74.0000,77,2026-10-06,synthetic_demo,8000
KA-CRIME-2946,17.9000,74.1000,59,2026-10-06,synthetic_demo,8000
KA-CRIME-2947,17.9000,74.2000,95,2026-10-06,synthetic_demo,8000
KA-CRIME-2948,17.9000,74.3000,48,2026-10-06,synthetic_demo,8000
KA-CRIME-2949,17.9000,74.4000,42,2026-10-06,synthetic_demo,8000
KA-CRIME-2950,17.9000,74.5000,32,2026-10-06,synthetic_demo,8000
KA-CRIME-2951,17.9000,74.6000,35,2026-10-06,synthetic_demo,8000
KA-CRIME-2952,17.9000,74.7000,25,2026-10-06,synthetic_demo,8000
KA-CRIME-2953,17.9000,74.8000,87,2026-10-06,synthetic_demo,8000
KA-CRIME-2954,17.9000,74.9000,37,2026-10-06,synthetic_demo,8000
KA-CRIME-2955,17.9000,75.0000,68,2026-10-06,synthetic_demo,8000
KA-CRIME-2956,17.9000,75.1000,56,2026-10-06,synthetic_demo,8000
KA-CRIME-2957,17.9000,75.2000,18,2026-10-06,synthetic_demo,8000
KA-CRIME-2958,17.9000,75.3000,32,2026-10-06,synthetic_demo,8000
KA-CRIME-2959,17.9000,75.4000,74,2026-10-06,synthetic_demo,8000
KA-CRIME-2960,17.9000,75.5000,32,2026-10-06,synthetic_demo,8000
KA-CRIME-2961,17.9000,75.6000,35,2026-10-06,synthetic_demo,8000
KA-CRIME-2962,17.9000,75.7000,44,2026-10-06,synthetic_demo,8000
KA-CRIME-2963,17.9000,75.8000,94,2026-10-06,synthetic_demo,8000
KA-CRIME-2964,17.9000,75.9000,49,2026-10-06,synthetic_demo,8000
KA-CRIME-2965,17.9000,76.0000,20,2026-10-06,synthetic_demo,8000
KA-CRIME-2966,17.9000,76.1000,60,2026-10-06,synthetic_demo,8000
KA-CRIME-2967,17.9000,76.2000,50,2026-10-06,synthetic_demo,8000
KA-CRIME-2968,17.9000,76.3000,31,2026-10-06,synthetic_demo,8000
KA-CRIME-2969,17.9000,76.4000,51,2026-10-06,synthetic_demo,8000
KA-CRIME-2970,17.9000,76.5000,60,2026-10-06,synthetic_demo,8000
KA-CRIME-2971,17.9000,76.6000,46,2026-10-06,synthetic_demo,8000
KA-CRIME-2972,17.9000,76.7000,88,2026-10-06,synthetic_demo,8000
KA-CRIME-2973,17.9000,76.8000,18,2026-10-06,synthetic_demo,8000
KA-CRIME-2974,17.9000,76.9000,46,2026-10-06,synthetic_demo,8000
KA-CRIME-2975,17.9000,77.0000,75,2026-10-06,synthetic_demo,8000
KA-CRIME-2976,17.9000,77.1000,80,2026-10-06,synthetic_demo,8000
KA-CRIME-2977,17.9000,77.2000,24,2026-10-06,synthetic_demo,8000
KA-CRIME-2978,17.9000,77.3000,25,2026-10-06,synthetic_demo,8000
KA-CRIME-2979,17.9000,77.4000,22,2026-10-06,synthetic_demo,8000
KA-CRIME-2980,17.9000,77.5000,32,2026-10-06,synthetic_demo,8000
KA-CRIME-2981,17.9000,77.6000,81,2026-10-06,synthetic_demo,8000
KA-CRIME-2982,17.9000,77.7000,86,2026-10-06,synthetic_demo,8000
KA-CRIME-2983,17.9000,77.8000,91,2026-10-06,synthetic_demo,8000
KA-CRIME-2984,17.9000,77.9000,89,2026-10-06,synthetic_demo,8000
KA-CRIME-2985,17.9000,78.0000,43,2026-10-06,synthetic_demo,8000
KA-CRIME-2986,17.9000,78.1000,56,2026-10-06,synthetic_demo,8000
KA-CRIME-2987,17.9000,78.2000,60,2026-10-06,synthetic_demo,8000
KA-CRIME-2988,17.9000,78.3000,19,2026-10-06,synthetic_demo,8000
KA-CRIME-2989,17.9000,78.4000,33,2026-10-06,synthetic_demo,8000
KA-CRIME-2990,17.9000,78.5000,62,2026-10-06,synthetic_demo,8000
KA-CRIME-2991,18.0000,74.0000,71,2026-10-06,synthetic_demo,8000
KA-CRIME-2992,18.0000,74.1000,76,2026-10-06,synthetic_demo,8000
KA-CRIME-2993,18.0000,74.2000,80,2026-10-06,synthetic_demo,8000
KA-CRIME-2994,18.0000,74.3000,47,2026-10-06,synthetic_demo,8000
KA-CRIME-2995,18.0000,74.4000,43,2026-10-06,synthetic_demo,8000
KA-CRIME-2996,18.0000,74.5000,40,2026-10-06,synthetic_demo,8000
KA-CRIME-2997,18.0000,74.6000,66,2026-10-06,synthetic_demo,8000
KA-CRIME-2998,18.0000,74.7000,60,2026-10-06,synthetic_demo,8000
KA-CRIME-2999,18.0000,74.8000,25,2026-10-06,synthetic_demo,8000
KA-CRIME-3000,18.0000,74.9000,19,2026-10-06,synthetic_demo,8000
KA-CRIME-3001,18.0000,75.0000,76,2026-10-06,synthetic_demo,8000
KA-CRIME-3002,18.0000,75.1000,33,2026-10-06,synthetic_demo,8000
KA-CRIME-3003,18.0000,75.2000,91,2026-10-06,synthetic_demo,8000
KA-CRIME-3004,18.0000,75.3000,80,2026-10-06,synthetic_demo,8000
KA-CRIME-3005,18.0000,75.4000,37,2026-10-06,synthetic_demo,8000
KA-CRIME-3006,18.0000,75.5000,93,2026-10-06,synthetic_demo,8000
KA-CRIME-3007,18.0000,75.6000,30,2026-10-06,synthetic_demo,8000
KA-CRIME-3008,18.0000,75.7000,73,2026-10-06,synthetic_demo,8000
KA-CRIME-3009,18.0000,75.8000,30,2026-10-06,synthetic_demo,8000
KA-CRIME-3010,18.0000,75.9000,86,2026-10-06,synthetic_demo,8000
KA-CRIME-3011,18.0000,76.0000,51,2026-10-06,synthetic_demo,8000
KA-CRIME-3012,18.0000,76.1000,18,2026-10-06,synthetic_demo,8000
KA-CRIME-3013,18.0000,76.2000,17,2026-10-06,synthetic_demo,8000
KA-CRIME-3014,18.0000,76.3000,32,2026-10-06,synthetic_demo,8000
KA-CRIME-3015,18.0000,76.4000,68,2026-10-06,synthetic_demo,8000
KA-CRIME-3016,18.0000,76.5000,21,2026-10-06,synthetic_demo,8000
KA-CRIME-3017,18.0000,76.6000,16,2026-10-06,synthetic_demo,8000
KA-CRIME-3018,18.0000,76.7000,36,2026-10-06,synthetic_demo,8000
KA-CRIME-3019,18.0000,76.8000,86,2026-10-06,synthetic_demo,8000
KA-CRIME-3020,18.0000,76.9000,46,2026-10-06,synthetic_demo,8000
KA-CRIME-3021,18.0000,77.0000,47,2026-10-06,synthetic_demo,8000
KA-CRIME-3022,18.0000,77.1000,36,2026-10-06,synthetic_demo,8000
KA-CRIME-3023,18.0000,77.2000,31,2026-10-06,synthetic_demo,8000
KA-CRIME-3024,18.0000,77.3000,32,2026-10-06,synthetic_demo,8000
KA-CRIME-3025,18.0000,77.4000,46,2026-10-06,synthetic_demo,8000
KA-CRIME-3026,18.0000,77.5000,66,2026-10-06,synthetic_demo,8000
KA-CRIME-3027,18.0000,77.6000,27,2026-10-06,synthetic_demo,8000
KA-CRIME-3028,18.0000,77.7000,84,2026-10-06,synthetic_demo,8000
KA-CRIME-3029,18.0000,77.8000,54,2026-10-06,synthetic_demo,8000
KA-CRIME-3030,18.0000,77.9000,43,2026-10-06,synthetic_demo,8000
KA-CRIME-3031,18.0000,78.0000,25,2026-10-06,synthetic_demo,8000
KA-CRIME-3032,18.0000,78.1000,36,2026-10-06,synthetic_demo,8000
KA-CRIME-3033,18.0000,78.2000,26,2026-10-06,synthetic_demo,8000
KA-CRIME-3034,18.0000,78.3000,18,2026-10-06,synthetic_demo,8000
KA-CRIME-3035,18.0000,78.4000,93,2026-10-06,synthetic_demo,8000
KA-CRIME-3036,18.0000,78.5000,18,2026-10-06,synthetic_demo,8000
KA-CRIME-3037,18.1000,74.0000,22,2026-10-06,synthetic_demo,8000
KA-CRIME-3038,18.1000,74.1000,84,2026-10-06,synthetic_demo,8000
KA-CRIME-3039,18.1000,74.2000,22,2026-10-06,synthetic_demo,8000
KA-CRIME-3040,18.1000,74.3000,55,2026-10-06,synthetic_demo,8000
KA-CRIME-3041,18.1000,74.4000,79,2026-10-06,synthetic_demo,8000
KA-CRIME-3042,18.1000,74.5000,29,2026-10-06,synthetic_demo,8000
KA-CRIME-3043,18.1000,74.6000,94,2026-10-06,synthetic_demo,8000
KA-CRIME-3044,18.1000,74.7000,94,2026-10-06,synthetic_demo,8000
KA-CRIME-3045,18.1000,74.8000,25,2026-10-06,synthetic_demo,8000
KA-CRIME-3046,18.1000,74.9000,45,2026-10-06,synthetic_demo,8000
KA-CRIME-3047,18.1000,75.0000,34,2026-10-06,synthetic_demo,8000
KA-CRIME-3048,18.1000,75.1000,90,2026-10-06,synthetic_demo,8000
KA-CRIME-3049,18.1000,75.2000,88,2026-10-06,synthetic_demo,8000
KA-CRIME-3050,18.1000,75.3000,83,2026-10-06,synthetic_demo,8000
KA-CRIME-3051,18.1000,75.4000,70,2026-10-06,synthetic_demo,8000
KA-CRIME-3052,18.1000,75.5000,71,2026-10-06,synthetic_demo,8000
KA-CRIME-3053,18.1000,75.6000,34,2026-10-06,synthetic_demo,8000
KA-CRIME-3054,18.1000,75.7000,44,2026-10-06,synthetic_demo,8000
KA-CRIME-3055,18.1000,75.8000,41,2026-10-06,synthetic_demo,8000
KA-CRIME-3056,18.1000,75.9000,77,2026-10-06,synthetic_demo,8000
KA-CRIME-3057,18.1000,76.0000,52,2026-10-06,synthetic_demo,8000
KA-CRIME-3058,18.1000,76.1000,19,2026-10-06,synthetic_demo,8000
KA-CRIME-3059,18.1000,76.2000,80,2026-10-06,synthetic_demo,8000
KA-CRIME-3060,18.1000,76.3000,67,2026-10-06,synthetic_demo,8000
KA-CRIME-3061,18.1000,76.4000,29,2026-10-06,synthetic_demo,8000
KA-CRIME-3062,18.1000,76.5000,86,2026-10-06,synthetic_demo,8000
KA-CRIME-3063,18.1000,76.6000,64,2026-10-06,synthetic_demo,8000
KA-CRIME-3064,18.1000,76.7000,32,2026-10-06,synthetic_demo,8000
KA-CRIME-3065,18.1000,76.8000,76,2026-10-06,synthetic_demo,8000
KA-CRIME-3066,18.1000,76.9000,22,2026-10-06,synthetic_demo,8000
KA-CRIME-3067,18.1000,77.0000,67,2026-10-06,synthetic_demo,8000
KA-CRIME-3068,18.1000,77.1000,85,2026-10-06,synthetic_demo,8000
KA-CRIME-3069,18.1000,77.2000,40,2026-10-06,synthetic_demo,8000
KA-CRIME-3070,18.1000,77.3000,89,2026-10-06,synthetic_demo,8000
KA-CRIME-3071,18.1000,77.4000,39,2026-10-06,synthetic_demo,8000
KA-CRIME-3072,18.1000,77.5000,51,2026-10-06,synthetic_demo,8000
KA-CRIME-3073,18.1000,77.6000,81,2026-10-06,synthetic_demo,8000
KA-CRIME-3074,18.1000,77.7000,68,2026-10-06,synthetic_demo,8000
KA-CRIME-3075,18.1000,77.8000,20,2026-10-06,synthetic_demo,8000
KA-CRIME-3076,18.1000,77.9000,40,2026-10-06,synthetic_demo,8000
KA-CRIME-3077,18.1000,78.0000,45,2026-10-06,synthetic_demo,8000
KA-CRIME-3078,18.1000,78.1000,66,2026-10-06,synthetic_demo,8000
KA-CRIME-3079,18.1000,78.2000,76,2026-10-06,synthetic_demo,8000
KA-CRIME-3080,18.1000,78.3000,34,2026-10-06,synthetic_demo,8000
KA-CRIME-3081,18.1000,78.4000,83,2026-10-06,synthetic_demo,8000
KA-CRIME-3082,18.1000,78.5000,53,2026-10-06,synthetic_demo,8000
KA-CRIME-3083,18.2000,74.0000,31,2026-10-06,synthetic_demo,8000
KA-CRIME-3084,18.2000,74.1000,26,2026-10-06,synthetic_demo,8000
KA-CRIME-3085,18.2000,74.2000,78,2026-10-06,synthetic_demo,8000
KA-CRIME-3086,18.2000,74.3000,52,2026-10-06,synthetic_demo,8000
KA-CRIME-3087,18.2000,74.4000,90,2026-10-06,synthetic_demo,8000
KA-CRIME-3088,18.2000,74.5000,77,2026-10-06,synthetic_demo,8000
KA-CRIME-3089,18.2000,74.6000,25,2026-10-06,synthetic_demo,8000
KA-CRIME-3090,18.2000,74.7000,66,2026-10-06,synthetic_demo,8000
KA-CRIME-3091,18.2000,74.8000,49,2026-10-06,synthetic_demo,8000
KA-CRIME-3092,18.2000,74.9000,29,2026-10-06,synthetic_demo,8000
KA-CRIME-3093,18.2000,75.0000,84,2026-10-06,synthetic_demo,8000
KA-CRIME-3094,18.2000,75.1000,39,2026-10-06,synthetic_demo,8000
KA-CRIME-3095,18.2000,75.2000,88,2026-10-06,synthetic_demo,8000
KA-CRIME-3096,18.2000,75.3000,76,2026-10-06,synthetic_demo,8000
KA-CRIME-3097,18.2000,75.4000,39,2026-10-06,synthetic_demo,8000
KA-CRIME-3098,18.2000,75.5000,73,2026-10-06,synthetic_demo,8000
KA-CRIME-3099,18.2000,75.6000,79,2026-10-06,synthetic_demo,8000
KA-CRIME-3100,18.2000,75.7000,83,2026-10-06,synthetic_demo,8000
KA-CRIME-3101,18.2000,75.8000,95,2026-10-06,synthetic_demo,8000
KA-CRIME-3102,18.2000,75.9000,77,2026-10-06,synthetic_demo,8000
KA-CRIME-3103,18.2000,76.0000,17,2026-10-06,synthetic_demo,8000
KA-CRIME-3104,18.2000,76.1000,80,2026-10-06,synthetic_demo,8000
KA-CRIME-3105,18.2000,76.2000,88,2026-10-06,synthetic_demo,8000
KA-CRIME-3106,18.2000,76.3000,85,2026-10-06,synthetic_demo,8000
KA-CRIME-3107,18.2000,76.4000,92,2026-10-06,synthetic_demo,8000
KA-CRIME-3108,18.2000,76.5000,41,2026-10-06,synthetic_demo,8000
KA-CRIME-3109,18.2000,76.6000,31,2026-10-06,synthetic_demo,8000
KA-CRIME-3110,18.2000,76.7000,73,2026-10-06,synthetic_demo,8000
KA-CRIME-3111,18.2000,76.8000,48,2026-10-06,synthetic_demo,8000
KA-CRIME-3112,18.2000,76.9000,48,2026-10-06,synthetic_demo,8000
KA-CRIME-3113,18.2000,77.0000,50,2026-10-06,synthetic_demo,8000
KA-CRIME-3114,18.2000,77.1000,63,2026-10-06,synthetic_demo,8000
KA-CRIME-3115,18.2000,77.2000,25,2026-10-06,synthetic_demo,8000
KA-CRIME-3116,18.2000,77.3000,20,2026-10-06,synthetic_demo,8000
KA-CRIME-3117,18.2000,77.4000,81,2026-10-06,synthetic_demo,8000
KA-CRIME-3118,18.2000,77.5000,52,2026-10-06,synthetic_demo,8000
KA-CRIME-3119,18.2000,77.6000,69,2026-10-06,synthetic_demo,8000
KA-CRIME-3120,18.2000,77.7000,39,2026-10-06,synthetic_demo,8000
KA-CRIME-3121,18.2000,77.8000,72,2026-10-06,synthetic_demo,8000
KA-CRIME-3122,18.2000,77.9000,71,2026-10-06,synthetic_demo,8000
KA-CRIME-3123,18.2000,78.0000,39,2026-10-06,synthetic_demo,8000
KA-CRIME-3124,18.2000,78.1000,82,2026-10-06,synthetic_demo,8000
KA-CRIME-3125,18.2000,78.2000,85,2026-10-06,synthetic_demo,8000
KA-CRIME-3126,18.2000,78.3000,67,2026-10-06,synthetic_demo,8000
KA-CRIME-3127,18.2000,78.4000,25,2026-10-06,synthetic_demo,8000
KA-CRIME-3128,18.2000,78.5000,63,2026-10-06,synthetic_demo,8000
KA-CRIME-3129,18.3000,74.0000,38,2026-10-06,synthetic_demo,8000
KA-CRIME-3130,18.3000,74.1000,47,2026-10-06,synthetic_demo,8000
KA-CRIME-3131,18.3000,74.2000,24,2026-10-06,synthetic_demo,8000
KA-CRIME-3132,18.3000,74.3000,77,2026-10-06,synthetic_demo,8000
KA-CRIME-3133,18.3000,74.4000,22,2026-10-06,synthetic_demo,8000
KA-CRIME-3134,18.3000,74.5000,81,2026-10-06,synthetic_demo,8000
KA-CRIME-3135,18.3000,74.6000,66,2026-10-06,synthetic_demo,8000
KA-CRIME-3136,18.3000,74.7000,91,2026-10-06,synthetic_demo,8000
KA-CRIME-3137,18.3000,74.8000,86,2026-10-06,synthetic_demo,8000
KA-CRIME-3138,18.3000,74.9000,85,2026-10-06,synthetic_demo,8000
KA-CRIME-3139,18.3000,75.0000,53,2026-10-06,synthetic_demo,8000
KA-CRIME-3140,18.3000,75.1000,23,2026-10-06,synthetic_demo,8000
KA-CRIME-3141,18.3000,75.2000,76,2026-10-06,synthetic_demo,8000
KA-CRIME-3142,18.3000,75.3000,19,2026-10-06,synthetic_demo,8000
KA-CRIME-3143,18.3000,75.4000,35,2026-10-06,synthetic_demo,8000
KA-CRIME-3144,18.3000,75.5000,45,2026-10-06,synthetic_demo,8000
KA-CRIME-3145,18.3000,75.6000,35,2026-10-06,synthetic_demo,8000
KA-CRIME-3146,18.3000,75.7000,94,2026-10-06,synthetic_demo,8000
KA-CRIME-3147,18.3000,75.8000,59,2026-10-06,synthetic_demo,8000
KA-CRIME-3148,18.3000,75.9000,17,2026-10-06,synthetic_demo,8000
KA-CRIME-3149,18.3000,76.0000,45,2026-10-06,synthetic_demo,8000
KA-CRIME-3150,18.3000,76.1000,53,2026-10-06,synthetic_demo,8000
KA-CRIME-3151,18.3000,76.2000,27,2026-10-06,synthetic_demo,8000
KA-CRIME-3152,18.3000,76.3000,88,2026-10-06,synthetic_demo,8000
KA-CRIME-3153,18.3000,76.4000,21,2026-10-06,synthetic_demo,8000
KA-CRIME-3154,18.3000,76.5000,29,2026-10-06,synthetic_demo,8000
KA-CRIME-3155,18.3000,76.6000,78,2026-10-06,synthetic_demo,8000
KA-CRIME-3156,18.3000,76.7000,54,2026-10-06,synthetic_demo,8000
KA-CRIME-3157,18.3000,76.8000,36,2026-10-06,synthetic_demo,8000
KA-CRIME-3158,18.3000,76.9000,81,2026-10-06,synthetic_demo,8000
KA-CRIME-3159,18.3000,77.0000,38,2026-10-06,synthetic_demo,8000
KA-CRIME-3160,18.3000,77.1000,85,2026-10-06,synthetic_demo,8000
KA-CRIME-3161,18.3000,77.2000,38,2026-10-06,synthetic_demo,8000
KA-CRIME-3162,18.3000,77.3000,93,2026-10-06,synthetic_demo,8000
KA-CRIME-3163,18.3000,77.4000,71,2026-10-06,synthetic_demo,8000
KA-CRIME-3164,18.3000,77.5000,89,2026-10-06,synthetic_demo,8000
KA-CRIME-3165,18.3000,77.6000,62,2026-10-06,synthetic_demo,8000
KA-CRIME-3166,18.3000,77.7000,62,2026-10-06,synthetic_demo,8000
KA-CRIME-3167,18.3000,77.8000,32,2026-10-06,synthetic_demo,8000
KA-CRIME-3168,18.3000,77.9000,67,2026-10-06,synthetic_demo,8000
KA-CRIME-3169,18.3000,78.0000,87,2026-10-06,synthetic_demo,8000
KA-CRIME-3170,18.3000,78.1000,73,2026-10-06,synthetic_demo,8000
KA-CRIME-3171,18.3000,78.2000,44,2026-10-06,synthetic_demo,8000
KA-CRIME-3172,18.3000,78.3000,26,2026-10-06,synthetic_demo,8000
KA-CRIME-3173,18.3000,78.4000,91,2026-10-06,synthetic_demo,8000
KA-CRIME-3174,18.3000,78.5000,60,2026-10-06,synthetic_demo,8000
KA-CRIME-3175,18.4000,74.0000,51,2026-10-06,synthetic_demo,8000
KA-CRIME-3176,18.4000,74.1000,89,2026-10-06,synthetic_demo,8000
KA-CRIME-3177,18.4000,74.2000,18,2026-10-06,synthetic_demo,8000
KA-CRIME-3178,18.4000,74.3000,67,2026-10-06,synthetic_demo,8000
KA-CRIME-3179,18.4000,74.4000,40,2026-10-06,synthetic_demo,8000
KA-CRIME-3180,18.4000,74.5000,32,2026-10-06,synthetic_demo,8000
KA-CRIME-3181,18.4000,74.6000,75,2026-10-06,synthetic_demo,8000
KA-CRIME-3182,18.4000,74.7000,75,2026-10-06,synthetic_demo,8000
KA-CRIME-3183,18.4000,74.8000,77,2026-10-06,synthetic_demo,8000
KA-CRIME-3184,18.4000,74.9000,20,2026-10-06,synthetic_demo,8000
KA-CRIME-3185,18.4000,75.0000,29,2026-10-06,synthetic_demo,8000
KA-CRIME-3186,18.4000,75.1000,58,2026-10-06,synthetic_demo,8000
KA-CRIME-3187,18.4000,75.2000,20,2026-10-06,synthetic_demo,8000
KA-CRIME-3188,18.4000,75.3000,67,2026-10-06,synthetic_demo,8000
KA-CRIME-3189,18.4000,75.4000,81,2026-10-06,synthetic_demo,8000
KA-CRIME-3190,18.4000,75.5000,46,2026-10-06,synthetic_demo,8000
KA-CRIME-3191,18.4000,75.6000,46,2026-10-06,synthetic_demo,8000
KA-CRIME-3192,18.4000,75.7000,79,2026-10-06,synthetic_demo,8000
KA-CRIME-3193,18.4000,75.8000,37,2026-10-06,synthetic_demo,8000
KA-CRIME-3194,18.4000,75.9000,79,2026-10-06,synthetic_demo,8000
KA-CRIME-3195,18.4000,76.0000,59,2026-10-06,synthetic_demo,8000
KA-CRIME-3196,18.4000,76.1000,24,2026-10-06,synthetic_demo,8000
KA-CRIME-3197,18.4000,76.2000,58,2026-10-06,synthetic_demo,8000
KA-CRIME-3198,18.4000,76.3000,87,2026-10-06,synthetic_demo,8000
KA-CRIME-3199,18.4000,76.4000,29,2026-10-06,synthetic_demo,8000
KA-CRIME-3200,18.4000,76.5000,37,2026-10-06,synthetic_demo,8000
KA-CRIME-3201,18.4000,76.6000,90,2026-10-06,synthetic_demo,8000
KA-CRIME-3202,18.4000,76.7000,93,2026-10-06,synthetic_demo,8000
KA-CRIME-3203,18.4000,76.8000,38,2026-10-06,synthetic_demo,8000
KA-CRIME-3204,18.4000,76.9000,66,2026-10-06,synthetic_demo,8000
KA-CRIME-3205,18.4000,77.0000,80,2026-10-06,synthetic_demo,8000
KA-CRIME-3206,18.4000,77.1000,21,2026-10-06,synthetic_demo,8000
KA-CRIME-3207,18.4000,77.2000,62,2026-10-06,synthetic_demo,8000
KA-CRIME-3208,18.4000,77.3000,28,2026-10-06,synthetic_demo,8000
KA-CRIME-3209,18.4000,77.4000,44,2026-10-06,synthetic_demo,8000
KA-CRIME-3210,18.4000,77.5000,37,2026-10-06,synthetic_demo,8000
KA-CRIME-3211,18.4000,77.6000,52,2026-10-06,synthetic_demo,8000
KA-CRIME-3212,18.4000,77.7000,20,2026-10-06,synthetic_demo,8000
KA-CRIME-3213,18.4000,77.8000,84,2026-10-06,synthetic_demo,8000
KA-CRIME-3214,18.4000,77.9000,87,2026-10-06,synthetic_demo,8000
KA-CRIME-3215,18.4000,78.0000,49,2026-10-06,synthetic_demo,8000
KA-CRIME-3216,18.4000,78.1000,75,2026-10-06,synthetic_demo,8000
KA-CRIME-3217,18.4000,78.2000,84,2026-10-06,synthetic_demo,8000
KA-CRIME-3218,18.4000,78.3000,16,2026-10-06,synthetic_demo,8000
KA-CRIME-3219,18.4000,78.4000,68,2026-10-06,synthetic_demo,8000
KA-CRIME-3220,18.4000,78.5000,27,2026-10-06,synthetic_demo,8000
KA-CRIME-3221,18.5000,74.0000,63,2026-10-06,synthetic_demo,8000
KA-CRIME-3222,18.5000,74.1000,70,2026-10-06,synthetic_demo,8000
KA-CRIME-3223,18.5000,74.2000,91,2026-10-06,synthetic_demo,8000
KA-CRIME-3224,18.5000,74.3000,33,2026-10-06,synthetic_demo,8000
KA-CRIME-3225,18.5000,74.4000,61,2026-10-06,synthetic_demo,8000
KA-CRIME-3226,18.5000,74.5000,23,2026-10-06,synthetic_demo,8000
KA-CRIME-3227,18.5000,74.6000,32,2026-10-06,synthetic_demo,8000
KA-CRIME-3228,18.5000,74.7000,95,2026-10-06,synthetic_demo,8000
KA-CRIME-3229,18.5000,74.8000,53,2026-10-06,synthetic_demo,8000
KA-CRIME-3230,18.5000,74.9000,68,2026-10-06,synthetic_demo,8000
KA-CRIME-3231,18.5000,75.0000,20,2026-10-06,synthetic_demo,8000
KA-CRIME-3232,18.5000,75.1000,37,2026-10-06,synthetic_demo,8000
KA-CRIME-3233,18.5000,75.2000,16,2026-10-06,synthetic_demo,8000
KA-CRIME-3234,18.5000,75.3000,63,2026-10-06,synthetic_demo,8000
KA-CRIME-3235,18.5000,75.4000,22,2026-10-06,synthetic_demo,8000
KA-CRIME-3236,18.5000,75.5000,31,2026-10-06,synthetic_demo,8000
KA-CRIME-3237,18.5000,75.6000,89,2026-10-06,synthetic_demo,8000
KA-CRIME-3238,18.5000,75.7000,53,2026-10-06,synthetic_demo,8000
KA-CRIME-3239,18.5000,75.8000,16,2026-10-06,synthetic_demo,8000
KA-CRIME-3240,18.5000,75.9000,71,2026-10-06,synthetic_demo,8000
KA-CRIME-3241,18.5000,76.0000,62,2026-10-06,synthetic_demo,8000
KA-CRIME-3242,18.5000,76.1000,31,2026-10-06,synthetic_demo,8000
KA-CRIME-3243,18.5000,76.2000,21,2026-10-06,synthetic_demo,8000
KA-CRIME-3244,18.5000,76.3000,59,2026-10-06,synthetic_demo,8000
KA-CRIME-3245,18.5000,76.4000,19,2026-10-06,synthetic_demo,8000
KA-CRIME-3246,18.5000,76.5000,90,2026-10-06,synthetic_demo,8000
KA-CRIME-3247,18.5000,76.6000,72,2026-10-06,synthetic_demo,8000
KA-CRIME-3248,18.5000,76.7000,67,2026-10-06,synthetic_demo,8000
KA-CRIME-3249,18.5000,76.8000,84,2026-10-06,synthetic_demo,8000
KA-CRIME-3250,18.5000,76.9000,23,2026-10-06,synthetic_demo,8000
KA-CRIME-3251,18.5000,77.0000,78,2026-10-06,synthetic_demo,8000
KA-CRIME-3252,18.5000,77.1000,18,2026-10-06,synthetic_demo,8000
KA-CRIME-3253,18.5000,77.2000,51,2026-10-06,synthetic_demo,8000
KA-CRIME-3254,18.5000,77.3000,92,2026-10-06,synthetic_demo,8000
KA-CRIME-3255,18.5000,77.4000,33,2026-10-06,synthetic_demo,8000
KA-CRIME-3256,18.5000,77.5000,41,2026-10-06,synthetic_demo,8000
KA-CRIME-3257,18.5000,77.6000,77,2026-10-06,synthetic_demo,8000
KA-CRIME-3258,18.5000,77.7000,52,2026-10-06,synthetic_demo,8000
KA-CRIME-3259,18.5000,77.8000,66,2026-10-06,synthetic_demo,8000
KA-CRIME-3260,18.5000,77.9000,33,2026-10-06,synthetic_demo,8000
KA-CRIME-3261,18.5000,78.0000,51,2026-10-06,synthetic_demo,8000
KA-CRIME-3262,18.5000,78.1000,67,2026-10-06,synthetic_demo,8000
KA-CRIME-3263,18.5000,78.2000,38,2026-10-06,synthetic_demo,8000
KA-CRIME-3264,18.5000,78.3000,41,2026-10-06,synthetic_demo,8000
KA-CRIME-3265,18.5000,78.4000,71,2026-10-06,synthetic_demo,8000
KA-CRIME-3266,18.5000,78.5000,32,2026-10-06,synthetic_demo,8000
