safety_id,latitude,longitude,safety_score,date,source,radius_meters
SAFETY-001,17.4405,78.4990,82,2026-10-01,synthetic_demo,250
SAFETY-002,17.4425,78.5000,64,2026-10-01,synthetic_demo,250
SAFETY-003,12.9720,77.5950,78,2026-10-01,synthetic_demo,250
SAFETY-004,12.9740,77.5970,61,2026-10-01,synthetic_demo,250
SAFETY-005,28.6145,77.2095,74,2026-10-01,synthetic_demo,250
SAFETY-006,28.6160,77.2110,58,2026-10-01,synthetic_demo,250
SAFETY-007,19.0765,72.8780,76,2026-10-01,synthetic_demo,250
SAFETY-008,19.0780,72.8800,60,2026-10-01,synthetic_demo,250
SAFETY-009,13.0830,80.2710,81,2026-10-01,synthetic_demo,250
SAFETY-010,13.0850,80.2730,66,2026-10-01,synthetic_demo,250
SAFETY-011,22.5730,88.3640,72,2026-10-01,synthetic_demo,250
SAFETY-012,22.5750,88.3660,55,2026-10-01,synthetic_demo,250
SAFETY-013,16.5070,80.6490,85,2026-10-01,synthetic_demo,250
SAFETY-014,16.5090,80.6500,69,2026-10-01,synthetic_demo,250
SAFETY-015,13.6295,79.4200,83,2026-10-01,synthetic_demo,250
SAFETY-016,13.6310,79.4220,67,2026-10-01,synthetic_demo,250
SAFETY-017,17.446495,78.505174,36,2026-10-06,synthetic_demo,250
SAFETY-018,17.434510,78.493283,29,2026-10-06,synthetic_demo,250
SAFETY-019,12.978024,77.601025,69,2026-10-06,synthetic_demo,250
SAFETY-020,12.966359,77.589259,13,2026-10-06,synthetic_demo,250
SAFETY-021,28.620011,77.215116,94,2026-10-06,synthetic_demo,250
SAFETY-022,28.608257,77.203575,47,2026-10-06,synthetic_demo,250
SAFETY-023,19.082875,72.883506,20,2026-10-06,synthetic_demo,250
SAFETY-024,19.070499,72.871712,21,2026-10-06,synthetic_demo,250
SAFETY-025,13.089446,80.277148,7,2026-10-06,synthetic_demo,250
SAFETY-026,13.076529,80.264598,55,2026-10-06,synthetic_demo,250
SAFETY-027,22.578563,88.370452,15,2026-10-06,synthetic_demo,250
SAFETY-028,22.566887,88.357728,45,2026-10-06,synthetic_demo,250
SAFETY-029,16.512727,80.655010,63,2026-10-06,synthetic_demo,250
SAFETY-030,16.500500,80.643187,83,2026-10-06,synthetic_demo,250
SAFETY-031,13.635209,79.425598,5,2026-10-06,synthetic_demo,250
SAFETY-032,13.623938,79.413996,99,2026-10-06,synthetic_demo,250
KA-SAFETY-0001,11.5000,74.0000,78,2026-10-06,synthetic_demo,8000
KA-SAFETY-0002,11.5000,74.1000,25,2026-10-06,synthetic_demo,8000
KA-SAFETY-0003,11.5000,74.2000,51,2026-10-06,synthetic_demo,8000
KA-SAFETY-0004,11.5000,74.3000,51,2026-10-06,synthetic_demo,8000
KA-SAFETY-0005,11.5000,74.4000,80,2026-10-06,synthetic_demo,8000
KA-SAFETY-0006,11.5000,74.5000,40,2026-10-06,synthetic_demo,8000
KA-SAFETY-0007,11.5000,74.6000,86,2026-10-06,synthetic_demo,8000
KA-SAFETY-0008,11.5000,74.7000,44,2026-10-06,synthetic_demo,8000
KA-SAFETY-0009,11.5000,74.8000,82,2026-10-06,synthetic_demo,8000
KA-SAFETY-0010,11.5000,74.9000,95,2026-10-06,synthetic_demo,8000
KA-SAFETY-0011,11.5000,75.0000,82,2026-10-06,synthetic_demo,8000
KA-SAFETY-0012,11.5000,75.1000,84,2026-10-06,synthetic_demo,8000
KA-SAFETY-0013,11.5000,75.2000,19,2026-10-06,synthetic_demo,8000
KA-SAFETY-0014,11.5000,75.3000,28,2026-10-06,synthetic_demo,8000
KA-SAFETY-0015,11.5000,75.4000,16,2026-10-06,synthetic_demo,8000
KA-SAFETY-0016,11.5000,75.5000,45,2026-10-06,synthetic_demo,8000
KA-SAFETY-0017,11.5000,75.6000,29,2026-10-06,synthetic_demo,8000
KA-SAFETY-0018,11.5000,75.7000,25,2026-10-06,synthetic_demo,8000
KA-SAFETY-0019,11.5000,75.8000,47,2026-10-06,synthetic_demo,8000
KA-SAFETY-0020,11.5000,75.9000,74,2026-10-06,synthetic_demo,8000
KA-SAFETY-0021,11.5000,76.0000,88,2026-10-06,synthetic_demo,8000
KA-SAFETY-0022,11.5000,76.1000,69,2026-10-06,synthetic_demo,8000
KA-SAFETY-0023,11.5000,76.2000,62,2026-10-06,synthetic_demo,8000
KA-SAFETY-0024,11.5000,76.3000,42,2026-10-06,synthetic_demo,8000
KA-SAFETY-0025,11.5000,76.4000,15,2026-10-06,synthetic_demo,8000
KA-SAFETY-0026,11.5000,76.5000,25,2026-10-06,synthetic_demo,8000
KA-SAFETY-0027,11.5000,76.6000,35,2026-10-06,synthetic_demo,8000
KA-SAFETY-0028,11.5000,76.7000,78,2026-10-06,synthetic_demo,8000
KA-SAFETY-0029,11.5000,76.8000,32,2026-10-06,synthetic_demo,8000
KA-SAFETY-0030,11.5000,76.9000,42,2026-10-06,synthetic_demo,8000
KA-SAFETY-0031,11.5000,77.0000,31,2026-10-06,synthetic_demo,8000
KA-SAFETY-0032,11.5000,77.1000,36,2026-10-06,synthetic_demo,8000
KA-SAFETY-0033,11.5000,77.2000,73,2026-10-06,synthetic_demo,8000
KA-SAFETY-0034,11.5000,77.3000,22,2026-10-06,synthetic_demo,8000
KA-SAFETY-0035,11.5000,77.4000,18,2026-10-06,synthetic_demo,8000
KA-SAFETY-0036,11.5000,77.5000,27,2026-10-06,synthetic_demo,8000
KA-SAFETY-0037,11.5000,77.6000,70,2026-10-06,synthetic_demo,8000
KA-SAFETY-0038,11.5000,77.7000,23,2026-10-06,synthetic_demo,8000
KA-SAFETY-0039,11.5000,77.8000,38,2026-10-06,synthetic_demo,8000
KA-SAFETY-0040,11.5000,77.9000,49,2026-10-06,synthetic_demo,8000
KA-SAFETY-0041,11.5000,78.0000,30,2026-10-06,synthetic_demo,8000
KA-SAFETY-0042,11.5000,78.1000,64,2026-10-06,synthetic_demo,8000
KA-SAFETY-0043,11.5000,78.2000,77,2026-10-06,synthetic_demo,8000
KA-SAFETY-0044,11.5000,78.3000,44,2026-10-06,synthetic_demo,8000
KA-SAFETY-0045,11.5000,78.4000,35,2026-10-06,synthetic_demo,8000
KA-SAFETY-0046,11.5000,78.5000,60,2026-10-06,synthetic_demo,8000
KA-SAFETY-0047,11.6000,74.0000,44,2026-10-06,synthetic_demo,8000
KA-SAFETY-0048,11.6000,74.1000,19,2026-10-06,synthetic_demo,8000
KA-SAFETY-0049,11.6000,74.2000,80,2026-10-06,synthetic_demo,8000
KA-SAFETY-0050,11.6000,74.3000,78,2026-10-06,synthetic_demo,8000
KA-SAFETY-0051,11.6000,74.4000,15,2026-10-06,synthetic_demo,8000
KA-SAFETY-0052,11.6000,74.5000,95,2026-10-06,synthetic_demo,8000
KA-SAFETY-0053,11.6000,74.6000,46,2026-10-06,synthetic_demo,8000
KA-SAFETY-0054,11.6000,74.7000,41,2026-10-06,synthetic_demo,8000
KA-SAFETY-0055,11.6000,74.8000,27,2026-10-06,synthetic_demo,8000
KA-SAFETY-0056,11.6000,74.9000,30,2026-10-06,synthetic_demo,8000
KA-SAFETY-0057,11.6000,75.0000,20,2026-10-06,synthetic_demo,8000
KA-SAFETY-0058,11.6000,75.1000,67,2026-10-06,synthetic_demo,8000
KA-SAFETY-0059,11.6000,75.2000,78,2026-10-06,synthetic_demo,8000
KA-SAFETY-0060,11.6000,75.3000,36,2026-10-06,synthetic_demo,8000
KA-SAFETY-0061,11.6000,75.4000,20,2026-10-06,synthetic_demo,8000
KA-SAFETY-0062,11.6000,75.5000,69,2026-10-06,synthetic_demo,8000
KA-SAFETY-0063,11.6000,75.6000,92,2026-10-06,synthetic_demo,8000
KA-SAFETY-0064,11.6000,75.7000,59,2026-10-06,synthetic_demo,8000
KA-SAFETY-0065,11.6000,75.8000,29,2026-10-06,synthetic_demo,8000
KA-SAFETY-0066,11.6000,75.9000,82,2026-10-06,synthetic_demo,8000
KA-SAFETY-0067,11.6000,76.0000,57,2026-10-06,synthetic_demo,8000
KA-SAFETY-0068,11.6000,76.1000,89,2026-10-06,synthetic_demo,8000
KA-SAFETY-0069,11.6000,76.2000,19,2026-10-06,synthetic_demo,8000
KA-SAFETY-0070,11.6000,76.3000,54,2026-10-06,synthetic_demo,8000
KA-SAFETY-0071,11.6000,76.4000,52,2026-10-06,synthetic_demo,8000
KA-SAFETY-0072,11.6000,76.5000,76,2026-10-06,synthetic_demo,8000
KA-SAFETY-0073,11.6000,76.6000,38,2026-10-06,synthetic_demo,8000
KA-SAFETY-0074,11.6000,76.7000,87,2026-10-06,synthetic_demo,8000
KA-SAFETY-0075,11.6000,76.8000,78,2026-10-06,synthetic_demo,8000
KA-SAFETY-0076,11.6000,76.9000,34,2026-10-06,synthetic_demo,8000
KA-SAFETY-0077,11.6000,77.0000,85,2026-10-06,synthetic_demo,8000
KA-SAFETY-0078,11.6000,77.1000,20,2026-10-06,synthetic_demo,8000
KA-SAFETY-0079,11.6000,77.2000,31,2026-10-06,synthetic_demo,8000
KA-SAFETY-0080,11.6000,77.3000,29,2026-10-06,synthetic_demo,8000
KA-SAFETY-0081,11.6000,77.4000,74,2026-10-06,synthetic_demo,8000
KA-SAFETY-0082,11.6000,77.5000,19,2026-10-06,synthetic_demo,8000
KA-SAFETY-0083,11.6000,77.6000,82,2026-10-06,synthetic_demo,8000
KA-SAFETY-0084,11.6000,77.7000,28,2026-10-06,synthetic_demo,8000
KA-SAFETY-0085,11.6000,77.8000,78,2026-10-06,synthetic_demo,8000
KA-SAFETY-0086,11.6000,77.9000,44,2026-10-06,synthetic_demo,8000
KA-SAFETY-0087,11.6000,78.0000,76,2026-10-06,synthetic_demo,8000
KA-SAFETY-0088,11.6000,78.1000,53,2026-10-06,synthetic_demo,8000
KA-SAFETY-0089,11.6000,78.2000,33,2026-10-06,synthetic_demo,8000
KA-SAFETY-0090,11.6000,78.3000,84,2026-10-06,synthetic_demo,8000
KA-SAFETY-0091,11.6000,78.4000,24,2026-10-06,synthetic_demo,8000
KA-SAFETY-0092,11.6000,78.5000,24,2026-10-06,synthetic_demo,8000
KA-SAFETY-0093,11.7000,74.0000,23,2026-10-06,synthetic_demo,8000
KA-SAFETY-0094,11.7000,74.1000,71,2026-10-06,synthetic_demo,8000
KA-SAFETY-0095,11.7000,74.2000,90,2026-10-06,synthetic_demo,8000
KA-SAFETY-0096,11.7000,74.3000,90,2026-10-06,synthetic_demo,8000
KA-SAFETY-0097,11.7000,74.4000,29,2026-10-06,synthetic_demo,8000
KA-SAFETY-0098,11.7000,74.5000,74,2026-10-06,synthetic_demo,8000
KA-SAFETY-0099,11.7000,74.6000,37,2026-10-06,synthetic_demo,8000
KA-SAFETY-0100,11.7000,74.7000,42,2026-10-06,synthetic_demo,8000
KA-SAFETY-0101,11.7000,74.8000,93,2026-10-06,synthetic_demo,8000
KA-SAFETY-0102,11.7000,74.9000,47,2026-10-06,synthetic_demo,8000
KA-SAFETY-0103,11.7000,75.0000,28,2026-10-06,synthetic_demo,8000
KA-SAFETY-0104,11.7000,75.1000,94,2026-10-06,synthetic_demo,8000
KA-SAFETY-0105,11.7000,75.2000,80,2026-10-06,synthetic_demo,8000
KA-SAFETY-0106,11.7000,75.3000,89,2026-10-06,synthetic_demo,8000
KA-SAFETY-0107,11.7000,75.4000,24,2026-10-06,synthetic_demo,8000
KA-SAFETY-0108,11.7000,75.5000,68,2026-10-06,synthetic_demo,8000
KA-SAFETY-0109,11.7000,75.6000,38,2026-10-06,synthetic_demo,8000
KA-SAFETY-0110,11.7000,75.7000,17,2026-10-06,synthetic_demo,8000
KA-SAFETY-0111,11.7000,75.8000,66,2026-10-06,synthetic_demo,8000
KA-SAFETY-0112,11.7000,75.9000,16,2026-10-06,synthetic_demo,8000
KA-SAFETY-0113,11.7000,76.0000,73,2026-10-06,synthetic_demo,8000
KA-SAFETY-0114,11.7000,76.1000,28,2026-10-06,synthetic_demo,8000
KA-SAFETY-0115,11.7000,76.2000,62,2026-10-06,synthetic_demo,8000
KA-SAFETY-0116,11.7000,76.3000,29,2026-10-06,synthetic_demo,8000
KA-SAFETY-0117,11.7000,76.4000,75,2026-10-06,synthetic_demo,8000
KA-SAFETY-0118,11.7000,76.5000,94,2026-10-06,synthetic_demo,8000
KA-SAFETY-0119,11.7000,76.6000,23,2026-10-06,synthetic_demo,8000
KA-SAFETY-0120,11.7000,76.7000,70,2026-10-06,synthetic_demo,8000
KA-SAFETY-0121,11.7000,76.8000,36,2026-10-06,synthetic_demo,8000
KA-SAFETY-0122,11.7000,76.9000,56,2026-10-06,synthetic_demo,8000
KA-SAFETY-0123,11.7000,77.0000,77,2026-10-06,synthetic_demo,8000
KA-SAFETY-0124,11.7000,77.1000,44,2026-10-06,synthetic_demo,8000
KA-SAFETY-0125,11.7000,77.2000,85,2026-10-06,synthetic_demo,8000
KA-SAFETY-0126,11.7000,77.3000,24,2026-10-06,synthetic_demo,8000
KA-SAFETY-0127,11.7000,77.4000,67,2026-10-06,synthetic_demo,8000
KA-SAFETY-0128,11.7000,77.5000,77,2026-10-06,synthetic_demo,8000
KA-SAFETY-0129,11.7000,77.6000,90,2026-10-06,synthetic_demo,8000
KA-SAFETY-0130,11.7000,77.7000,79,2026-10-06,synthetic_demo,8000
KA-SAFETY-0131,11.7000,77.8000,83,2026-10-06,synthetic_demo,8000
KA-SAFETY-0132,11.7000,77.9000,73,2026-10-06,synthetic_demo,8000
KA-SAFETY-0133,11.7000,78.0000,95,2026-10-06,synthetic_demo,8000
KA-SAFETY-0134,11.7000,78.1000,60,2026-10-06,synthetic_demo,8000
KA-SAFETY-0135,11.7000,78.2000,21,2026-10-06,synthetic_demo,8000
KA-SAFETY-0136,11.7000,78.3000,52,2026-10-06,synthetic_demo,8000
KA-SAFETY-0137,11.7000,78.4000,68,2026-10-06,synthetic_demo,8000
KA-SAFETY-0138,11.7000,78.5000,23,2026-10-06,synthetic_demo,8000
KA-SAFETY-0139,11.8000,74.0000,41,2026-10-06,synthetic_demo,8000
KA-SAFETY-0140,11.8000,74.1000,71,2026-10-06,synthetic_demo,8000
KA-SAFETY-0141,11.8000,74.2000,26,2026-10-06,synthetic_demo,8000
KA-SAFETY-0142,11.8000,74.3000,90,2026-10-06,synthetic_demo,8000
KA-SAFETY-0143,11.8000,74.4000,85,2026-10-06,synthetic_demo,8000
KA-SAFETY-0144,11.8000,74.5000,79,2026-10-06,synthetic_demo,8000
KA-SAFETY-0145,11.8000,74.6000,94,2026-10-06,synthetic_demo,8000
KA-SAFETY-0146,11.8000,74.7000,25,2026-10-06,synthetic_demo,8000
KA-SAFETY-0147,11.8000,74.8000,66,2026-10-06,synthetic_demo,8000
KA-SAFETY-0148,11.8000,74.9000,51,2026-10-06,synthetic_demo,8000
KA-SAFETY-0149,11.8000,75.0000,92,2026-10-06,synthetic_demo,8000
KA-SAFETY-0150,11.8000,75.1000,75,2026-10-06,synthetic_demo,8000
KA-SAFETY-0151,11.8000,75.2000,70,2026-10-06,synthetic_demo,8000
KA-SAFETY-0152,11.8000,75.3000,29,2026-10-06,synthetic_demo,8000
KA-SAFETY-0153,11.8000,75.4000,71,2026-10-06,synthetic_demo,8000
KA-SAFETY-0154,11.8000,75.5000,32,2026-10-06,synthetic_demo,8000
KA-SAFETY-0155,11.8000,75.6000,76,2026-10-06,synthetic_demo,8000
KA-SAFETY-0156,11.8000,75.7000,16,2026-10-06,synthetic_demo,8000
KA-SAFETY-0157,11.8000,75.8000,78,2026-10-06,synthetic_demo,8000
KA-SAFETY-0158,11.8000,75.9000,15,2026-10-06,synthetic_demo,8000
KA-SAFETY-0159,11.8000,76.0000,73,2026-10-06,synthetic_demo,8000
KA-SAFETY-0160,11.8000,76.1000,34,2026-10-06,synthetic_demo,8000
KA-SAFETY-0161,11.8000,76.2000,86,2026-10-06,synthetic_demo,8000
KA-SAFETY-0162,11.8000,76.3000,71,2026-10-06,synthetic_demo,8000
KA-SAFETY-0163,11.8000,76.4000,69,2026-10-06,synthetic_demo,8000
KA-SAFETY-0164,11.8000,76.5000,60,2026-10-06,synthetic_demo,8000
KA-SAFETY-0165,11.8000,76.6000,95,2026-10-06,synthetic_demo,8000
KA-SAFETY-0166,11.8000,76.7000,27,2026-10-06,synthetic_demo,8000
KA-SAFETY-0167,11.8000,76.8000,35,2026-10-06,synthetic_demo,8000
KA-SAFETY-0168,11.8000,76.9000,54,2026-10-06,synthetic_demo,8000
KA-SAFETY-0169,11.8000,77.0000,16,2026-10-06,synthetic_demo,8000
KA-SAFETY-0170,11.8000,77.1000,68,2026-10-06,synthetic_demo,8000
KA-SAFETY-0171,11.8000,77.2000,19,2026-10-06,synthetic_demo,8000
KA-SAFETY-0172,11.8000,77.3000,85,2026-10-06,synthetic_demo,8000
KA-SAFETY-0173,11.8000,77.4000,70,2026-10-06,synthetic_demo,8000
KA-SAFETY-0174,11.8000,77.5000,18,2026-10-06,synthetic_demo,8000
KA-SAFETY-0175,11.8000,77.6000,49,2026-10-06,synthetic_demo,8000
KA-SAFETY-0176,11.8000,77.7000,51,2026-10-06,synthetic_demo,8000
KA-SAFETY-0177,11.8000,77.8000,83,2026-10-06,synthetic_demo,8000
KA-SAFETY-0178,11.8000,77.9000,86,2026-10-06,synthetic_demo,8000
KA-SAFETY-0179,11.8000,78.0000,73,2026-10-06,synthetic_demo,8000
KA-SAFETY-0180,11.8000,78.1000,79,2026-10-06,synthetic_demo,8000
KA-SAFETY-0181,11.8000,78.2000,82,2026-10-06,synthetic_demo,8000
KA-SAFETY-0182,11.8000,78.3000,46,2026-10-06,synthetic_demo,8000
KA-SAFETY-0183,11.8000,78.4000,87,2026-10-06,synthetic_demo,8000
KA-SAFETY-0184,11.8000,78.5000,29,2026-10-06,synthetic_demo,8000
KA-SAFETY-0185,11.9000,74.0000,82,2026-10-06,synthetic_demo,8000
KA-SAFETY-0186,11.9000,74.1000,33,2026-10-06,synthetic_demo,8000
KA-SAFETY-0187,11.9000,74.2000,66,2026-10-06,synthetic_demo,8000
KA-SAFETY-0188,11.9000,74.3000,23,2026-10-06,synthetic_demo,8000
KA-SAFETY-0189,11.9000,74.4000,37,2026-10-06,synthetic_demo,8000
KA-SAFETY-0190,11.9000,74.5000,70,2026-10-06,synthetic_demo,8000
KA-SAFETY-0191,11.9000,74.6000,61,2026-10-06,synthetic_demo,8000
KA-SAFETY-0192,11.9000,74.7000,18,2026-10-06,synthetic_demo,8000
KA-SAFETY-0193,11.9000,74.8000,92,2026-10-06,synthetic_demo,8000
KA-SAFETY-0194,11.9000,74.9000,49,2026-10-06,synthetic_demo,8000
KA-SAFETY-0195,11.9000,75.0000,77,2026-10-06,synthetic_demo,8000
KA-SAFETY-0196,11.9000,75.1000,42,2026-10-06,synthetic_demo,8000
KA-SAFETY-0197,11.9000,75.2000,67,2026-10-06,synthetic_demo,8000
KA-SAFETY-0198,11.9000,75.3000,95,2026-10-06,synthetic_demo,8000
KA-SAFETY-0199,11.9000,75.4000,23,2026-10-06,synthetic_demo,8000
KA-SAFETY-0200,11.9000,75.5000,86,2026-10-06,synthetic_demo,8000
KA-SAFETY-0201,11.9000,75.6000,59,2026-10-06,synthetic_demo,8000
KA-SAFETY-0202,11.9000,75.7000,35,2026-10-06,synthetic_demo,8000
KA-SAFETY-0203,11.9000,75.8000,69,2026-10-06,synthetic_demo,8000
KA-SAFETY-0204,11.9000,75.9000,42,2026-10-06,synthetic_demo,8000
KA-SAFETY-0205,11.9000,76.0000,95,2026-10-06,synthetic_demo,8000
KA-SAFETY-0206,11.9000,76.1000,83,2026-10-06,synthetic_demo,8000
KA-SAFETY-0207,11.9000,76.2000,69,2026-10-06,synthetic_demo,8000
KA-SAFETY-0208,11.9000,76.3000,88,2026-10-06,synthetic_demo,8000
KA-SAFETY-0209,11.9000,76.4000,75,2026-10-06,synthetic_demo,8000
KA-SAFETY-0210,11.9000,76.5000,32,2026-10-06,synthetic_demo,8000
KA-SAFETY-0211,11.9000,76.6000,44,2026-10-06,synthetic_demo,8000
KA-SAFETY-0212,11.9000,76.7000,51,2026-10-06,synthetic_demo,8000
KA-SAFETY-0213,11.9000,76.8000,77,2026-10-06,synthetic_demo,8000
KA-SAFETY-0214,11.9000,76.9000,27,2026-10-06,synthetic_demo,8000
KA-SAFETY-0215,11.9000,77.0000,48,2026-10-06,synthetic_demo,8000
KA-SAFETY-0216,11.9000,77.1000,83,2026-10-06,synthetic_demo,8000
KA-SAFETY-0217,11.9000,77.2000,69,2026-10-06,synthetic_demo,8000
KA-SAFETY-0218,11.9000,77.3000,54,2026-10-06,synthetic_demo,8000
KA-SAFETY-0219,11.9000,77.4000,24,2026-10-06,synthetic_demo,8000
KA-SAFETY-0220,11.9000,77.5000,68,2026-10-06,synthetic_demo,8000
KA-SAFETY-0221,11.9000,77.6000,48,2026-10-06,synthetic_demo,8000
KA-SAFETY-0222,11.9000,77.7000,65,2026-10-06,synthetic_demo,8000
KA-SAFETY-0223,11.9000,77.8000,18,2026-10-06,synthetic_demo,8000
KA-SAFETY-0224,11.9000,77.9000,81,2026-10-06,synthetic_demo,8000
KA-SAFETY-0225,11.9000,78.0000,35,2026-10-06,synthetic_demo,8000
KA-SAFETY-0226,11.9000,78.1000,49,2026-10-06,synthetic_demo,8000
KA-SAFETY-0227,11.9000,78.2000,79,2026-10-06,synthetic_demo,8000
KA-SAFETY-0228,11.9000,78.3000,33,2026-10-06,synthetic_demo,8000
KA-SAFETY-0229,11.9000,78.4000,79,2026-10-06,synthetic_demo,8000
KA-SAFETY-0230,11.9000,78.5000,33,2026-10-06,synthetic_demo,8000
KA-SAFETY-0231,12.0000,74.0000,44,2026-10-06,synthetic_demo,8000
KA-SAFETY-0232,12.0000,74.1000,88,2026-10-06,synthetic_demo,8000
KA-SAFETY-0233,12.0000,74.2000,36,2026-10-06,synthetic_demo,8000
KA-SAFETY-0234,12.0000,74.3000,74,2026-10-06,synthetic_demo,8000
KA-SAFETY-0235,12.0000,74.4000,48,2026-10-06,synthetic_demo,8000
KA-SAFETY-0236,12.0000,74.5000,45,2026-10-06,synthetic_demo,8000
KA-SAFETY-0237,12.0000,74.6000,75,2026-10-06,synthetic_demo,8000
KA-SAFETY-0238,12.0000,74.7000,46,2026-10-06,synthetic_demo,8000
KA-SAFETY-0239,12.0000,74.8000,89,2026-10-06,synthetic_demo,8000
KA-SAFETY-0240,12.0000,74.9000,43,2026-10-06,synthetic_demo,8000
KA-SAFETY-0241,12.0000,75.0000,69,2026-10-06,synthetic_demo,8000
KA-SAFETY-0242,12.0000,75.1000,63,2026-10-06,synthetic_demo,8000
KA-SAFETY-0243,12.0000,75.2000,30,2026-10-06,synthetic_demo,8000
KA-SAFETY-0244,12.0000,75.3000,15,2026-10-06,synthetic_demo,8000
KA-SAFETY-0245,12.0000,75.4000,74,2026-10-06,synthetic_demo,8000
KA-SAFETY-0246,12.0000,75.5000,29,2026-10-06,synthetic_demo,8000
KA-SAFETY-0247,12.0000,75.6000,72,2026-10-06,synthetic_demo,8000
KA-SAFETY-0248,12.0000,75.7000,34,2026-10-06,synthetic_demo,8000
KA-SAFETY-0249,12.0000,75.8000,25,2026-10-06,synthetic_demo,8000
KA-SAFETY-0250,12.0000,75.9000,55,2026-10-06,synthetic_demo,8000
KA-SAFETY-0251,12.0000,76.0000,65,2026-10-06,synthetic_demo,8000
KA-SAFETY-0252,12.0000,76.1000,83,2026-10-06,synthetic_demo,8000
KA-SAFETY-0253,12.0000,76.2000,15,2026-10-06,synthetic_demo,8000
KA-SAFETY-0254,12.0000,76.3000,20,2026-10-06,synthetic_demo,8000
KA-SAFETY-0255,12.0000,76.4000,41,2026-10-06,synthetic_demo,8000
KA-SAFETY-0256,12.0000,76.5000,44,2026-10-06,synthetic_demo,8000
KA-SAFETY-0257,12.0000,76.6000,89,2026-10-06,synthetic_demo,8000
KA-SAFETY-0258,12.0000,76.7000,24,2026-10-06,synthetic_demo,8000
KA-SAFETY-0259,12.0000,76.8000,40,2026-10-06,synthetic_demo,8000
KA-SAFETY-0260,12.0000,76.9000,82,2026-10-06,synthetic_demo,8000
KA-SAFETY-0261,12.0000,77.0000,34,2026-10-06,synthetic_demo,8000
KA-SAFETY-0262,12.0000,77.1000,61,2026-10-06,synthetic_demo,8000
KA-SAFETY-0263,12.0000,77.2000,71,2026-10-06,synthetic_demo,8000
KA-SAFETY-0264,12.0000,77.3000,32,2026-10-06,synthetic_demo,8000
KA-SAFETY-0265,12.0000,77.4000,38,2026-10-06,synthetic_demo,8000
KA-SAFETY-0266,12.0000,77.5000,66,2026-10-06,synthetic_demo,8000
KA-SAFETY-0267,12.0000,77.6000,15,2026-10-06,synthetic_demo,8000
KA-SAFETY-0268,12.0000,77.7000,16,2026-10-06,synthetic_demo,8000
KA-SAFETY-0269,12.0000,77.8000,88,2026-10-06,synthetic_demo,8000
KA-SAFETY-0270,12.0000,77.9000,40,2026-10-06,synthetic_demo,8000
KA-SAFETY-0271,12.0000,78.0000,46,2026-10-06,synthetic_demo,8000
KA-SAFETY-0272,12.0000,78.1000,19,2026-10-06,synthetic_demo,8000
KA-SAFETY-0273,12.0000,78.2000,29,2026-10-06,synthetic_demo,8000
KA-SAFETY-0274,12.0000,78.3000,63,2026-10-06,synthetic_demo,8000
KA-SAFETY-0275,12.0000,78.4000,22,2026-10-06,synthetic_demo,8000
KA-SAFETY-0276,12.0000,78.5000,93,2026-10-06,synthetic_demo,8000
KA-SAFETY-0277,12.1000,74.0000,69,2026-10-06,synthetic_demo,8000
KA-SAFETY-0278,12.1000,74.1000,46,2026-10-06,synthetic_demo,8000
KA-SAFETY-0279,12.1000,74.2000,43,2026-10-06,synthetic_demo,8000
KA-SAFETY-0280,12.1000,74.3000,82,2026-10-06,synthetic_demo,8000
KA-SAFETY-0281,12.1000,74.4000,29,2026-10-06,synthetic_demo,8000
KA-SAFETY-0282,12.1000,74.5000,71,2026-10-06,synthetic_demo,8000
KA-SAFETY-0283,12.1000,74.6000,31,2026-10-06,synthetic_demo,8000
KA-SAFETY-0284,12.1000,74.7000,52,2026-10-06,synthetic_demo,8000
KA-SAFETY-0285,12.1000,74.8000,80,2026-10-06,synthetic_demo,8000
KA-SAFETY-0286,12.1000,74.9000,85,2026-10-06,synthetic_demo,8000
KA-SAFETY-0287,12.1000,75.0000,66,2026-10-06,synthetic_demo,8000
KA-SAFETY-0288,12.1000,75.1000,61,2026-10-06,synthetic_demo,8000
KA-SAFETY-0289,12.1000,75.2000,95,2026-10-06,synthetic_demo,8000
KA-SAFETY-0290,12.1000,75.3000,62,2026-10-06,synthetic_demo,8000
KA-SAFETY-0291,12.1000,75.4000,39,2026-10-06,synthetic_demo,8000
KA-SAFETY-0292,12.1000,75.5000,70,2026-10-06,synthetic_demo,8000
KA-SAFETY-0293,12.1000,75.6000,33,2026-10-06,synthetic_demo,8000
KA-SAFETY-0294,12.1000,75.7000,82,2026-10-06,synthetic_demo,8000
KA-SAFETY-0295,12.1000,75.8000,46,2026-10-06,synthetic_demo,8000
KA-SAFETY-0296,12.1000,75.9000,58,2026-10-06,synthetic_demo,8000
KA-SAFETY-0297,12.1000,76.0000,70,2026-10-06,synthetic_demo,8000
KA-SAFETY-0298,12.1000,76.1000,44,2026-10-06,synthetic_demo,8000
KA-SAFETY-0299,12.1000,76.2000,42,2026-10-06,synthetic_demo,8000
KA-SAFETY-0300,12.1000,76.3000,18,2026-10-06,synthetic_demo,8000
KA-SAFETY-0301,12.1000,76.4000,84,2026-10-06,synthetic_demo,8000
KA-SAFETY-0302,12.1000,76.5000,54,2026-10-06,synthetic_demo,8000
KA-SAFETY-0303,12.1000,76.6000,18,2026-10-06,synthetic_demo,8000
KA-SAFETY-0304,12.1000,76.7000,41,2026-10-06,synthetic_demo,8000
KA-SAFETY-0305,12.1000,76.8000,92,2026-10-06,synthetic_demo,8000
KA-SAFETY-0306,12.1000,76.9000,90,2026-10-06,synthetic_demo,8000
KA-SAFETY-0307,12.1000,77.0000,16,2026-10-06,synthetic_demo,8000
KA-SAFETY-0308,12.1000,77.1000,44,2026-10-06,synthetic_demo,8000
KA-SAFETY-0309,12.1000,77.2000,41,2026-10-06,synthetic_demo,8000
KA-SAFETY-0310,12.1000,77.3000,67,2026-10-06,synthetic_demo,8000
KA-SAFETY-0311,12.1000,77.4000,43,2026-10-06,synthetic_demo,8000
KA-SAFETY-0312,12.1000,77.5000,52,2026-10-06,synthetic_demo,8000
KA-SAFETY-0313,12.1000,77.6000,44,2026-10-06,synthetic_demo,8000
KA-SAFETY-0314,12.1000,77.7000,23,2026-10-06,synthetic_demo,8000
KA-SAFETY-0315,12.1000,77.8000,30,2026-10-06,synthetic_demo,8000
KA-SAFETY-0316,12.1000,77.9000,32,2026-10-06,synthetic_demo,8000
KA-SAFETY-0317,12.1000,78.0000,18,2026-10-06,synthetic_demo,8000
KA-SAFETY-0318,12.1000,78.1000,57,2026-10-06,synthetic_demo,8000
KA-SAFETY-0319,12.1000,78.2000,82,2026-10-06,synthetic_demo,8000
KA-SAFETY-0320,12.1000,78.3000,28,2026-10-06,synthetic_demo,8000
KA-SAFETY-0321,12.1000,78.4000,75,2026-10-06,synthetic_demo,8000
KA-SAFETY-0322,12.1000,78.5000,95,2026-10-06,synthetic_demo,8000
KA-SAFETY-0323,12.2000,74.0000,64,2026-10-06,synthetic_demo,8000
KA-SAFETY-0324,12.2000,74.1000,74,2026-10-06,synthetic_demo,8000
KA-SAFETY-0325,12.2000,74.2000,23,2026-10-06,synthetic_demo,8000
KA-SAFETY-0326,12.2000,74.3000,78,2026-10-06,synthetic_demo,8000
KA-SAFETY-0327,12.2000,74.4000,26,2026-10-06,synthetic_demo,8000
KA-SAFETY-0328,12.2000,74.5000,78,2026-10-06,synthetic_demo,8000
KA-SAFETY-0329,12.2000,74.6000,51,2026-10-06,synthetic_demo,8000
KA-SAFETY-0330,12.2000,74.7000,37,2026-10-06,synthetic_demo,8000
KA-SAFETY-0331,12.2000,74.8000,80,2026-10-06,synthetic_demo,8000
KA-SAFETY-0332,12.2000,74.9000,49,2026-10-06,synthetic_demo,8000
KA-SAFETY-0333,12.2000,75.0000,29,2026-10-06,synthetic_demo,8000
KA-SAFETY-0334,12.2000,75.1000,61,2026-10-06,synthetic_demo,8000
KA-SAFETY-0335,12.2000,75.2000,88,2026-10-06,synthetic_demo,8000
KA-SAFETY-0336,12.2000,75.3000,23,2026-10-06,synthetic_demo,8000
KA-SAFETY-0337,12.2000,75.4000,31,2026-10-06,synthetic_demo,8000
KA-SAFETY-0338,12.2000,75.5000,15,2026-10-06,synthetic_demo,8000
KA-SAFETY-0339,12.2000,75.6000,72,2026-10-06,synthetic_demo,8000
KA-SAFETY-0340,12.2000,75.7000,15,2026-10-06,synthetic_demo,8000
KA-SAFETY-0341,12.2000,75.8000,27,2026-10-06,synthetic_demo,8000
KA-SAFETY-0342,12.2000,75.9000,65,2026-10-06,synthetic_demo,8000
KA-SAFETY-0343,12.2000,76.0000,93,2026-10-06,synthetic_demo,8000
KA-SAFETY-0344,12.2000,76.1000,28,2026-10-06,synthetic_demo,8000
KA-SAFETY-0345,12.2000,76.2000,54,2026-10-06,synthetic_demo,8000
KA-SAFETY-0346,12.2000,76.3000,93,2026-10-06,synthetic_demo,8000
KA-SAFETY-0347,12.2000,76.4000,34,2026-10-06,synthetic_demo,8000
KA-SAFETY-0348,12.2000,76.5000,79,2026-10-06,synthetic_demo,8000
KA-SAFETY-0349,12.2000,76.6000,24,2026-10-06,synthetic_demo,8000
KA-SAFETY-0350,12.2000,76.7000,78,2026-10-06,synthetic_demo,8000
KA-SAFETY-0351,12.2000,76.8000,89,2026-10-06,synthetic_demo,8000
KA-SAFETY-0352,12.2000,76.9000,25,2026-10-06,synthetic_demo,8000
KA-SAFETY-0353,12.2000,77.0000,48,2026-10-06,synthetic_demo,8000
KA-SAFETY-0354,12.2000,77.1000,46,2026-10-06,synthetic_demo,8000
KA-SAFETY-0355,12.2000,77.2000,64,2026-10-06,synthetic_demo,8000
KA-SAFETY-0356,12.2000,77.3000,24,2026-10-06,synthetic_demo,8000
KA-SAFETY-0357,12.2000,77.4000,59,2026-10-06,synthetic_demo,8000
KA-SAFETY-0358,12.2000,77.5000,85,2026-10-06,synthetic_demo,8000
KA-SAFETY-0359,12.2000,77.6000,95,2026-10-06,synthetic_demo,8000
KA-SAFETY-0360,12.2000,77.7000,18,2026-10-06,synthetic_demo,8000
KA-SAFETY-0361,12.2000,77.8000,35,2026-10-06,synthetic_demo,8000
KA-SAFETY-0362,12.2000,77.9000,82,2026-10-06,synthetic_demo,8000
KA-SAFETY-0363,12.2000,78.0000,65,2026-10-06,synthetic_demo,8000
KA-SAFETY-0364,12.2000,78.1000,72,2026-10-06,synthetic_demo,8000
KA-SAFETY-0365,12.2000,78.2000,52,2026-10-06,synthetic_demo,8000
KA-SAFETY-0366,12.2000,78.3000,58,2026-10-06,synthetic_demo,8000
KA-SAFETY-0367,12.2000,78.4000,52,2026-10-06,synthetic_demo,8000
KA-SAFETY-0368,12.2000,78.5000,32,2026-10-06,synthetic_demo,8000
KA-SAFETY-0369,12.3000,74.0000,23,2026-10-06,synthetic_demo,8000
KA-SAFETY-0370,12.3000,74.1000,51,2026-10-06,synthetic_demo,8000
KA-SAFETY-0371,12.3000,74.2000,84,2026-10-06,synthetic_demo,8000
KA-SAFETY-0372,12.3000,74.3000,92,2026-10-06,synthetic_demo,8000
KA-SAFETY-0373,12.3000,74.4000,30,2026-10-06,synthetic_demo,8000
KA-SAFETY-0374,12.3000,74.5000,93,2026-10-06,synthetic_demo,8000
KA-SAFETY-0375,12.3000,74.6000,56,2026-10-06,synthetic_demo,8000
KA-SAFETY-0376,12.3000,74.7000,16,2026-10-06,synthetic_demo,8000
KA-SAFETY-0377,12.3000,74.8000,39,2026-10-06,synthetic_demo,8000
KA-SAFETY-0378,12.3000,74.9000,27,2026-10-06,synthetic_demo,8000
KA-SAFETY-0379,12.3000,75.0000,82,2026-10-06,synthetic_demo,8000
KA-SAFETY-0380,12.3000,75.1000,44,2026-10-06,synthetic_demo,8000
KA-SAFETY-0381,12.3000,75.2000,25,2026-10-06,synthetic_demo,8000
KA-SAFETY-0382,12.3000,75.3000,31,2026-10-06,synthetic_demo,8000
KA-SAFETY-0383,12.3000,75.4000,71,2026-10-06,synthetic_demo,8000
KA-SAFETY-0384,12.3000,75.5000,19,2026-10-06,synthetic_demo,8000
KA-SAFETY-0385,12.3000,75.6000,56,2026-10-06,synthetic_demo,8000
KA-SAFETY-0386,12.3000,75.7000,56,2026-10-06,synthetic_demo,8000
KA-SAFETY-0387,12.3000,75.8000,24,2026-10-06,synthetic_demo,8000
KA-SAFETY-0388,12.3000,75.9000,46,2026-10-06,synthetic_demo,8000
KA-SAFETY-0389,12.3000,76.0000,69,2026-10-06,synthetic_demo,8000
KA-SAFETY-0390,12.3000,76.1000,57,2026-10-06,synthetic_demo,8000
KA-SAFETY-0391,12.3000,76.2000,60,2026-10-06,synthetic_demo,8000
KA-SAFETY-0392,12.3000,76.3000,43,2026-10-06,synthetic_demo,8000
KA-SAFETY-0393,12.3000,76.4000,58,2026-10-06,synthetic_demo,8000
KA-SAFETY-0394,12.3000,76.5000,66,2026-10-06,synthetic_demo,8000
KA-SAFETY-0395,12.3000,76.6000,92,2026-10-06,synthetic_demo,8000
KA-SAFETY-0396,12.3000,76.7000,53,2026-10-06,synthetic_demo,8000
KA-SAFETY-0397,12.3000,76.8000,34,2026-10-06,synthetic_demo,8000
KA-SAFETY-0398,12.3000,76.9000,84,2026-10-06,synthetic_demo,8000
KA-SAFETY-0399,12.3000,77.0000,16,2026-10-06,synthetic_demo,8000
KA-SAFETY-0400,12.3000,77.1000,84,2026-10-06,synthetic_demo,8000
KA-SAFETY-0401,12.3000,77.2000,59,2026-10-06,synthetic_demo,8000
KA-SAFETY-0402,12.3000,77.3000,88,2026-10-06,synthetic_demo,8000
KA-SAFETY-0403,12.3000,77.4000,84,2026-10-06,synthetic_demo,8000
KA-SAFETY-0404,12.3000,77.5000,64,2026-10-06,synthetic_demo,8000
KA-SAFETY-0405,12.3000,77.6000,38,2026-10-06,synthetic_demo,8000
KA-SAFETY-0406,12.3000,77.7000,93,2026-10-06,synthetic_demo,8000
KA-SAFETY-0407,12.3000,77.8000,30,2026-10-06,synthetic_demo,8000
KA-SAFETY-0408,12.3000,77.9000,17,2026-10-06,synthetic_demo,8000
KA-SAFETY-0409,12.3000,78.0000,73,2026-10-06,synthetic_demo,8000
KA-SAFETY-0410,12.3000,78.1000,68,2026-10-06,synthetic_demo,8000
KA-SAFETY-0411,12.3000,78.2000,72,2026-10-06,synthetic_demo,8000
KA-SAFETY-0412,12.3000,78.3000,36,2026-10-06,synthetic_demo,8000
KA-SAFETY-0413,12.3000,78.4000,95,2026-10-06,synthetic_demo,8000
KA-SAFETY-0414,12.3000,78.5000,90,2026-10-06,synthetic_demo,8000
KA-SAFETY-0415,12.4000,74.0000,75,2026-10-06,synthetic_demo,8000
KA-SAFETY-0416,12.4000,74.1000,88,2026-10-06,synthetic_demo,8000
KA-SAFETY-0417,12.4000,74.2000,33,2026-10-06,synthetic_demo,8000
KA-SAFETY-0418,12.4000,74.3000,30,2026-10-06,synthetic_demo,8000
KA-SAFETY-0419,12.4000,74.4000,54,2026-10-06,synthetic_demo,8000
KA-SAFETY-0420,12.4000,74.5000,73,2026-10-06,synthetic_demo,8000
KA-SAFETY-0421,12.4000,74.6000,50,2026-10-06,synthetic_demo,8000
KA-SAFETY-0422,12.4000,74.7000,32,2026-10-06,synthetic_demo,8000
KA-SAFETY-0423,12.4000,74.8000,73,2026-10-06,synthetic_demo,8000
KA-SAFETY-0424,12.4000,74.9000,79,2026-10-06,synthetic_demo,8000
KA-SAFETY-0425,12.4000,75.0000,55,2026-10-06,synthetic_demo,8000
KA-SAFETY-0426,12.4000,75.1000,25,2026-10-06,synthetic_demo,8000
KA-SAFETY-0427,12.4000,75.2000,24,2026-10-06,synthetic_demo,8000
KA-SAFETY-0428,12.4000,75.3000,31,2026-10-06,synthetic_demo,8000
KA-SAFETY-0429,12.4000,75.4000,81,2026-10-06,synthetic_demo,8000
KA-SAFETY-0430,12.4000,75.5000,40,2026-10-06,synthetic_demo,8000
KA-SAFETY-0431,12.4000,75.6000,49,2026-10-06,synthetic_demo,8000
KA-SAFETY-0432,12.4000,75.7000,81,2026-10-06,synthetic_demo,8000
KA-SAFETY-0433,12.4000,75.8000,21,2026-10-06,synthetic_demo,8000
KA-SAFETY-0434,12.4000,75.9000,57,2026-10-06,synthetic_demo,8000
KA-SAFETY-0435,12.4000,76.0000,19,2026-10-06,synthetic_demo,8000
KA-SAFETY-0436,12.4000,76.1000,52,2026-10-06,synthetic_demo,8000
KA-SAFETY-0437,12.4000,76.2000,64,2026-10-06,synthetic_demo,8000
KA-SAFETY-0438,12.4000,76.3000,18,2026-10-06,synthetic_demo,8000
KA-SAFETY-0439,12.4000,76.4000,56,2026-10-06,synthetic_demo,8000
KA-SAFETY-0440,12.4000,76.5000,32,2026-10-06,synthetic_demo,8000
KA-SAFETY-0441,12.4000,76.6000,19,2026-10-06,synthetic_demo,8000
KA-SAFETY-0442,12.4000,76.7000,93,2026-10-06,synthetic_demo,8000
KA-SAFETY-0443,12.4000,76.8000,16,2026-10-06,synthetic_demo,8000
KA-SAFETY-0444,12.4000,76.9000,81,2026-10-06,synthetic_demo,8000
KA-SAFETY-0445,12.4000,77.0000,15,2026-10-06,synthetic_demo,8000
KA-SAFETY-0446,12.4000,77.1000,95,2026-10-06,synthetic_demo,8000
KA-SAFETY-0447,12.4000,77.2000,42,2026-10-06,synthetic_demo,8000
KA-SAFETY-0448,12.4000,77.3000,15,2026-10-06,synthetic_demo,8000
KA-SAFETY-0449,12.4000,77.4000,40,2026-10-06,synthetic_demo,8000
KA-SAFETY-0450,12.4000,77.5000,88,2026-10-06,synthetic_demo,8000
KA-SAFETY-0451,12.4000,77.6000,84,2026-10-06,synthetic_demo,8000
KA-SAFETY-0452,12.4000,77.7000,41,2026-10-06,synthetic_demo,8000
KA-SAFETY-0453,12.4000,77.8000,47,2026-10-06,synthetic_demo,8000
KA-SAFETY-0454,12.4000,77.9000,30,2026-10-06,synthetic_demo,8000
KA-SAFETY-0455,12.4000,78.0000,24,2026-10-06,synthetic_demo,8000
KA-SAFETY-0456,12.4000,78.1000,22,2026-10-06,synthetic_demo,8000
KA-SAFETY-0457,12.4000,78.2000,90,2026-10-06,synthetic_demo,8000
KA-SAFETY-0458,12.4000,78.3000,33,2026-10-06,synthetic_demo,8000
KA-SAFETY-0459,12.4000,78.4000,63,2026-10-06,synthetic_demo,8000
KA-SAFETY-0460,12.4000,78.5000,31,2026-10-06,synthetic_demo,8000
KA-SAFETY-0461,12.5000,74.0000,36,2026-10-06,synthetic_demo,8000
KA-SAFETY-0462,12.5000,74.1000,30,2026-10-06,synthetic_demo,8000
KA-SAFETY-0463,12.5000,74.2000,47,2026-10-06,synthetic_demo,8000
KA-SAFETY-0464,12.5000,74.3000,35,2026-10-06,synthetic_demo,8000
KA-SAFETY-0465,12.5000,74.4000,29,2026-10-06,synthetic_demo,8000
KA-SAFETY-0466,12.5000,74.5000,57,2026-10-06,synthetic_demo,8000
KA-SAFETY-0467,12.5000,74.6000,42,2026-10-06,synthetic_demo,8000
KA-SAFETY-0468,12.5000,74.7000,30,2026-10-06,synthetic_demo,8000
KA-SAFETY-0469,12.5000,74.8000,64,2026-10-06,synthetic_demo,8000
KA-SAFETY-0470,12.5000,74.9000,75,2026-10-06,synthetic_demo,8000
KA-SAFETY-0471,12.5000,75.0000,40,2026-10-06,synthetic_demo,8000
KA-SAFETY-0472,12.5000,75.1000,93,2026-10-06,synthetic_demo,8000
KA-SAFETY-0473,12.5000,75.2000,45,2026-10-06,synthetic_demo,8000
KA-SAFETY-0474,12.5000,75.3000,91,2026-10-06,synthetic_demo,8000
KA-SAFETY-0475,12.5000,75.4000,39,2026-10-06,synthetic_demo,8000
KA-SAFETY-0476,12.5000,75.5000,21,2026-10-06,synthetic_demo,8000
KA-SAFETY-0477,12.5000,75.6000,64,2026-10-06,synthetic_demo,8000
KA-SAFETY-0478,12.5000,75.7000,15,2026-10-06,synthetic_demo,8000
KA-SAFETY-0479,12.5000,75.8000,28,2026-10-06,synthetic_demo,8000
KA-SAFETY-0480,12.5000,75.9000,91,2026-10-06,synthetic_demo,8000
KA-SAFETY-0481,12.5000,76.0000,95,2026-10-06,synthetic_demo,8000
KA-SAFETY-0482,12.5000,76.1000,94,2026-10-06,synthetic_demo,8000
KA-SAFETY-0483,12.5000,76.2000,80,2026-10-06,synthetic_demo,8000
KA-SAFETY-0484,12.5000,76.3000,23,2026-10-06,synthetic_demo,8000
KA-SAFETY-0485,12.5000,76.4000,30,2026-10-06,synthetic_demo,8000
KA-SAFETY-0486,12.5000,76.5000,48,2026-10-06,synthetic_demo,8000
KA-SAFETY-0487,12.5000,76.6000,60,2026-10-06,synthetic_demo,8000
KA-SAFETY-0488,12.5000,76.7000,58,2026-10-06,synthetic_demo,8000
KA-SAFETY-0489,12.5000,76.8000,61,2026-10-06,synthetic_demo,8000
KA-SAFETY-0490,12.5000,76.9000,54,2026-10-06,synthetic_demo,8000
KA-SAFETY-0491,12.5000,77.0000,64,2026-10-06,synthetic_demo,8000
KA-SAFETY-0492,12.5000,77.1000,71,2026-10-06,synthetic_demo,8000
KA-SAFETY-0493,12.5000,77.2000,16,2026-10-06,synthetic_demo,8000
KA-SAFETY-0494,12.5000,77.3000,44,2026-10-06,synthetic_demo,8000
KA-SAFETY-0495,12.5000,77.4000,34,2026-10-06,synthetic_demo,8000
KA-SAFETY-0496,12.5000,77.5000,78,2026-10-06,synthetic_demo,8000
KA-SAFETY-0497,12.5000,77.6000,35,2026-10-06,synthetic_demo,8000
KA-SAFETY-0498,12.5000,77.7000,47,2026-10-06,synthetic_demo,8000
KA-SAFETY-0499,12.5000,77.8000,49,2026-10-06,synthetic_demo,8000
KA-SAFETY-0500,12.5000,77.9000,43,2026-10-06,synthetic_demo,8000
KA-SAFETY-0501,12.5000,78.0000,27,2026-10-06,synthetic_demo,8000
KA-SAFETY-0502,12.5000,78.1000,23,2026-10-06,synthetic_demo,8000
KA-SAFETY-0503,12.5000,78.2000,51,2026-10-06,synthetic_demo,8000
KA-SAFETY-0504,12.5000,78.3000,66,2026-10-06,synthetic_demo,8000
KA-SAFETY-0505,12.5000,78.4000,77,2026-10-06,synthetic_demo,8000
KA-SAFETY-0506,12.5000,78.5000,80,2026-10-06,synthetic_demo,8000
KA-SAFETY-0507,12.6000,74.0000,90,2026-10-06,synthetic_demo,8000
KA-SAFETY-0508,12.6000,74.1000,47,2026-10-06,synthetic_demo,8000
KA-SAFETY-0509,12.6000,74.2000,85,2026-10-06,synthetic_demo,8000
KA-SAFETY-0510,12.6000,74.3000,63,2026-10-06,synthetic_demo,8000
KA-SAFETY-0511,12.6000,74.4000,16,2026-10-06,synthetic_demo,8000
KA-SAFETY-0512,12.6000,74.5000,59,2026-10-06,synthetic_demo,8000
KA-SAFETY-0513,12.6000,74.6000,35,2026-10-06,synthetic_demo,8000
KA-SAFETY-0514,12.6000,74.7000,71,2026-10-06,synthetic_demo,8000
KA-SAFETY-0515,12.6000,74.8000,29,2026-10-06,synthetic_demo,8000
KA-SAFETY-0516,12.6000,74.9000,47,2026-10-06,synthetic_demo,8000
KA-SAFETY-0517,12.6000,75.0000,24,2026-10-06,synthetic_demo,8000
KA-SAFETY-0518,12.6000,75.1000,57,2026-10-06,synthetic_demo,8000
KA-SAFETY-0519,12.6000,75.2000,16,2026-10-06,synthetic_demo,8000
KA-SAFETY-0520,12.6000,75.3000,78,2026-10-06,synthetic_demo,8000
KA-SAFETY-0521,12.6000,75.4000,79,2026-10-06,synthetic_demo,8000
KA-SAFETY-0522,12.6000,75.5000,17,2026-10-06,synthetic_demo,8000
KA-SAFETY-0523,12.6000,75.6000,19,2026-10-06,synthetic_demo,8000
KA-SAFETY-0524,12.6000,75.7000,34,2026-10-06,synthetic_demo,8000
KA-SAFETY-0525,12.6000,75.8000,91,2026-10-06,synthetic_demo,8000
KA-SAFETY-0526,12.6000,75.9000,22,2026-10-06,synthetic_demo,8000
KA-SAFETY-0527,12.6000,76.0000,82,2026-10-06,synthetic_demo,8000
KA-SAFETY-0528,12.6000,76.1000,81,2026-10-06,synthetic_demo,8000
KA-SAFETY-0529,12.6000,76.2000,83,2026-10-06,synthetic_demo,8000
KA-SAFETY-0530,12.6000,76.3000,38,2026-10-06,synthetic_demo,8000
KA-SAFETY-0531,12.6000,76.4000,95,2026-10-06,synthetic_demo,8000
KA-SAFETY-0532,12.6000,76.5000,43,2026-10-06,synthetic_demo,8000
KA-SAFETY-0533,12.6000,76.6000,79,2026-10-06,synthetic_demo,8000
KA-SAFETY-0534,12.6000,76.7000,18,2026-10-06,synthetic_demo,8000
KA-SAFETY-0535,12.6000,76.8000,72,2026-10-06,synthetic_demo,8000
KA-SAFETY-0536,12.6000,76.9000,83,2026-10-06,synthetic_demo,8000
KA-SAFETY-0537,12.6000,77.0000,32,2026-10-06,synthetic_demo,8000
KA-SAFETY-0538,12.6000,77.1000,65,2026-10-06,synthetic_demo,8000
KA-SAFETY-0539,12.6000,77.2000,50,2026-10-06,synthetic_demo,8000
KA-SAFETY-0540,12.6000,77.3000,43,2026-10-06,synthetic_demo,8000
KA-SAFETY-0541,12.6000,77.4000,70,2026-10-06,synthetic_demo,8000
KA-SAFETY-0542,12.6000,77.5000,65,2026-10-06,synthetic_demo,8000
KA-SAFETY-0543,12.6000,77.6000,88,2026-10-06,synthetic_demo,8000
KA-SAFETY-0544,12.6000,77.7000,72,2026-10-06,synthetic_demo,8000
KA-SAFETY-0545,12.6000,77.8000,21,2026-10-06,synthetic_demo,8000
KA-SAFETY-0546,12.6000,77.9000,59,2026-10-06,synthetic_demo,8000
KA-SAFETY-0547,12.6000,78.0000,64,2026-10-06,synthetic_demo,8000
KA-SAFETY-0548,12.6000,78.1000,55,2026-10-06,synthetic_demo,8000
KA-SAFETY-0549,12.6000,78.2000,70,2026-10-06,synthetic_demo,8000
KA-SAFETY-0550,12.6000,78.3000,40,2026-10-06,synthetic_demo,8000
KA-SAFETY-0551,12.6000,78.4000,60,2026-10-06,synthetic_demo,8000
KA-SAFETY-0552,12.6000,78.5000,38,2026-10-06,synthetic_demo,8000
KA-SAFETY-0553,12.7000,74.0000,92,2026-10-06,synthetic_demo,8000
KA-SAFETY-0554,12.7000,74.1000,66,2026-10-06,synthetic_demo,8000
KA-SAFETY-0555,12.7000,74.2000,94,2026-10-06,synthetic_demo,8000
KA-SAFETY-0556,12.7000,74.3000,49,2026-10-06,synthetic_demo,8000
KA-SAFETY-0557,12.7000,74.4000,78,2026-10-06,synthetic_demo,8000
KA-SAFETY-0558,12.7000,74.5000,93,2026-10-06,synthetic_demo,8000
KA-SAFETY-0559,12.7000,74.6000,74,2026-10-06,synthetic_demo,8000
KA-SAFETY-0560,12.7000,74.7000,72,2026-10-06,synthetic_demo,8000
KA-SAFETY-0561,12.7000,74.8000,85,2026-10-06,synthetic_demo,8000
KA-SAFETY-0562,12.7000,74.9000,39,2026-10-06,synthetic_demo,8000
KA-SAFETY-0563,12.7000,75.0000,36,2026-10-06,synthetic_demo,8000
KA-SAFETY-0564,12.7000,75.1000,66,2026-10-06,synthetic_demo,8000
KA-SAFETY-0565,12.7000,75.2000,90,2026-10-06,synthetic_demo,8000
KA-SAFETY-0566,12.7000,75.3000,68,2026-10-06,synthetic_demo,8000
KA-SAFETY-0567,12.7000,75.4000,33,2026-10-06,synthetic_demo,8000
KA-SAFETY-0568,12.7000,75.5000,32,2026-10-06,synthetic_demo,8000
KA-SAFETY-0569,12.7000,75.6000,25,2026-10-06,synthetic_demo,8000
KA-SAFETY-0570,12.7000,75.7000,27,2026-10-06,synthetic_demo,8000
KA-SAFETY-0571,12.7000,75.8000,26,2026-10-06,synthetic_demo,8000
KA-SAFETY-0572,12.7000,75.9000,44,2026-10-06,synthetic_demo,8000
KA-SAFETY-0573,12.7000,76.0000,60,2026-10-06,synthetic_demo,8000
KA-SAFETY-0574,12.7000,76.1000,34,2026-10-06,synthetic_demo,8000
KA-SAFETY-0575,12.7000,76.2000,59,2026-10-06,synthetic_demo,8000
KA-SAFETY-0576,12.7000,76.3000,31,2026-10-06,synthetic_demo,8000
KA-SAFETY-0577,12.7000,76.4000,69,2026-10-06,synthetic_demo,8000
KA-SAFETY-0578,12.7000,76.5000,61,2026-10-06,synthetic_demo,8000
KA-SAFETY-0579,12.7000,76.6000,33,2026-10-06,synthetic_demo,8000
KA-SAFETY-0580,12.7000,76.7000,75,2026-10-06,synthetic_demo,8000
KA-SAFETY-0581,12.7000,76.8000,66,2026-10-06,synthetic_demo,8000
KA-SAFETY-0582,12.7000,76.9000,64,2026-10-06,synthetic_demo,8000
KA-SAFETY-0583,12.7000,77.0000,73,2026-10-06,synthetic_demo,8000
KA-SAFETY-0584,12.7000,77.1000,79,2026-10-06,synthetic_demo,8000
KA-SAFETY-0585,12.7000,77.2000,37,2026-10-06,synthetic_demo,8000
KA-SAFETY-0586,12.7000,77.3000,34,2026-10-06,synthetic_demo,8000
KA-SAFETY-0587,12.7000,77.4000,27,2026-10-06,synthetic_demo,8000
KA-SAFETY-0588,12.7000,77.5000,66,2026-10-06,synthetic_demo,8000
KA-SAFETY-0589,12.7000,77.6000,40,2026-10-06,synthetic_demo,8000
KA-SAFETY-0590,12.7000,77.7000,62,2026-10-06,synthetic_demo,8000
KA-SAFETY-0591,12.7000,77.8000,79,2026-10-06,synthetic_demo,8000
KA-SAFETY-0592,12.7000,77.9000,71,2026-10-06,synthetic_demo,8000
KA-SAFETY-0593,12.7000,78.0000,70,2026-10-06,synthetic_demo,8000
KA-SAFETY-0594,12.7000,78.1000,37,2026-10-06,synthetic_demo,8000
KA-SAFETY-0595,12.7000,78.2000,79,2026-10-06,synthetic_demo,8000
KA-SAFETY-0596,12.7000,78.3000,90,2026-10-06,synthetic_demo,8000
KA-SAFETY-0597,12.7000,78.4000,53,2026-10-06,synthetic_demo,8000
KA-SAFETY-0598,12.7000,78.5000,24,2026-10-06,synthetic_demo,8000
KA-SAFETY-0599,12.8000,74.0000,33,2026-10-06,synthetic_demo,8000
KA-SAFETY-0600,12.8000,74.1000,30,2026-10-06,synthetic_demo,8000
KA-SAFETY-0601,12.8000,74.2000,15,2026-10-06,synthetic_demo,8000
KA-SAFETY-0602,12.8000,74.3000,91,2026-10-06,synthetic_demo,8000
KA-SAFETY-0603,12.8000,74.4000,54,2026-10-06,synthetic_demo,8000
KA-SAFETY-0604,12.8000,74.5000,16,2026-10-06,synthetic_demo,8000
KA-SAFETY-0605,12.8000,74.6000,35,2026-10-06,synthetic_demo,8000
KA-SAFETY-0606,12.8000,74.7000,18,2026-10-06,synthetic_demo,8000
KA-SAFETY-0607,12.8000,74.8000,95,2026-10-06,synthetic_demo,8000
KA-SAFETY-0608,12.8000,74.9000,60,2026-10-06,synthetic_demo,8000
KA-SAFETY-0609,12.8000,75.0000,37,2026-10-06,synthetic_demo,8000
KA-SAFETY-0610,12.8000,75.1000,33,2026-10-06,synthetic_demo,8000
KA-SAFETY-0611,12.8000,75.2000,26,2026-10-06,synthetic_demo,8000
KA-SAFETY-0612,12.8000,75.3000,45,2026-10-06,synthetic_demo,8000
KA-SAFETY-0613,12.8000,75.4000,78,2026-10-06,synthetic_demo,8000
KA-SAFETY-0614,12.8000,75.5000,77,2026-10-06,synthetic_demo,8000
KA-SAFETY-0615,12.8000,75.6000,82,2026-10-06,synthetic_demo,8000
KA-SAFETY-0616,12.8000,75.7000,29,2026-10-06,synthetic_demo,8000
KA-SAFETY-0617,12.8000,75.8000,36,2026-10-06,synthetic_demo,8000
KA-SAFETY-0618,12.8000,75.9000,35,2026-10-06,synthetic_demo,8000
KA-SAFETY-0619,12.8000,76.0000,32,2026-10-06,synthetic_demo,8000
KA-SAFETY-0620,12.8000,76.1000,63,2026-10-06,synthetic_demo,8000
KA-SAFETY-0621,12.8000,76.2000,65,2026-10-06,synthetic_demo,8000
KA-SAFETY-0622,12.8000,76.3000,15,2026-10-06,synthetic_demo,8000
KA-SAFETY-0623,12.8000,76.4000,64,2026-10-06,synthetic_demo,8000
KA-SAFETY-0624,12.8000,76.5000,34,2026-10-06,synthetic_demo,8000
KA-SAFETY-0625,12.8000,76.6000,67,2026-10-06,synthetic_demo,8000
KA-SAFETY-0626,12.8000,76.7000,36,2026-10-06,synthetic_demo,8000
KA-SAFETY-0627,12.8000,76.8000,73,2026-10-06,synthetic_demo,8000
KA-SAFETY-0628,12.8000,76.9000,74,2026-10-06,synthetic_demo,8000
KA-SAFETY-0629,12.8000,77.0000,19,2026-10-06,synthetic_demo,8000
KA-SAFETY-0630,12.8000,77.1000,67,2026-10-06,synthetic_demo,8000
KA-SAFETY-0631,12.8000,77.2000,74,2026-10-06,synthetic_demo,8000
KA-SAFETY-0632,12.8000,77.3000,69,2026-10-06,synthetic_demo,8000
KA-SAFETY-0633,12.8000,77.4000,45,2026-10-06,synthetic_demo,8000
KA-SAFETY-0634,12.8000,77.5000,39,2026-10-06,synthetic_demo,8000
KA-SAFETY-0635,12.8000,77.6000,66,2026-10-06,synthetic_demo,8000
KA-SAFETY-0636,12.8000,77.7000,68,2026-10-06,synthetic_demo,8000
KA-SAFETY-0637,12.8000,77.8000,92,2026-10-06,synthetic_demo,8000
KA-SAFETY-0638,12.8000,77.9000,27,2026-10-06,synthetic_demo,8000
KA-SAFETY-0639,12.8000,78.0000,73,2026-10-06,synthetic_demo,8000
KA-SAFETY-0640,12.8000,78.1000,94,2026-10-06,synthetic_demo,8000
KA-SAFETY-0641,12.8000,78.2000,95,2026-10-06,synthetic_demo,8000
KA-SAFETY-0642,12.8000,78.3000,94,2026-10-06,synthetic_demo,8000
KA-SAFETY-0643,12.8000,78.4000,25,2026-10-06,synthetic_demo,8000
KA-SAFETY-0644,12.8000,78.5000,90,2026-10-06,synthetic_demo,8000
KA-SAFETY-0645,12.9000,74.0000,40,2026-10-06,synthetic_demo,8000
KA-SAFETY-0646,12.9000,74.1000,45,2026-10-06,synthetic_demo,8000
KA-SAFETY-0647,12.9000,74.2000,40,2026-10-06,synthetic_demo,8000
KA-SAFETY-0648,12.9000,74.3000,41,2026-10-06,synthetic_demo,8000
KA-SAFETY-0649,12.9000,74.4000,36,2026-10-06,synthetic_demo,8000
KA-SAFETY-0650,12.9000,74.5000,62,2026-10-06,synthetic_demo,8000
KA-SAFETY-0651,12.9000,74.6000,89,2026-10-06,synthetic_demo,8000
KA-SAFETY-0652,12.9000,74.7000,60,2026-10-06,synthetic_demo,8000
KA-SAFETY-0653,12.9000,74.8000,63,2026-10-06,synthetic_demo,8000
KA-SAFETY-0654,12.9000,74.9000,16,2026-10-06,synthetic_demo,8000
KA-SAFETY-0655,12.9000,75.0000,67,2026-10-06,synthetic_demo,8000
KA-SAFETY-0656,12.9000,75.1000,27,2026-10-06,synthetic_demo,8000
KA-SAFETY-0657,12.9000,75.2000,84,2026-10-06,synthetic_demo,8000
KA-SAFETY-0658,12.9000,75.3000,52,2026-10-06,synthetic_demo,8000
KA-SAFETY-0659,12.9000,75.4000,25,2026-10-06,synthetic_demo,8000
KA-SAFETY-0660,12.9000,75.5000,81,2026-10-06,synthetic_demo,8000
KA-SAFETY-0661,12.9000,75.6000,57,2026-10-06,synthetic_demo,8000
KA-SAFETY-0662,12.9000,75.7000,30,2026-10-06,synthetic_demo,8000
KA-SAFETY-0663,12.9000,75.8000,20,2026-10-06,synthetic_demo,8000
KA-SAFETY-0664,12.9000,75.9000,84,2026-10-06,synthetic_demo,8000
KA-SAFETY-0665,12.9000,76.0000,93,2026-10-06,synthetic_demo,8000
KA-SAFETY-0666,12.9000,76.1000,64,2026-10-06,synthetic_demo,8000
KA-SAFETY-0667,12.9000,76.2000,33,2026-10-06,synthetic_demo,8000
KA-SAFETY-0668,12.9000,76.3000,18,2026-10-06,synthetic_demo,8000
KA-SAFETY-0669,12.9000,76.4000,27,2026-10-06,synthetic_demo,8000
KA-SAFETY-0670,12.9000,76.5000,48,2026-10-06,synthetic_demo,8000
KA-SAFETY-0671,12.9000,76.6000,46,2026-10-06,synthetic_demo,8000
KA-SAFETY-0672,12.9000,76.7000,91,2026-10-06,synthetic_demo,8000
KA-SAFETY-0673,12.9000,76.8000,58,2026-10-06,synthetic_demo,8000
KA-SAFETY-0674,12.9000,76.9000,27,2026-10-06,synthetic_demo,8000
KA-SAFETY-0675,12.9000,77.0000,33,2026-10-06,synthetic_demo,8000
KA-SAFETY-0676,12.9000,77.1000,93,2026-10-06,synthetic_demo,8000
KA-SAFETY-0677,12.9000,77.2000,25,2026-10-06,synthetic_demo,8000
KA-SAFETY-0678,12.9000,77.3000,70,2026-10-06,synthetic_demo,8000
KA-SAFETY-0679,12.9000,77.4000,83,2026-10-06,synthetic_demo,8000
KA-SAFETY-0680,12.9000,77.5000,29,2026-10-06,synthetic_demo,8000
KA-SAFETY-0681,12.9000,77.6000,85,2026-10-06,synthetic_demo,8000
KA-SAFETY-0682,12.9000,77.7000,92,2026-10-06,synthetic_demo,8000
KA-SAFETY-0683,12.9000,77.8000,81,2026-10-06,synthetic_demo,8000
KA-SAFETY-0684,12.9000,77.9000,75,2026-10-06,synthetic_demo,8000
KA-SAFETY-0685,12.9000,78.0000,33,2026-10-06,synthetic_demo,8000
KA-SAFETY-0686,12.9000,78.1000,61,2026-10-06,synthetic_demo,8000
KA-SAFETY-0687,12.9000,78.2000,91,2026-10-06,synthetic_demo,8000
KA-SAFETY-0688,12.9000,78.3000,85,2026-10-06,synthetic_demo,8000
KA-SAFETY-0689,12.9000,78.4000,73,2026-10-06,synthetic_demo,8000
KA-SAFETY-0690,12.9000,78.5000,89,2026-10-06,synthetic_demo,8000
KA-SAFETY-0691,13.0000,74.0000,30,2026-10-06,synthetic_demo,8000
KA-SAFETY-0692,13.0000,74.1000,80,2026-10-06,synthetic_demo,8000
KA-SAFETY-0693,13.0000,74.2000,67,2026-10-06,synthetic_demo,8000
KA-SAFETY-0694,13.0000,74.3000,69,2026-10-06,synthetic_demo,8000
KA-SAFETY-0695,13.0000,74.4000,26,2026-10-06,synthetic_demo,8000
KA-SAFETY-0696,13.0000,74.5000,21,2026-10-06,synthetic_demo,8000
KA-SAFETY-0697,13.0000,74.6000,28,2026-10-06,synthetic_demo,8000
KA-SAFETY-0698,13.0000,74.7000,21,2026-10-06,synthetic_demo,8000
KA-SAFETY-0699,13.0000,74.8000,32,2026-10-06,synthetic_demo,8000
KA-SAFETY-0700,13.0000,74.9000,84,2026-10-06,synthetic_demo,8000
KA-SAFETY-0701,13.0000,75.0000,38,2026-10-06,synthetic_demo,8000
KA-SAFETY-0702,13.0000,75.1000,42,2026-10-06,synthetic_demo,8000
KA-SAFETY-0703,13.0000,75.2000,90,2026-10-06,synthetic_demo,8000
KA-SAFETY-0704,13.0000,75.3000,57,2026-10-06,synthetic_demo,8000
KA-SAFETY-0705,13.0000,75.4000,30,2026-10-06,synthetic_demo,8000
KA-SAFETY-0706,13.0000,75.5000,80,2026-10-06,synthetic_demo,8000
KA-SAFETY-0707,13.0000,75.6000,62,2026-10-06,synthetic_demo,8000
KA-SAFETY-0708,13.0000,75.7000,20,2026-10-06,synthetic_demo,8000
KA-SAFETY-0709,13.0000,75.8000,16,2026-10-06,synthetic_demo,8000
KA-SAFETY-0710,13.0000,75.9000,75,2026-10-06,synthetic_demo,8000
KA-SAFETY-0711,13.0000,76.0000,81,2026-10-06,synthetic_demo,8000
KA-SAFETY-0712,13.0000,76.1000,89,2026-10-06,synthetic_demo,8000
KA-SAFETY-0713,13.0000,76.2000,25,2026-10-06,synthetic_demo,8000
KA-SAFETY-0714,13.0000,76.3000,22,2026-10-06,synthetic_demo,8000
KA-SAFETY-0715,13.0000,76.4000,78,2026-10-06,synthetic_demo,8000
KA-SAFETY-0716,13.0000,76.5000,80,2026-10-06,synthetic_demo,8000
KA-SAFETY-0717,13.0000,76.6000,75,2026-10-06,synthetic_demo,8000
KA-SAFETY-0718,13.0000,76.7000,42,2026-10-06,synthetic_demo,8000
KA-SAFETY-0719,13.0000,76.8000,56,2026-10-06,synthetic_demo,8000
KA-SAFETY-0720,13.0000,76.9000,84,2026-10-06,synthetic_demo,8000
KA-SAFETY-0721,13.0000,77.0000,33,2026-10-06,synthetic_demo,8000
KA-SAFETY-0722,13.0000,77.1000,93,2026-10-06,synthetic_demo,8000
KA-SAFETY-0723,13.0000,77.2000,92,2026-10-06,synthetic_demo,8000
KA-SAFETY-0724,13.0000,77.3000,50,2026-10-06,synthetic_demo,8000
KA-SAFETY-0725,13.0000,77.4000,28,2026-10-06,synthetic_demo,8000
KA-SAFETY-0726,13.0000,77.5000,84,2026-10-06,synthetic_demo,8000
KA-SAFETY-0727,13.0000,77.6000,44,2026-10-06,synthetic_demo,8000
KA-SAFETY-0728,13.0000,77.7000,39,2026-10-06,synthetic_demo,8000
KA-SAFETY-0729,13.0000,77.8000,23,2026-10-06,synthetic_demo,8000
KA-SAFETY-0730,13.0000,77.9000,84,2026-10-06,synthetic_demo,8000
KA-SAFETY-0731,13.0000,78.0000,22,2026-10-06,synthetic_demo,8000
KA-SAFETY-0732,13.0000,78.1000,26,2026-10-06,synthetic_demo,8000
KA-SAFETY-0733,13.0000,78.2000,90,2026-10-06,synthetic_demo,8000
KA-SAFETY-0734,13.0000,78.3000,21,2026-10-06,synthetic_demo,8000
KA-SAFETY-0735,13.0000,78.4000,95,2026-10-06,synthetic_demo,8000
KA-SAFETY-0736,13.0000,78.5000,76,2026-10-06,synthetic_demo,8000
KA-SAFETY-0737,13.1000,74.0000,34,2026-10-06,synthetic_demo,8000
KA-SAFETY-0738,13.1000,74.1000,62,2026-10-06,synthetic_demo,8000
KA-SAFETY-0739,13.1000,74.2000,16,2026-10-06,synthetic_demo,8000
KA-SAFETY-0740,13.1000,74.3000,56,2026-10-06,synthetic_demo,8000
KA-SAFETY-0741,13.1000,74.4000,49,2026-10-06,synthetic_demo,8000
KA-SAFETY-0742,13.1000,74.5000,53,2026-10-06,synthetic_demo,8000
KA-SAFETY-0743,13.1000,74.6000,61,2026-10-06,synthetic_demo,8000
KA-SAFETY-0744,13.1000,74.7000,89,2026-10-06,synthetic_demo,8000
KA-SAFETY-0745,13.1000,74.8000,80,2026-10-06,synthetic_demo,8000
KA-SAFETY-0746,13.1000,74.9000,19,2026-10-06,synthetic_demo,8000
KA-SAFETY-0747,13.1000,75.0000,76,2026-10-06,synthetic_demo,8000
KA-SAFETY-0748,13.1000,75.1000,86,2026-10-06,synthetic_demo,8000
KA-SAFETY-0749,13.1000,75.2000,57,2026-10-06,synthetic_demo,8000
KA-SAFETY-0750,13.1000,75.3000,43,2026-10-06,synthetic_demo,8000
KA-SAFETY-0751,13.1000,75.4000,80,2026-10-06,synthetic_demo,8000
KA-SAFETY-0752,13.1000,75.5000,72,2026-10-06,synthetic_demo,8000
KA-SAFETY-0753,13.1000,75.6000,86,2026-10-06,synthetic_demo,8000
KA-SAFETY-0754,13.1000,75.7000,87,2026-10-06,synthetic_demo,8000
KA-SAFETY-0755,13.1000,75.8000,85,2026-10-06,synthetic_demo,8000
KA-SAFETY-0756,13.1000,75.9000,72,2026-10-06,synthetic_demo,8000
KA-SAFETY-0757,13.1000,76.0000,86,2026-10-06,synthetic_demo,8000
KA-SAFETY-0758,13.1000,76.1000,79,2026-10-06,synthetic_demo,8000
KA-SAFETY-0759,13.1000,76.2000,86,2026-10-06,synthetic_demo,8000
KA-SAFETY-0760,13.1000,76.3000,33,2026-10-06,synthetic_demo,8000
KA-SAFETY-0761,13.1000,76.4000,35,2026-10-06,synthetic_demo,8000
KA-SAFETY-0762,13.1000,76.5000,94,2026-10-06,synthetic_demo,8000
KA-SAFETY-0763,13.1000,76.6000,21,2026-10-06,synthetic_demo,8000
KA-SAFETY-0764,13.1000,76.7000,80,2026-10-06,synthetic_demo,8000
KA-SAFETY-0765,13.1000,76.8000,21,2026-10-06,synthetic_demo,8000
KA-SAFETY-0766,13.1000,76.9000,58,2026-10-06,synthetic_demo,8000
KA-SAFETY-0767,13.1000,77.0000,94,2026-10-06,synthetic_demo,8000
KA-SAFETY-0768,13.1000,77.1000,41,2026-10-06,synthetic_demo,8000
KA-SAFETY-0769,13.1000,77.2000,87,2026-10-06,synthetic_demo,8000
KA-SAFETY-0770,13.1000,77.3000,89,2026-10-06,synthetic_demo,8000
KA-SAFETY-0771,13.1000,77.4000,91,2026-10-06,synthetic_demo,8000
KA-SAFETY-0772,13.1000,77.5000,61,2026-10-06,synthetic_demo,8000
KA-SAFETY-0773,13.1000,77.6000,87,2026-10-06,synthetic_demo,8000
KA-SAFETY-0774,13.1000,77.7000,58,2026-10-06,synthetic_demo,8000
KA-SAFETY-0775,13.1000,77.8000,88,2026-10-06,synthetic_demo,8000
KA-SAFETY-0776,13.1000,77.9000,33,2026-10-06,synthetic_demo,8000
KA-SAFETY-0777,13.1000,78.0000,31,2026-10-06,synthetic_demo,8000
KA-SAFETY-0778,13.1000,78.1000,39,2026-10-06,synthetic_demo,8000
KA-SAFETY-0779,13.1000,78.2000,32,2026-10-06,synthetic_demo,8000
KA-SAFETY-0780,13.1000,78.3000,50,2026-10-06,synthetic_demo,8000
KA-SAFETY-0781,13.1000,78.4000,90,2026-10-06,synthetic_demo,8000
KA-SAFETY-0782,13.1000,78.5000,19,2026-10-06,synthetic_demo,8000
KA-SAFETY-0783,13.2000,74.0000,42,2026-10-06,synthetic_demo,8000
KA-SAFETY-0784,13.2000,74.1000,79,2026-10-06,synthetic_demo,8000
KA-SAFETY-0785,13.2000,74.2000,84,2026-10-06,synthetic_demo,8000
KA-SAFETY-0786,13.2000,74.3000,58,2026-10-06,synthetic_demo,8000
KA-SAFETY-0787,13.2000,74.4000,92,2026-10-06,synthetic_demo,8000
KA-SAFETY-0788,13.2000,74.5000,68,2026-10-06,synthetic_demo,8000
KA-SAFETY-0789,13.2000,74.6000,89,2026-10-06,synthetic_demo,8000
KA-SAFETY-0790,13.2000,74.7000,58,2026-10-06,synthetic_demo,8000
KA-SAFETY-0791,13.2000,74.8000,37,2026-10-06,synthetic_demo,8000
KA-SAFETY-0792,13.2000,74.9000,46,2026-10-06,synthetic_demo,8000
KA-SAFETY-0793,13.2000,75.0000,41,2026-10-06,synthetic_demo,8000
KA-SAFETY-0794,13.2000,75.1000,35,2026-10-06,synthetic_demo,8000
KA-SAFETY-0795,13.2000,75.2000,23,2026-10-06,synthetic_demo,8000
KA-SAFETY-0796,13.2000,75.3000,66,2026-10-06,synthetic_demo,8000
KA-SAFETY-0797,13.2000,75.4000,23,2026-10-06,synthetic_demo,8000
KA-SAFETY-0798,13.2000,75.5000,75,2026-10-06,synthetic_demo,8000
KA-SAFETY-0799,13.2000,75.6000,76,2026-10-06,synthetic_demo,8000
KA-SAFETY-0800,13.2000,75.7000,79,2026-10-06,synthetic_demo,8000
KA-SAFETY-0801,13.2000,75.8000,88,2026-10-06,synthetic_demo,8000
KA-SAFETY-0802,13.2000,75.9000,37,2026-10-06,synthetic_demo,8000
KA-SAFETY-0803,13.2000,76.0000,59,2026-10-06,synthetic_demo,8000
KA-SAFETY-0804,13.2000,76.1000,89,2026-10-06,synthetic_demo,8000
KA-SAFETY-0805,13.2000,76.2000,67,2026-10-06,synthetic_demo,8000
KA-SAFETY-0806,13.2000,76.3000,61,2026-10-06,synthetic_demo,8000
KA-SAFETY-0807,13.2000,76.4000,33,2026-10-06,synthetic_demo,8000
KA-SAFETY-0808,13.2000,76.5000,35,2026-10-06,synthetic_demo,8000
KA-SAFETY-0809,13.2000,76.6000,67,2026-10-06,synthetic_demo,8000
KA-SAFETY-0810,13.2000,76.7000,19,2026-10-06,synthetic_demo,8000
KA-SAFETY-0811,13.2000,76.8000,17,2026-10-06,synthetic_demo,8000
KA-SAFETY-0812,13.2000,76.9000,68,2026-10-06,synthetic_demo,8000
KA-SAFETY-0813,13.2000,77.0000,44,2026-10-06,synthetic_demo,8000
KA-SAFETY-0814,13.2000,77.1000,22,2026-10-06,synthetic_demo,8000
KA-SAFETY-0815,13.2000,77.2000,67,2026-10-06,synthetic_demo,8000
KA-SAFETY-0816,13.2000,77.3000,30,2026-10-06,synthetic_demo,8000
KA-SAFETY-0817,13.2000,77.4000,18,2026-10-06,synthetic_demo,8000
KA-SAFETY-0818,13.2000,77.5000,94,2026-10-06,synthetic_demo,8000
KA-SAFETY-0819,13.2000,77.6000,89,2026-10-06,synthetic_demo,8000
KA-SAFETY-0820,13.2000,77.7000,39,2026-10-06,synthetic_demo,8000
KA-SAFETY-0821,13.2000,77.8000,21,2026-10-06,synthetic_demo,8000
KA-SAFETY-0822,13.2000,77.9000,31,2026-10-06,synthetic_demo,8000
KA-SAFETY-0823,13.2000,78.0000,38,2026-10-06,synthetic_demo,8000
KA-SAFETY-0824,13.2000,78.1000,80,2026-10-06,synthetic_demo,8000
KA-SAFETY-0825,13.2000,78.2000,62,2026-10-06,synthetic_demo,8000
KA-SAFETY-0826,13.2000,78.3000,50,2026-10-06,synthetic_demo,8000
KA-SAFETY-0827,13.2000,78.4000,56,2026-10-06,synthetic_demo,8000
KA-SAFETY-0828,13.2000,78.5000,21,2026-10-06,synthetic_demo,8000
KA-SAFETY-0829,13.3000,74.0000,84,2026-10-06,synthetic_demo,8000
KA-SAFETY-0830,13.3000,74.1000,39,2026-10-06,synthetic_demo,8000
KA-SAFETY-0831,13.3000,74.2000,46,2026-10-06,synthetic_demo,8000
KA-SAFETY-0832,13.3000,74.3000,64,2026-10-06,synthetic_demo,8000
KA-SAFETY-0833,13.3000,74.4000,51,2026-10-06,synthetic_demo,8000
KA-SAFETY-0834,13.3000,74.5000,52,2026-10-06,synthetic_demo,8000
KA-SAFETY-0835,13.3000,74.6000,67,2026-10-06,synthetic_demo,8000
KA-SAFETY-0836,13.3000,74.7000,36,2026-10-06,synthetic_demo,8000
KA-SAFETY-0837,13.3000,74.8000,69,2026-10-06,synthetic_demo,8000
KA-SAFETY-0838,13.3000,74.9000,67,2026-10-06,synthetic_demo,8000
KA-SAFETY-0839,13.3000,75.0000,75,2026-10-06,synthetic_demo,8000
KA-SAFETY-0840,13.3000,75.1000,51,2026-10-06,synthetic_demo,8000
KA-SAFETY-0841,13.3000,75.2000,31,2026-10-06,synthetic_demo,8000
KA-SAFETY-0842,13.3000,75.3000,59,2026-10-06,synthetic_demo,8000
KA-SAFETY-0843,13.3000,75.4000,38,2026-10-06,synthetic_demo,8000
KA-SAFETY-0844,13.3000,75.5000,57,2026-10-06,synthetic_demo,8000
KA-SAFETY-0845,13.3000,75.6000,73,2026-10-06,synthetic_demo,8000
KA-SAFETY-0846,13.3000,75.7000,65,2026-10-06,synthetic_demo,8000
KA-SAFETY-0847,13.3000,75.8000,67,2026-10-06,synthetic_demo,8000
KA-SAFETY-0848,13.3000,75.9000,53,2026-10-06,synthetic_demo,8000
KA-SAFETY-0849,13.3000,76.0000,82,2026-10-06,synthetic_demo,8000
KA-SAFETY-0850,13.3000,76.1000,54,2026-10-06,synthetic_demo,8000
KA-SAFETY-0851,13.3000,76.2000,18,2026-10-06,synthetic_demo,8000
KA-SAFETY-0852,13.3000,76.3000,30,2026-10-06,synthetic_demo,8000
KA-SAFETY-0853,13.3000,76.4000,71,2026-10-06,synthetic_demo,8000
KA-SAFETY-0854,13.3000,76.5000,93,2026-10-06,synthetic_demo,8000
KA-SAFETY-0855,13.3000,76.6000,59,2026-10-06,synthetic_demo,8000
KA-SAFETY-0856,13.3000,76.7000,16,2026-10-06,synthetic_demo,8000
KA-SAFETY-0857,13.3000,76.8000,64,2026-10-06,synthetic_demo,8000
KA-SAFETY-0858,13.3000,76.9000,85,2026-10-06,synthetic_demo,8000
KA-SAFETY-0859,13.3000,77.0000,35,2026-10-06,synthetic_demo,8000
KA-SAFETY-0860,13.3000,77.1000,66,2026-10-06,synthetic_demo,8000
KA-SAFETY-0861,13.3000,77.2000,59,2026-10-06,synthetic_demo,8000
KA-SAFETY-0862,13.3000,77.3000,44,2026-10-06,synthetic_demo,8000
KA-SAFETY-0863,13.3000,77.4000,59,2026-10-06,synthetic_demo,8000
KA-SAFETY-0864,13.3000,77.5000,82,2026-10-06,synthetic_demo,8000
KA-SAFETY-0865,13.3000,77.6000,39,2026-10-06,synthetic_demo,8000
KA-SAFETY-0866,13.3000,77.7000,48,2026-10-06,synthetic_demo,8000
KA-SAFETY-0867,13.3000,77.8000,57,2026-10-06,synthetic_demo,8000
KA-SAFETY-0868,13.3000,77.9000,38,2026-10-06,synthetic_demo,8000
KA-SAFETY-0869,13.3000,78.0000,95,2026-10-06,synthetic_demo,8000
KA-SAFETY-0870,13.3000,78.1000,70,2026-10-06,synthetic_demo,8000
KA-SAFETY-0871,13.3000,78.2000,75,2026-10-06,synthetic_demo,8000
KA-SAFETY-0872,13.3000,78.3000,91,2026-10-06,synthetic_demo,8000
KA-SAFETY-0873,13.3000,78.4000,19,2026-10-06,synthetic_demo,8000
KA-SAFETY-0874,13.3000,78.5000,70,2026-10-06,synthetic_demo,8000
KA-SAFETY-0875,13.4000,74.0000,87,2026-10-06,synthetic_demo,8000
KA-SAFETY-0876,13.4000,74.1000,27,2026-10-06,synthetic_demo,8000
KA-SAFETY-0877,13.4000,74.2000,76,2026-10-06,synthetic_demo,8000
KA-SAFETY-0878,13.4000,74.3000,36,2026-10-06,synthetic_demo,8000
KA-SAFETY-0879,13.4000,74.4000,77,2026-10-06,synthetic_demo,8000
KA-SAFETY-0880,13.4000,74.5000,93,2026-10-06,synthetic_demo,8000
KA-SAFETY-0881,13.4000,74.6000,19,2026-10-06,synthetic_demo,8000
KA-SAFETY-0882,13.4000,74.7000,58,2026-10-06,synthetic_demo,8000
KA-SAFETY-0883,13.4000,74.8000,29,2026-10-06,synthetic_demo,8000
KA-SAFETY-0884,13.4000,74.9000,37,2026-10-06,synthetic_demo,8000
KA-SAFETY-0885,13.4000,75.0000,74,2026-10-06,synthetic_demo,8000
KA-SAFETY-0886,13.4000,75.1000,58,2026-10-06,synthetic_demo,8000
KA-SAFETY-0887,13.4000,75.2000,18,2026-10-06,synthetic_demo,8000
KA-SAFETY-0888,13.4000,75.3000,45,2026-10-06,synthetic_demo,8000
KA-SAFETY-0889,13.4000,75.4000,15,2026-10-06,synthetic_demo,8000
KA-SAFETY-0890,13.4000,75.5000,65,2026-10-06,synthetic_demo,8000
KA-SAFETY-0891,13.4000,75.6000,70,2026-10-06,synthetic_demo,8000
KA-SAFETY-0892,13.4000,75.7000,71,2026-10-06,synthetic_demo,8000
KA-SAFETY-0893,13.4000,75.8000,49,2026-10-06,synthetic_demo,8000
KA-SAFETY-0894,13.4000,75.9000,90,2026-10-06,synthetic_demo,8000
KA-SAFETY-0895,13.4000,76.0000,82,2026-10-06,synthetic_demo,8000
KA-SAFETY-0896,13.4000,76.1000,72,2026-10-06,synthetic_demo,8000
KA-SAFETY-0897,13.4000,76.2000,16,2026-10-06,synthetic_demo,8000
KA-SAFETY-0898,13.4000,76.3000,89,2026-10-06,synthetic_demo,8000
KA-SAFETY-0899,13.4000,76.4000,88,2026-10-06,synthetic_demo,8000
KA-SAFETY-0900,13.4000,76.5000,16,2026-10-06,synthetic_demo,8000
KA-SAFETY-0901,13.4000,76.6000,60,2026-10-06,synthetic_demo,8000
KA-SAFETY-0902,13.4000,76.7000,67,2026-10-06,synthetic_demo,8000
KA-SAFETY-0903,13.4000,76.8000,57,2026-10-06,synthetic_demo,8000
KA-SAFETY-0904,13.4000,76.9000,89,2026-10-06,synthetic_demo,8000
KA-SAFETY-0905,13.4000,77.0000,39,2026-10-06,synthetic_demo,8000
KA-SAFETY-0906,13.4000,77.1000,64,2026-10-06,synthetic_demo,8000
KA-SAFETY-0907,13.4000,77.2000,93,2026-10-06,synthetic_demo,8000
KA-SAFETY-0908,13.4000,77.3000,28,2026-10-06,synthetic_demo,8000
KA-SAFETY-0909,13.4000,77.4000,75,2026-10-06,synthetic_demo,8000
KA-SAFETY-0910,13.4000,77.5000,84,2026-10-06,synthetic_demo,8000
KA-SAFETY-0911,13.4000,77.6000,28,2026-10-06,synthetic_demo,8000
KA-SAFETY-0912,13.4000,77.7000,81,2026-10-06,synthetic_demo,8000
KA-SAFETY-0913,13.4000,77.8000,61,2026-10-06,synthetic_demo,8000
KA-SAFETY-0914,13.4000,77.9000,73,2026-10-06,synthetic_demo,8000
KA-SAFETY-0915,13.4000,78.0000,67,2026-10-06,synthetic_demo,8000
KA-SAFETY-0916,13.4000,78.1000,18,2026-10-06,synthetic_demo,8000
KA-SAFETY-0917,13.4000,78.2000,83,2026-10-06,synthetic_demo,8000
KA-SAFETY-0918,13.4000,78.3000,36,2026-10-06,synthetic_demo,8000
KA-SAFETY-0919,13.4000,78.4000,35,2026-10-06,synthetic_demo,8000
KA-SAFETY-0920,13.4000,78.5000,52,2026-10-06,synthetic_demo,8000
KA-SAFETY-0921,13.5000,74.0000,38,2026-10-06,synthetic_demo,8000
KA-SAFETY-0922,13.5000,74.1000,92,2026-10-06,synthetic_demo,8000
KA-SAFETY-0923,13.5000,74.2000,20,2026-10-06,synthetic_demo,8000
KA-SAFETY-0924,13.5000,74.3000,86,2026-10-06,synthetic_demo,8000
KA-SAFETY-0925,13.5000,74.4000,84,2026-10-06,synthetic_demo,8000
KA-SAFETY-0926,13.5000,74.5000,30,2026-10-06,synthetic_demo,8000
KA-SAFETY-0927,13.5000,74.6000,94,2026-10-06,synthetic_demo,8000
KA-SAFETY-0928,13.5000,74.7000,44,2026-10-06,synthetic_demo,8000
KA-SAFETY-0929,13.5000,74.8000,82,2026-10-06,synthetic_demo,8000
KA-SAFETY-0930,13.5000,74.9000,40,2026-10-06,synthetic_demo,8000
KA-SAFETY-0931,13.5000,75.0000,88,2026-10-06,synthetic_demo,8000
KA-SAFETY-0932,13.5000,75.1000,48,2026-10-06,synthetic_demo,8000
KA-SAFETY-0933,13.5000,75.2000,88,2026-10-06,synthetic_demo,8000
KA-SAFETY-0934,13.5000,75.3000,63,2026-10-06,synthetic_demo,8000
KA-SAFETY-0935,13.5000,75.4000,84,2026-10-06,synthetic_demo,8000
KA-SAFETY-0936,13.5000,75.5000,27,2026-10-06,synthetic_demo,8000
KA-SAFETY-0937,13.5000,75.6000,28,2026-10-06,synthetic_demo,8000
KA-SAFETY-0938,13.5000,75.7000,76,2026-10-06,synthetic_demo,8000
KA-SAFETY-0939,13.5000,75.8000,20,2026-10-06,synthetic_demo,8000
KA-SAFETY-0940,13.5000,75.9000,24,2026-10-06,synthetic_demo,8000
KA-SAFETY-0941,13.5000,76.0000,41,2026-10-06,synthetic_demo,8000
KA-SAFETY-0942,13.5000,76.1000,77,2026-10-06,synthetic_demo,8000
KA-SAFETY-0943,13.5000,76.2000,42,2026-10-06,synthetic_demo,8000
KA-SAFETY-0944,13.5000,76.3000,90,2026-10-06,synthetic_demo,8000
KA-SAFETY-0945,13.5000,76.4000,88,2026-10-06,synthetic_demo,8000
KA-SAFETY-0946,13.5000,76.5000,42,2026-10-06,synthetic_demo,8000
KA-SAFETY-0947,13.5000,76.6000,41,2026-10-06,synthetic_demo,8000
KA-SAFETY-0948,13.5000,76.7000,28,2026-10-06,synthetic_demo,8000
KA-SAFETY-0949,13.5000,76.8000,34,2026-10-06,synthetic_demo,8000
KA-SAFETY-0950,13.5000,76.9000,34,2026-10-06,synthetic_demo,8000
KA-SAFETY-0951,13.5000,77.0000,69,2026-10-06,synthetic_demo,8000
KA-SAFETY-0952,13.5000,77.1000,59,2026-10-06,synthetic_demo,8000
KA-SAFETY-0953,13.5000,77.2000,95,2026-10-06,synthetic_demo,8000
KA-SAFETY-0954,13.5000,77.3000,24,2026-10-06,synthetic_demo,8000
KA-SAFETY-0955,13.5000,77.4000,18,2026-10-06,synthetic_demo,8000
KA-SAFETY-0956,13.5000,77.5000,23,2026-10-06,synthetic_demo,8000
KA-SAFETY-0957,13.5000,77.6000,29,2026-10-06,synthetic_demo,8000
KA-SAFETY-0958,13.5000,77.7000,81,2026-10-06,synthetic_demo,8000
KA-SAFETY-0959,13.5000,77.8000,53,2026-10-06,synthetic_demo,8000
KA-SAFETY-0960,13.5000,77.9000,50,2026-10-06,synthetic_demo,8000
KA-SAFETY-0961,13.5000,78.0000,66,2026-10-06,synthetic_demo,8000
KA-SAFETY-0962,13.5000,78.1000,33,2026-10-06,synthetic_demo,8000
KA-SAFETY-0963,13.5000,78.2000,52,2026-10-06,synthetic_demo,8000
KA-SAFETY-0964,13.5000,78.3000,63,2026-10-06,synthetic_demo,8000
KA-SAFETY-0965,13.5000,78.4000,90,2026-10-06,synthetic_demo,8000
KA-SAFETY-0966,13.5000,78.5000,80,2026-10-06,synthetic_demo,8000
KA-SAFETY-0967,13.6000,74.0000,94,2026-10-06,synthetic_demo,8000
KA-SAFETY-0968,13.6000,74.1000,42,2026-10-06,synthetic_demo,8000
KA-SAFETY-0969,13.6000,74.2000,72,2026-10-06,synthetic_demo,8000
KA-SAFETY-0970,13.6000,74.3000,55,2026-10-06,synthetic_demo,8000
KA-SAFETY-0971,13.6000,74.4000,41,2026-10-06,synthetic_demo,8000
KA-SAFETY-0972,13.6000,74.5000,50,2026-10-06,synthetic_demo,8000
KA-SAFETY-0973,13.6000,74.6000,19,2026-10-06,synthetic_demo,8000
KA-SAFETY-0974,13.6000,74.7000,83,2026-10-06,synthetic_demo,8000
KA-SAFETY-0975,13.6000,74.8000,66,2026-10-06,synthetic_demo,8000
KA-SAFETY-0976,13.6000,74.9000,65,2026-10-06,synthetic_demo,8000
KA-SAFETY-0977,13.6000,75.0000,61,2026-10-06,synthetic_demo,8000
KA-SAFETY-0978,13.6000,75.1000,64,2026-10-06,synthetic_demo,8000
KA-SAFETY-0979,13.6000,75.2000,21,2026-10-06,synthetic_demo,8000
KA-SAFETY-0980,13.6000,75.3000,94,2026-10-06,synthetic_demo,8000
KA-SAFETY-0981,13.6000,75.4000,82,2026-10-06,synthetic_demo,8000
KA-SAFETY-0982,13.6000,75.5000,88,2026-10-06,synthetic_demo,8000
KA-SAFETY-0983,13.6000,75.6000,31,2026-10-06,synthetic_demo,8000
KA-SAFETY-0984,13.6000,75.7000,90,2026-10-06,synthetic_demo,8000
KA-SAFETY-0985,13.6000,75.8000,87,2026-10-06,synthetic_demo,8000
KA-SAFETY-0986,13.6000,75.9000,52,2026-10-06,synthetic_demo,8000
KA-SAFETY-0987,13.6000,76.0000,34,2026-10-06,synthetic_demo,8000
KA-SAFETY-0988,13.6000,76.1000,19,2026-10-06,synthetic_demo,8000
KA-SAFETY-0989,13.6000,76.2000,45,2026-10-06,synthetic_demo,8000
KA-SAFETY-0990,13.6000,76.3000,25,2026-10-06,synthetic_demo,8000
KA-SAFETY-0991,13.6000,76.4000,55,2026-10-06,synthetic_demo,8000
KA-SAFETY-0992,13.6000,76.5000,31,2026-10-06,synthetic_demo,8000
KA-SAFETY-0993,13.6000,76.6000,67,2026-10-06,synthetic_demo,8000
KA-SAFETY-0994,13.6000,76.7000,73,2026-10-06,synthetic_demo,8000
KA-SAFETY-0995,13.6000,76.8000,65,2026-10-06,synthetic_demo,8000
KA-SAFETY-0996,13.6000,76.9000,67,2026-10-06,synthetic_demo,8000
KA-SAFETY-0997,13.6000,77.0000,90,2026-10-06,synthetic_demo,8000
KA-SAFETY-0998,13.6000,77.1000,94,2026-10-06,synthetic_demo,8000
KA-SAFETY-0999,13.6000,77.2000,71,2026-10-06,synthetic_demo,8000
KA-SAFETY-1000,13.6000,77.3000,55,2026-10-06,synthetic_demo,8000
KA-SAFETY-1001,13.6000,77.4000,89,2026-10-06,synthetic_demo,8000
KA-SAFETY-1002,13.6000,77.5000,24,2026-10-06,synthetic_demo,8000
KA-SAFETY-1003,13.6000,77.6000,48,2026-10-06,synthetic_demo,8000
KA-SAFETY-1004,13.6000,77.7000,26,2026-10-06,synthetic_demo,8000
KA-SAFETY-1005,13.6000,77.8000,21,2026-10-06,synthetic_demo,8000
KA-SAFETY-1006,13.6000,77.9000,62,2026-10-06,synthetic_demo,8000
KA-SAFETY-1007,13.6000,78.0000,36,2026-10-06,synthetic_demo,8000
KA-SAFETY-1008,13.6000,78.1000,76,2026-10-06,synthetic_demo,8000
KA-SAFETY-1009,13.6000,78.2000,47,2026-10-06,synthetic_demo,8000
KA-SAFETY-1010,13.6000,78.3000,84,2026-10-06,synthetic_demo,8000
KA-SAFETY-1011,13.6000,78.4000,40,2026-10-06,synthetic_demo,8000
KA-SAFETY-1012,13.6000,78.5000,21,2026-10-06,synthetic_demo,8000
KA-SAFETY-1013,13.7000,74.0000,41,2026-10-06,synthetic_demo,8000
KA-SAFETY-1014,13.7000,74.1000,79,2026-10-06,synthetic_demo,8000
KA-SAFETY-1015,13.7000,74.2000,31,2026-10-06,synthetic_demo,8000
KA-SAFETY-1016,13.7000,74.3000,92,2026-10-06,synthetic_demo,8000
KA-SAFETY-1017,13.7000,74.4000,54,2026-10-06,synthetic_demo,8000
KA-SAFETY-1018,13.7000,74.5000,68,2026-10-06,synthetic_demo,8000
KA-SAFETY-1019,13.7000,74.6000,80,2026-10-06,synthetic_demo,8000
KA-SAFETY-1020,13.7000,74.7000,52,2026-10-06,synthetic_demo,8000
KA-SAFETY-1021,13.7000,74.8000,78,2026-10-06,synthetic_demo,8000
KA-SAFETY-1022,13.7000,74.9000,15,2026-10-06,synthetic_demo,8000
KA-SAFETY-1023,13.7000,75.0000,32,2026-10-06,synthetic_demo,8000
KA-SAFETY-1024,13.7000,75.1000,55,2026-10-06,synthetic_demo,8000
KA-SAFETY-1025,13.7000,75.2000,28,2026-10-06,synthetic_demo,8000
KA-SAFETY-1026,13.7000,75.3000,42,2026-10-06,synthetic_demo,8000
KA-SAFETY-1027,13.7000,75.4000,23,2026-10-06,synthetic_demo,8000
KA-SAFETY-1028,13.7000,75.5000,26,2026-10-06,synthetic_demo,8000
KA-SAFETY-1029,13.7000,75.6000,91,2026-10-06,synthetic_demo,8000
KA-SAFETY-1030,13.7000,75.7000,88,2026-10-06,synthetic_demo,8000
KA-SAFETY-1031,13.7000,75.8000,25,2026-10-06,synthetic_demo,8000
KA-SAFETY-1032,13.7000,75.9000,92,2026-10-06,synthetic_demo,8000
KA-SAFETY-1033,13.7000,76.0000,33,2026-10-06,synthetic_demo,8000
KA-SAFETY-1034,13.7000,76.1000,26,2026-10-06,synthetic_demo,8000
KA-SAFETY-1035,13.7000,76.2000,88,2026-10-06,synthetic_demo,8000
KA-SAFETY-1036,13.7000,76.3000,69,2026-10-06,synthetic_demo,8000
KA-SAFETY-1037,13.7000,76.4000,35,2026-10-06,synthetic_demo,8000
KA-SAFETY-1038,13.7000,76.5000,44,2026-10-06,synthetic_demo,8000
KA-SAFETY-1039,13.7000,76.6000,58,2026-10-06,synthetic_demo,8000
KA-SAFETY-1040,13.7000,76.7000,78,2026-10-06,synthetic_demo,8000
KA-SAFETY-1041,13.7000,76.8000,48,2026-10-06,synthetic_demo,8000
KA-SAFETY-1042,13.7000,76.9000,80,2026-10-06,synthetic_demo,8000
KA-SAFETY-1043,13.7000,77.0000,59,2026-10-06,synthetic_demo,8000
KA-SAFETY-1044,13.7000,77.1000,20,2026-10-06,synthetic_demo,8000
KA-SAFETY-1045,13.7000,77.2000,83,2026-10-06,synthetic_demo,8000
KA-SAFETY-1046,13.7000,77.3000,56,2026-10-06,synthetic_demo,8000
KA-SAFETY-1047,13.7000,77.4000,46,2026-10-06,synthetic_demo,8000
KA-SAFETY-1048,13.7000,77.5000,51,2026-10-06,synthetic_demo,8000
KA-SAFETY-1049,13.7000,77.6000,17,2026-10-06,synthetic_demo,8000
KA-SAFETY-1050,13.7000,77.7000,37,2026-10-06,synthetic_demo,8000
KA-SAFETY-1051,13.7000,77.8000,36,2026-10-06,synthetic_demo,8000
KA-SAFETY-1052,13.7000,77.9000,36,2026-10-06,synthetic_demo,8000
KA-SAFETY-1053,13.7000,78.0000,41,2026-10-06,synthetic_demo,8000
KA-SAFETY-1054,13.7000,78.1000,45,2026-10-06,synthetic_demo,8000
KA-SAFETY-1055,13.7000,78.2000,32,2026-10-06,synthetic_demo,8000
KA-SAFETY-1056,13.7000,78.3000,87,2026-10-06,synthetic_demo,8000
KA-SAFETY-1057,13.7000,78.4000,27,2026-10-06,synthetic_demo,8000
KA-SAFETY-1058,13.7000,78.5000,46,2026-10-06,synthetic_demo,8000
KA-SAFETY-1059,13.8000,74.0000,94,2026-10-06,synthetic_demo,8000
KA-SAFETY-1060,13.8000,74.1000,23,2026-10-06,synthetic_demo,8000
KA-SAFETY-1061,13.8000,74.2000,82,2026-10-06,synthetic_demo,8000
KA-SAFETY-1062,13.8000,74.3000,65,2026-10-06,synthetic_demo,8000
KA-SAFETY-1063,13.8000,74.4000,73,2026-10-06,synthetic_demo,8000
KA-SAFETY-1064,13.8000,74.5000,73,2026-10-06,synthetic_demo,8000
KA-SAFETY-1065,13.8000,74.6000,21,2026-10-06,synthetic_demo,8000
KA-SAFETY-1066,13.8000,74.7000,79,2026-10-06,synthetic_demo,8000
KA-SAFETY-1067,13.8000,74.8000,64,2026-10-06,synthetic_demo,8000
KA-SAFETY-1068,13.8000,74.9000,18,2026-10-06,synthetic_demo,8000
KA-SAFETY-1069,13.8000,75.0000,53,2026-10-06,synthetic_demo,8000
KA-SAFETY-1070,13.8000,75.1000,34,2026-10-06,synthetic_demo,8000
KA-SAFETY-1071,13.8000,75.2000,51,2026-10-06,synthetic_demo,8000
KA-SAFETY-1072,13.8000,75.3000,15,2026-10-06,synthetic_demo,8000
KA-SAFETY-1073,13.8000,75.4000,72,2026-10-06,synthetic_demo,8000
KA-SAFETY-1074,13.8000,75.5000,56,2026-10-06,synthetic_demo,8000
KA-SAFETY-1075,13.8000,75.6000,79,2026-10-06,synthetic_demo,8000
KA-SAFETY-1076,13.8000,75.7000,54,2026-10-06,synthetic_demo,8000
KA-SAFETY-1077,13.8000,75.8000,75,2026-10-06,synthetic_demo,8000
KA-SAFETY-1078,13.8000,75.9000,62,2026-10-06,synthetic_demo,8000
KA-SAFETY-1079,13.8000,76.0000,42,2026-10-06,synthetic_demo,8000
KA-SAFETY-1080,13.8000,76.1000,29,2026-10-06,synthetic_demo,8000
KA-SAFETY-1081,13.8000,76.2000,78,2026-10-06,synthetic_demo,8000
KA-SAFETY-1082,13.8000,76.3000,61,2026-10-06,synthetic_demo,8000
KA-SAFETY-1083,13.8000,76.4000,71,2026-10-06,synthetic_demo,8000
KA-SAFETY-1084,13.8000,76.5000,93,2026-10-06,synthetic_demo,8000
KA-SAFETY-1085,13.8000,76.6000,77,2026-10-06,synthetic_demo,8000
KA-SAFETY-1086,13.8000,76.7000,42,2026-10-06,synthetic_demo,8000
KA-SAFETY-1087,13.8000,76.8000,44,2026-10-06,synthetic_demo,8000
KA-SAFETY-1088,13.8000,76.9000,43,2026-10-06,synthetic_demo,8000
KA-SAFETY-1089,13.8000,77.0000,89,2026-10-06,synthetic_demo,8000
KA-SAFETY-1090,13.8000,77.1000,74,2026-10-06,synthetic_demo,8000
KA-SAFETY-1091,13.8000,77.2000,95,2026-10-06,synthetic_demo,8000
KA-SAFETY-1092,13.8000,77.3000,46,2026-10-06,synthetic_demo,8000
KA-SAFETY-1093,13.8000,77.4000,65,2026-10-06,synthetic_demo,8000
KA-SAFETY-1094,13.8000,77.5000,59,2026-10-06,synthetic_demo,8000
KA-SAFETY-1095,13.8000,77.6000,47,2026-10-06,synthetic_demo,8000
KA-SAFETY-1096,13.8000,77.7000,63,2026-10-06,synthetic_demo,8000
KA-SAFETY-1097,13.8000,77.8000,64,2026-10-06,synthetic_demo,8000
KA-SAFETY-1098,13.8000,77.9000,75,2026-10-06,synthetic_demo,8000
KA-SAFETY-1099,13.8000,78.0000,57,2026-10-06,synthetic_demo,8000
KA-SAFETY-1100,13.8000,78.1000,26,2026-10-06,synthetic_demo,8000
KA-SAFETY-1101,13.8000,78.2000,92,2026-10-06,synthetic_demo,8000
KA-SAFETY-1102,13.8000,78.3000,66,2026-10-06,synthetic_demo,8000
KA-SAFETY-1103,13.8000,78.4000,47,2026-10-06,synthetic_demo,8000
KA-SAFETY-1104,13.8000,78.5000,64,2026-10-06,synthetic_demo,8000
KA-SAFETY-1105,13.9000,74.0000,17,2026-10-06,synthetic_demo,8000
KA-SAFETY-1106,13.9000,74.1000,23,2026-10-06,synthetic_demo,8000
KA-SAFETY-1107,13.9000,74.2000,15,2026-10-06,synthetic_demo,8000
KA-SAFETY-1108,13.9000,74.3000,72,2026-10-06,synthetic_demo,8000
KA-SAFETY-1109,13.9000,74.4000,18,2026-10-06,synthetic_demo,8000
KA-SAFETY-1110,13.9000,74.5000,24,2026-10-06,synthetic_demo,8000
KA-SAFETY-1111,13.9000,74.6000,86,2026-10-06,synthetic_demo,8000
KA-SAFETY-1112,13.9000,74.7000,78,2026-10-06,synthetic_demo,8000
KA-SAFETY-1113,13.9000,74.8000,64,2026-10-06,synthetic_demo,8000
KA-SAFETY-1114,13.9000,74.9000,60,2026-10-06,synthetic_demo,8000
KA-SAFETY-1115,13.9000,75.0000,68,2026-10-06,synthetic_demo,8000
KA-SAFETY-1116,13.9000,75.1000,47,2026-10-06,synthetic_demo,8000
KA-SAFETY-1117,13.9000,75.2000,57,2026-10-06,synthetic_demo,8000
KA-SAFETY-1118,13.9000,75.3000,48,2026-10-06,synthetic_demo,8000
KA-SAFETY-1119,13.9000,75.4000,47,2026-10-06,synthetic_demo,8000
KA-SAFETY-1120,13.9000,75.5000,33,2026-10-06,synthetic_demo,8000
KA-SAFETY-1121,13.9000,75.6000,19,2026-10-06,synthetic_demo,8000
KA-SAFETY-1122,13.9000,75.7000,54,2026-10-06,synthetic_demo,8000
KA-SAFETY-1123,13.9000,75.8000,84,2026-10-06,synthetic_demo,8000
KA-SAFETY-1124,13.9000,75.9000,71,2026-10-06,synthetic_demo,8000
KA-SAFETY-1125,13.9000,76.0000,72,2026-10-06,synthetic_demo,8000
KA-SAFETY-1126,13.9000,76.1000,20,2026-10-06,synthetic_demo,8000
KA-SAFETY-1127,13.9000,76.2000,37,2026-10-06,synthetic_demo,8000
KA-SAFETY-1128,13.9000,76.3000,70,2026-10-06,synthetic_demo,8000
KA-SAFETY-1129,13.9000,76.4000,79,2026-10-06,synthetic_demo,8000
KA-SAFETY-1130,13.9000,76.5000,32,2026-10-06,synthetic_demo,8000
KA-SAFETY-1131,13.9000,76.6000,47,2026-10-06,synthetic_demo,8000
KA-SAFETY-1132,13.9000,76.7000,53,2026-10-06,synthetic_demo,8000
KA-SAFETY-1133,13.9000,76.8000,88,2026-10-06,synthetic_demo,8000
KA-SAFETY-1134,13.9000,76.9000,24,2026-10-06,synthetic_demo,8000
KA-SAFETY-1135,13.9000,77.0000,77,2026-10-06,synthetic_demo,8000
KA-SAFETY-1136,13.9000,77.1000,39,2026-10-06,synthetic_demo,8000
KA-SAFETY-1137,13.9000,77.2000,59,2026-10-06,synthetic_demo,8000
KA-SAFETY-1138,13.9000,77.3000,22,2026-10-06,synthetic_demo,8000
KA-SAFETY-1139,13.9000,77.4000,77,2026-10-06,synthetic_demo,8000
KA-SAFETY-1140,13.9000,77.5000,53,2026-10-06,synthetic_demo,8000
KA-SAFETY-1141,13.9000,77.6000,36,2026-10-06,synthetic_demo,8000
KA-SAFETY-1142,13.9000,77.7000,15,2026-10-06,synthetic_demo,8000
KA-SAFETY-1143,13.9000,77.8000,40,2026-10-06,synthetic_demo,8000
KA-SAFETY-1144,13.9000,77.9000,88,2026-10-06,synthetic_demo,8000
KA-SAFETY-1145,13.9000,78.0000,89,2026-10-06,synthetic_demo,8000
KA-SAFETY-1146,13.9000,78.1000,17,2026-10-06,synthetic_demo,8000
KA-SAFETY-1147,13.9000,78.2000,64,2026-10-06,synthetic_demo,8000
KA-SAFETY-1148,13.9000,78.3000,47,2026-10-06,synthetic_demo,8000
KA-SAFETY-1149,13.9000,78.4000,53,2026-10-06,synthetic_demo,8000
KA-SAFETY-1150,13.9000,78.5000,87,2026-10-06,synthetic_demo,8000
KA-SAFETY-1151,14.0000,74.0000,19,2026-10-06,synthetic_demo,8000
KA-SAFETY-1152,14.0000,74.1000,61,2026-10-06,synthetic_demo,8000
KA-SAFETY-1153,14.0000,74.2000,33,2026-10-06,synthetic_demo,8000
KA-SAFETY-1154,14.0000,74.3000,37,2026-10-06,synthetic_demo,8000
KA-SAFETY-1155,14.0000,74.4000,15,2026-10-06,synthetic_demo,8000
KA-SAFETY-1156,14.0000,74.5000,37,2026-10-06,synthetic_demo,8000
KA-SAFETY-1157,14.0000,74.6000,24,2026-10-06,synthetic_demo,8000
KA-SAFETY-1158,14.0000,74.7000,83,2026-10-06,synthetic_demo,8000
KA-SAFETY-1159,14.0000,74.8000,18,2026-10-06,synthetic_demo,8000
KA-SAFETY-1160,14.0000,74.9000,39,2026-10-06,synthetic_demo,8000
KA-SAFETY-1161,14.0000,75.0000,38,2026-10-06,synthetic_demo,8000
KA-SAFETY-1162,14.0000,75.1000,15,2026-10-06,synthetic_demo,8000
KA-SAFETY-1163,14.0000,75.2000,47,2026-10-06,synthetic_demo,8000
KA-SAFETY-1164,14.0000,75.3000,60,2026-10-06,synthetic_demo,8000
KA-SAFETY-1165,14.0000,75.4000,68,2026-10-06,synthetic_demo,8000
KA-SAFETY-1166,14.0000,75.5000,67,2026-10-06,synthetic_demo,8000
KA-SAFETY-1167,14.0000,75.6000,77,2026-10-06,synthetic_demo,8000
KA-SAFETY-1168,14.0000,75.7000,83,2026-10-06,synthetic_demo,8000
KA-SAFETY-1169,14.0000,75.8000,15,2026-10-06,synthetic_demo,8000
KA-SAFETY-1170,14.0000,75.9000,56,2026-10-06,synthetic_demo,8000
KA-SAFETY-1171,14.0000,76.0000,79,2026-10-06,synthetic_demo,8000
KA-SAFETY-1172,14.0000,76.1000,46,2026-10-06,synthetic_demo,8000
KA-SAFETY-1173,14.0000,76.2000,91,2026-10-06,synthetic_demo,8000
KA-SAFETY-1174,14.0000,76.3000,47,2026-10-06,synthetic_demo,8000
KA-SAFETY-1175,14.0000,76.4000,62,2026-10-06,synthetic_demo,8000
KA-SAFETY-1176,14.0000,76.5000,57,2026-10-06,synthetic_demo,8000
KA-SAFETY-1177,14.0000,76.6000,33,2026-10-06,synthetic_demo,8000
KA-SAFETY-1178,14.0000,76.7000,37,2026-10-06,synthetic_demo,8000
KA-SAFETY-1179,14.0000,76.8000,36,2026-10-06,synthetic_demo,8000
KA-SAFETY-1180,14.0000,76.9000,62,2026-10-06,synthetic_demo,8000
KA-SAFETY-1181,14.0000,77.0000,83,2026-10-06,synthetic_demo,8000
KA-SAFETY-1182,14.0000,77.1000,78,2026-10-06,synthetic_demo,8000
KA-SAFETY-1183,14.0000,77.2000,60,2026-10-06,synthetic_demo,8000
KA-SAFETY-1184,14.0000,77.3000,91,2026-10-06,synthetic_demo,8000
KA-SAFETY-1185,14.0000,77.4000,54,2026-10-06,synthetic_demo,8000
KA-SAFETY-1186,14.0000,77.5000,32,2026-10-06,synthetic_demo,8000
KA-SAFETY-1187,14.0000,77.6000,34,2026-10-06,synthetic_demo,8000
KA-SAFETY-1188,14.0000,77.7000,69,2026-10-06,synthetic_demo,8000
KA-SAFETY-1189,14.0000,77.8000,91,2026-10-06,synthetic_demo,8000
KA-SAFETY-1190,14.0000,77.9000,36,2026-10-06,synthetic_demo,8000
KA-SAFETY-1191,14.0000,78.0000,81,2026-10-06,synthetic_demo,8000
KA-SAFETY-1192,14.0000,78.1000,30,2026-10-06,synthetic_demo,8000
KA-SAFETY-1193,14.0000,78.2000,39,2026-10-06,synthetic_demo,8000
KA-SAFETY-1194,14.0000,78.3000,24,2026-10-06,synthetic_demo,8000
KA-SAFETY-1195,14.0000,78.4000,28,2026-10-06,synthetic_demo,8000
KA-SAFETY-1196,14.0000,78.5000,78,2026-10-06,synthetic_demo,8000
KA-SAFETY-1197,14.1000,74.0000,46,2026-10-06,synthetic_demo,8000
KA-SAFETY-1198,14.1000,74.1000,21,2026-10-06,synthetic_demo,8000
KA-SAFETY-1199,14.1000,74.2000,93,2026-10-06,synthetic_demo,8000
KA-SAFETY-1200,14.1000,74.3000,66,2026-10-06,synthetic_demo,8000
KA-SAFETY-1201,14.1000,74.4000,70,2026-10-06,synthetic_demo,8000
KA-SAFETY-1202,14.1000,74.5000,22,2026-10-06,synthetic_demo,8000
KA-SAFETY-1203,14.1000,74.6000,39,2026-10-06,synthetic_demo,8000
KA-SAFETY-1204,14.1000,74.7000,25,2026-10-06,synthetic_demo,8000
KA-SAFETY-1205,14.1000,74.8000,29,2026-10-06,synthetic_demo,8000
KA-SAFETY-1206,14.1000,74.9000,57,2026-10-06,synthetic_demo,8000
KA-SAFETY-1207,14.1000,75.0000,70,2026-10-06,synthetic_demo,8000
KA-SAFETY-1208,14.1000,75.1000,43,2026-10-06,synthetic_demo,8000
KA-SAFETY-1209,14.1000,75.2000,81,2026-10-06,synthetic_demo,8000
KA-SAFETY-1210,14.1000,75.3000,92,2026-10-06,synthetic_demo,8000
KA-SAFETY-1211,14.1000,75.4000,48,2026-10-06,synthetic_demo,8000
KA-SAFETY-1212,14.1000,75.5000,90,2026-10-06,synthetic_demo,8000
KA-SAFETY-1213,14.1000,75.6000,90,2026-10-06,synthetic_demo,8000
KA-SAFETY-1214,14.1000,75.7000,80,2026-10-06,synthetic_demo,8000
KA-SAFETY-1215,14.1000,75.8000,35,2026-10-06,synthetic_demo,8000
KA-SAFETY-1216,14.1000,75.9000,60,2026-10-06,synthetic_demo,8000
KA-SAFETY-1217,14.1000,76.0000,64,2026-10-06,synthetic_demo,8000
KA-SAFETY-1218,14.1000,76.1000,71,2026-10-06,synthetic_demo,8000
KA-SAFETY-1219,14.1000,76.2000,89,2026-10-06,synthetic_demo,8000
KA-SAFETY-1220,14.1000,76.3000,51,2026-10-06,synthetic_demo,8000
KA-SAFETY-1221,14.1000,76.4000,83,2026-10-06,synthetic_demo,8000
KA-SAFETY-1222,14.1000,76.5000,60,2026-10-06,synthetic_demo,8000
KA-SAFETY-1223,14.1000,76.6000,30,2026-10-06,synthetic_demo,8000
KA-SAFETY-1224,14.1000,76.7000,73,2026-10-06,synthetic_demo,8000
KA-SAFETY-1225,14.1000,76.8000,30,2026-10-06,synthetic_demo,8000
KA-SAFETY-1226,14.1000,76.9000,66,2026-10-06,synthetic_demo,8000
KA-SAFETY-1227,14.1000,77.0000,21,2026-10-06,synthetic_demo,8000
KA-SAFETY-1228,14.1000,77.1000,39,2026-10-06,synthetic_demo,8000
KA-SAFETY-1229,14.1000,77.2000,26,2026-10-06,synthetic_demo,8000
KA-SAFETY-1230,14.1000,77.3000,86,2026-10-06,synthetic_demo,8000
KA-SAFETY-1231,14.1000,77.4000,40,2026-10-06,synthetic_demo,8000
KA-SAFETY-1232,14.1000,77.5000,90,2026-10-06,synthetic_demo,8000
KA-SAFETY-1233,14.1000,77.6000,35,2026-10-06,synthetic_demo,8000
KA-SAFETY-1234,14.1000,77.7000,45,2026-10-06,synthetic_demo,8000
KA-SAFETY-1235,14.1000,77.8000,81,2026-10-06,synthetic_demo,8000
KA-SAFETY-1236,14.1000,77.9000,18,2026-10-06,synthetic_demo,8000
KA-SAFETY-1237,14.1000,78.0000,47,2026-10-06,synthetic_demo,8000
KA-SAFETY-1238,14.1000,78.1000,56,2026-10-06,synthetic_demo,8000
KA-SAFETY-1239,14.1000,78.2000,24,2026-10-06,synthetic_demo,8000
KA-SAFETY-1240,14.1000,78.3000,29,2026-10-06,synthetic_demo,8000
KA-SAFETY-1241,14.1000,78.4000,74,2026-10-06,synthetic_demo,8000
KA-SAFETY-1242,14.1000,78.5000,37,2026-10-06,synthetic_demo,8000
KA-SAFETY-1243,14.2000,74.0000,29,2026-10-06,synthetic_demo,8000
KA-SAFETY-1244,14.2000,74.1000,59,2026-10-06,synthetic_demo,8000
KA-SAFETY-1245,14.2000,74.2000,49,2026-10-06,synthetic_demo,8000
KA-SAFETY-1246,14.2000,74.3000,92,2026-10-06,synthetic_demo,8000
KA-SAFETY-1247,14.2000,74.4000,35,2026-10-06,synthetic_demo,8000
KA-SAFETY-1248,14.2000,74.5000,21,2026-10-06,synthetic_demo,8000
KA-SAFETY-1249,14.2000,74.6000,50,2026-10-06,synthetic_demo,8000
KA-SAFETY-1250,14.2000,74.7000,16,2026-10-06,synthetic_demo,8000
KA-SAFETY-1251,14.2000,74.8000,36,2026-10-06,synthetic_demo,8000
KA-SAFETY-1252,14.2000,74.9000,32,2026-10-06,synthetic_demo,8000
KA-SAFETY-1253,14.2000,75.0000,77,2026-10-06,synthetic_demo,8000
KA-SAFETY-1254,14.2000,75.1000,48,2026-10-06,synthetic_demo,8000
KA-SAFETY-1255,14.2000,75.2000,32,2026-10-06,synthetic_demo,8000
KA-SAFETY-1256,14.2000,75.3000,39,2026-10-06,synthetic_demo,8000
KA-SAFETY-1257,14.2000,75.4000,89,2026-10-06,synthetic_demo,8000
KA-SAFETY-1258,14.2000,75.5000,53,2026-10-06,synthetic_demo,8000
KA-SAFETY-1259,14.2000,75.6000,57,2026-10-06,synthetic_demo,8000
KA-SAFETY-1260,14.2000,75.7000,71,2026-10-06,synthetic_demo,8000
KA-SAFETY-1261,14.2000,75.8000,82,2026-10-06,synthetic_demo,8000
KA-SAFETY-1262,14.2000,75.9000,77,2026-10-06,synthetic_demo,8000
KA-SAFETY-1263,14.2000,76.0000,80,2026-10-06,synthetic_demo,8000
KA-SAFETY-1264,14.2000,76.1000,23,2026-10-06,synthetic_demo,8000
KA-SAFETY-1265,14.2000,76.2000,48,2026-10-06,synthetic_demo,8000
KA-SAFETY-1266,14.2000,76.3000,41,2026-10-06,synthetic_demo,8000
KA-SAFETY-1267,14.2000,76.4000,46,2026-10-06,synthetic_demo,8000
KA-SAFETY-1268,14.2000,76.5000,84,2026-10-06,synthetic_demo,8000
KA-SAFETY-1269,14.2000,76.6000,92,2026-10-06,synthetic_demo,8000
KA-SAFETY-1270,14.2000,76.7000,41,2026-10-06,synthetic_demo,8000
KA-SAFETY-1271,14.2000,76.8000,39,2026-10-06,synthetic_demo,8000
KA-SAFETY-1272,14.2000,76.9000,49,2026-10-06,synthetic_demo,8000
KA-SAFETY-1273,14.2000,77.0000,35,2026-10-06,synthetic_demo,8000
KA-SAFETY-1274,14.2000,77.1000,61,2026-10-06,synthetic_demo,8000
KA-SAFETY-1275,14.2000,77.2000,67,2026-10-06,synthetic_demo,8000
KA-SAFETY-1276,14.2000,77.3000,61,2026-10-06,synthetic_demo,8000
KA-SAFETY-1277,14.2000,77.4000,22,2026-10-06,synthetic_demo,8000
KA-SAFETY-1278,14.2000,77.5000,77,2026-10-06,synthetic_demo,8000
KA-SAFETY-1279,14.2000,77.6000,92,2026-10-06,synthetic_demo,8000
KA-SAFETY-1280,14.2000,77.7000,74,2026-10-06,synthetic_demo,8000
KA-SAFETY-1281,14.2000,77.8000,73,2026-10-06,synthetic_demo,8000
KA-SAFETY-1282,14.2000,77.9000,44,2026-10-06,synthetic_demo,8000
KA-SAFETY-1283,14.2000,78.0000,75,2026-10-06,synthetic_demo,8000
KA-SAFETY-1284,14.2000,78.1000,22,2026-10-06,synthetic_demo,8000
KA-SAFETY-1285,14.2000,78.2000,86,2026-10-06,synthetic_demo,8000
KA-SAFETY-1286,14.2000,78.3000,79,2026-10-06,synthetic_demo,8000
KA-SAFETY-1287,14.2000,78.4000,78,2026-10-06,synthetic_demo,8000
KA-SAFETY-1288,14.2000,78.5000,50,2026-10-06,synthetic_demo,8000
KA-SAFETY-1289,14.3000,74.0000,76,2026-10-06,synthetic_demo,8000
KA-SAFETY-1290,14.3000,74.1000,50,2026-10-06,synthetic_demo,8000
KA-SAFETY-1291,14.3000,74.2000,80,2026-10-06,synthetic_demo,8000
KA-SAFETY-1292,14.3000,74.3000,42,2026-10-06,synthetic_demo,8000
KA-SAFETY-1293,14.3000,74.4000,67,2026-10-06,synthetic_demo,8000
KA-SAFETY-1294,14.3000,74.5000,38,2026-10-06,synthetic_demo,8000
KA-SAFETY-1295,14.3000,74.6000,73,2026-10-06,synthetic_demo,8000
KA-SAFETY-1296,14.3000,74.7000,16,2026-10-06,synthetic_demo,8000
KA-SAFETY-1297,14.3000,74.8000,18,2026-10-06,synthetic_demo,8000
KA-SAFETY-1298,14.3000,74.9000,58,2026-10-06,synthetic_demo,8000
KA-SAFETY-1299,14.3000,75.0000,22,2026-10-06,synthetic_demo,8000
KA-SAFETY-1300,14.3000,75.1000,43,2026-10-06,synthetic_demo,8000
KA-SAFETY-1301,14.3000,75.2000,73,2026-10-06,synthetic_demo,8000
KA-SAFETY-1302,14.3000,75.3000,44,2026-10-06,synthetic_demo,8000
KA-SAFETY-1303,14.3000,75.4000,20,2026-10-06,synthetic_demo,8000
KA-SAFETY-1304,14.3000,75.5000,91,2026-10-06,synthetic_demo,8000
KA-SAFETY-1305,14.3000,75.6000,89,2026-10-06,synthetic_demo,8000
KA-SAFETY-1306,14.3000,75.7000,55,2026-10-06,synthetic_demo,8000
KA-SAFETY-1307,14.3000,75.8000,62,2026-10-06,synthetic_demo,8000
KA-SAFETY-1308,14.3000,75.9000,84,2026-10-06,synthetic_demo,8000
KA-SAFETY-1309,14.3000,76.0000,62,2026-10-06,synthetic_demo,8000
KA-SAFETY-1310,14.3000,76.1000,82,2026-10-06,synthetic_demo,8000
KA-SAFETY-1311,14.3000,76.2000,55,2026-10-06,synthetic_demo,8000
KA-SAFETY-1312,14.3000,76.3000,77,2026-10-06,synthetic_demo,8000
KA-SAFETY-1313,14.3000,76.4000,79,2026-10-06,synthetic_demo,8000
KA-SAFETY-1314,14.3000,76.5000,78,2026-10-06,synthetic_demo,8000
KA-SAFETY-1315,14.3000,76.6000,68,2026-10-06,synthetic_demo,8000
KA-SAFETY-1316,14.3000,76.7000,34,2026-10-06,synthetic_demo,8000
KA-SAFETY-1317,14.3000,76.8000,56,2026-10-06,synthetic_demo,8000
KA-SAFETY-1318,14.3000,76.9000,76,2026-10-06,synthetic_demo,8000
KA-SAFETY-1319,14.3000,77.0000,76,2026-10-06,synthetic_demo,8000
KA-SAFETY-1320,14.3000,77.1000,84,2026-10-06,synthetic_demo,8000
KA-SAFETY-1321,14.3000,77.2000,92,2026-10-06,synthetic_demo,8000
KA-SAFETY-1322,14.3000,77.3000,26,2026-10-06,synthetic_demo,8000
KA-SAFETY-1323,14.3000,77.4000,25,2026-10-06,synthetic_demo,8000
KA-SAFETY-1324,14.3000,77.5000,87,2026-10-06,synthetic_demo,8000
KA-SAFETY-1325,14.3000,77.6000,46,2026-10-06,synthetic_demo,8000
KA-SAFETY-1326,14.3000,77.7000,95,2026-10-06,synthetic_demo,8000
KA-SAFETY-1327,14.3000,77.8000,48,2026-10-06,synthetic_demo,8000
KA-SAFETY-1328,14.3000,77.9000,36,2026-10-06,synthetic_demo,8000
KA-SAFETY-1329,14.3000,78.0000,33,2026-10-06,synthetic_demo,8000
KA-SAFETY-1330,14.3000,78.1000,39,2026-10-06,synthetic_demo,8000
KA-SAFETY-1331,14.3000,78.2000,60,2026-10-06,synthetic_demo,8000
KA-SAFETY-1332,14.3000,78.3000,42,2026-10-06,synthetic_demo,8000
KA-SAFETY-1333,14.3000,78.4000,52,2026-10-06,synthetic_demo,8000
KA-SAFETY-1334,14.3000,78.5000,68,2026-10-06,synthetic_demo,8000
KA-SAFETY-1335,14.4000,74.0000,37,2026-10-06,synthetic_demo,8000
KA-SAFETY-1336,14.4000,74.1000,52,2026-10-06,synthetic_demo,8000
KA-SAFETY-1337,14.4000,74.2000,19,2026-10-06,synthetic_demo,8000
KA-SAFETY-1338,14.4000,74.3000,93,2026-10-06,synthetic_demo,8000
KA-SAFETY-1339,14.4000,74.4000,79,2026-10-06,synthetic_demo,8000
KA-SAFETY-1340,14.4000,74.5000,74,2026-10-06,synthetic_demo,8000
KA-SAFETY-1341,14.4000,74.6000,45,2026-10-06,synthetic_demo,8000
KA-SAFETY-1342,14.4000,74.7000,64,2026-10-06,synthetic_demo,8000
KA-SAFETY-1343,14.4000,74.8000,81,2026-10-06,synthetic_demo,8000
KA-SAFETY-1344,14.4000,74.9000,72,2026-10-06,synthetic_demo,8000
KA-SAFETY-1345,14.4000,75.0000,32,2026-10-06,synthetic_demo,8000
KA-SAFETY-1346,14.4000,75.1000,29,2026-10-06,synthetic_demo,8000
KA-SAFETY-1347,14.4000,75.2000,55,2026-10-06,synthetic_demo,8000
KA-SAFETY-1348,14.4000,75.3000,42,2026-10-06,synthetic_demo,8000
KA-SAFETY-1349,14.4000,75.4000,30,2026-10-06,synthetic_demo,8000
KA-SAFETY-1350,14.4000,75.5000,74,2026-10-06,synthetic_demo,8000
KA-SAFETY-1351,14.4000,75.6000,69,2026-10-06,synthetic_demo,8000
KA-SAFETY-1352,14.4000,75.7000,17,2026-10-06,synthetic_demo,8000
KA-SAFETY-1353,14.4000,75.8000,86,2026-10-06,synthetic_demo,8000
KA-SAFETY-1354,14.4000,75.9000,45,2026-10-06,synthetic_demo,8000
KA-SAFETY-1355,14.4000,76.0000,69,2026-10-06,synthetic_demo,8000
KA-SAFETY-1356,14.4000,76.1000,27,2026-10-06,synthetic_demo,8000
KA-SAFETY-1357,14.4000,76.2000,91,2026-10-06,synthetic_demo,8000
KA-SAFETY-1358,14.4000,76.3000,66,2026-10-06,synthetic_demo,8000
KA-SAFETY-1359,14.4000,76.4000,86,2026-10-06,synthetic_demo,8000
KA-SAFETY-1360,14.4000,76.5000,64,2026-10-06,synthetic_demo,8000
KA-SAFETY-1361,14.4000,76.6000,81,2026-10-06,synthetic_demo,8000
KA-SAFETY-1362,14.4000,76.7000,53,2026-10-06,synthetic_demo,8000
KA-SAFETY-1363,14.4000,76.8000,20,2026-10-06,synthetic_demo,8000
KA-SAFETY-1364,14.4000,76.9000,19,2026-10-06,synthetic_demo,8000
KA-SAFETY-1365,14.4000,77.0000,64,2026-10-06,synthetic_demo,8000
KA-SAFETY-1366,14.4000,77.1000,45,2026-10-06,synthetic_demo,8000
KA-SAFETY-1367,14.4000,77.2000,65,2026-10-06,synthetic_demo,8000
KA-SAFETY-1368,14.4000,77.3000,95,2026-10-06,synthetic_demo,8000
KA-SAFETY-1369,14.4000,77.4000,30,2026-10-06,synthetic_demo,8000
KA-SAFETY-1370,14.4000,77.5000,48,2026-10-06,synthetic_demo,8000
KA-SAFETY-1371,14.4000,77.6000,32,2026-10-06,synthetic_demo,8000
KA-SAFETY-1372,14.4000,77.7000,22,2026-10-06,synthetic_demo,8000
KA-SAFETY-1373,14.4000,77.8000,70,2026-10-06,synthetic_demo,8000
KA-SAFETY-1374,14.4000,77.9000,81,2026-10-06,synthetic_demo,8000
KA-SAFETY-1375,14.4000,78.0000,81,2026-10-06,synthetic_demo,8000
KA-SAFETY-1376,14.4000,78.1000,35,2026-10-06,synthetic_demo,8000
KA-SAFETY-1377,14.4000,78.2000,63,2026-10-06,synthetic_demo,8000
KA-SAFETY-1378,14.4000,78.3000,53,2026-10-06,synthetic_demo,8000
KA-SAFETY-1379,14.4000,78.4000,48,2026-10-06,synthetic_demo,8000
KA-SAFETY-1380,14.4000,78.5000,73,2026-10-06,synthetic_demo,8000
KA-SAFETY-1381,14.5000,74.0000,82,2026-10-06,synthetic_demo,8000
KA-SAFETY-1382,14.5000,74.1000,42,2026-10-06,synthetic_demo,8000
KA-SAFETY-1383,14.5000,74.2000,57,2026-10-06,synthetic_demo,8000
KA-SAFETY-1384,14.5000,74.3000,90,2026-10-06,synthetic_demo,8000
KA-SAFETY-1385,14.5000,74.4000,44,2026-10-06,synthetic_demo,8000
KA-SAFETY-1386,14.5000,74.5000,87,2026-10-06,synthetic_demo,8000
KA-SAFETY-1387,14.5000,74.6000,63,2026-10-06,synthetic_demo,8000
KA-SAFETY-1388,14.5000,74.7000,16,2026-10-06,synthetic_demo,8000
KA-SAFETY-1389,14.5000,74.8000,51,2026-10-06,synthetic_demo,8000
KA-SAFETY-1390,14.5000,74.9000,65,2026-10-06,synthetic_demo,8000
KA-SAFETY-1391,14.5000,75.0000,69,2026-10-06,synthetic_demo,8000
KA-SAFETY-1392,14.5000,75.1000,49,2026-10-06,synthetic_demo,8000
KA-SAFETY-1393,14.5000,75.2000,60,2026-10-06,synthetic_demo,8000
KA-SAFETY-1394,14.5000,75.3000,15,2026-10-06,synthetic_demo,8000
KA-SAFETY-1395,14.5000,75.4000,95,2026-10-06,synthetic_demo,8000
KA-SAFETY-1396,14.5000,75.5000,64,2026-10-06,synthetic_demo,8000
KA-SAFETY-1397,14.5000,75.6000,79,2026-10-06,synthetic_demo,8000
KA-SAFETY-1398,14.5000,75.7000,88,2026-10-06,synthetic_demo,8000
KA-SAFETY-1399,14.5000,75.8000,54,2026-10-06,synthetic_demo,8000
KA-SAFETY-1400,14.5000,75.9000,73,2026-10-06,synthetic_demo,8000
KA-SAFETY-1401,14.5000,76.0000,33,2026-10-06,synthetic_demo,8000
KA-SAFETY-1402,14.5000,76.1000,86,2026-10-06,synthetic_demo,8000
KA-SAFETY-1403,14.5000,76.2000,39,2026-10-06,synthetic_demo,8000
KA-SAFETY-1404,14.5000,76.3000,79,2026-10-06,synthetic_demo,8000
KA-SAFETY-1405,14.5000,76.4000,31,2026-10-06,synthetic_demo,8000
KA-SAFETY-1406,14.5000,76.5000,48,2026-10-06,synthetic_demo,8000
KA-SAFETY-1407,14.5000,76.6000,61,2026-10-06,synthetic_demo,8000
KA-SAFETY-1408,14.5000,76.7000,45,2026-10-06,synthetic_demo,8000
KA-SAFETY-1409,14.5000,76.8000,50,2026-10-06,synthetic_demo,8000
KA-SAFETY-1410,14.5000,76.9000,64,2026-10-06,synthetic_demo,8000
KA-SAFETY-1411,14.5000,77.0000,29,2026-10-06,synthetic_demo,8000
KA-SAFETY-1412,14.5000,77.1000,76,2026-10-06,synthetic_demo,8000
KA-SAFETY-1413,14.5000,77.2000,35,2026-10-06,synthetic_demo,8000
KA-SAFETY-1414,14.5000,77.3000,72,2026-10-06,synthetic_demo,8000
KA-SAFETY-1415,14.5000,77.4000,77,2026-10-06,synthetic_demo,8000
KA-SAFETY-1416,14.5000,77.5000,48,2026-10-06,synthetic_demo,8000
KA-SAFETY-1417,14.5000,77.6000,46,2026-10-06,synthetic_demo,8000
KA-SAFETY-1418,14.5000,77.7000,19,2026-10-06,synthetic_demo,8000
KA-SAFETY-1419,14.5000,77.8000,91,2026-10-06,synthetic_demo,8000
KA-SAFETY-1420,14.5000,77.9000,31,2026-10-06,synthetic_demo,8000
KA-SAFETY-1421,14.5000,78.0000,80,2026-10-06,synthetic_demo,8000
KA-SAFETY-1422,14.5000,78.1000,46,2026-10-06,synthetic_demo,8000
KA-SAFETY-1423,14.5000,78.2000,81,2026-10-06,synthetic_demo,8000
KA-SAFETY-1424,14.5000,78.3000,40,2026-10-06,synthetic_demo,8000
KA-SAFETY-1425,14.5000,78.4000,76,2026-10-06,synthetic_demo,8000
KA-SAFETY-1426,14.5000,78.5000,47,2026-10-06,synthetic_demo,8000
KA-SAFETY-1427,14.6000,74.0000,30,2026-10-06,synthetic_demo,8000
KA-SAFETY-1428,14.6000,74.1000,69,2026-10-06,synthetic_demo,8000
KA-SAFETY-1429,14.6000,74.2000,36,2026-10-06,synthetic_demo,8000
KA-SAFETY-1430,14.6000,74.3000,34,2026-10-06,synthetic_demo,8000
KA-SAFETY-1431,14.6000,74.4000,34,2026-10-06,synthetic_demo,8000
KA-SAFETY-1432,14.6000,74.5000,47,2026-10-06,synthetic_demo,8000
KA-SAFETY-1433,14.6000,74.6000,23,2026-10-06,synthetic_demo,8000
KA-SAFETY-1434,14.6000,74.7000,88,2026-10-06,synthetic_demo,8000
KA-SAFETY-1435,14.6000,74.8000,65,2026-10-06,synthetic_demo,8000
KA-SAFETY-1436,14.6000,74.9000,80,2026-10-06,synthetic_demo,8000
KA-SAFETY-1437,14.6000,75.0000,80,2026-10-06,synthetic_demo,8000
KA-SAFETY-1438,14.6000,75.1000,90,2026-10-06,synthetic_demo,8000
KA-SAFETY-1439,14.6000,75.2000,56,2026-10-06,synthetic_demo,8000
KA-SAFETY-1440,14.6000,75.3000,93,2026-10-06,synthetic_demo,8000
KA-SAFETY-1441,14.6000,75.4000,73,2026-10-06,synthetic_demo,8000
KA-SAFETY-1442,14.6000,75.5000,89,2026-10-06,synthetic_demo,8000
KA-SAFETY-1443,14.6000,75.6000,64,2026-10-06,synthetic_demo,8000
KA-SAFETY-1444,14.6000,75.7000,32,2026-10-06,synthetic_demo,8000
KA-SAFETY-1445,14.6000,75.8000,41,2026-10-06,synthetic_demo,8000
KA-SAFETY-1446,14.6000,75.9000,28,2026-10-06,synthetic_demo,8000
KA-SAFETY-1447,14.6000,76.0000,24,2026-10-06,synthetic_demo,8000
KA-SAFETY-1448,14.6000,76.1000,82,2026-10-06,synthetic_demo,8000
KA-SAFETY-1449,14.6000,76.2000,23,2026-10-06,synthetic_demo,8000
KA-SAFETY-1450,14.6000,76.3000,17,2026-10-06,synthetic_demo,8000
KA-SAFETY-1451,14.6000,76.4000,67,2026-10-06,synthetic_demo,8000
KA-SAFETY-1452,14.6000,76.5000,76,2026-10-06,synthetic_demo,8000
KA-SAFETY-1453,14.6000,76.6000,78,2026-10-06,synthetic_demo,8000
KA-SAFETY-1454,14.6000,76.7000,33,2026-10-06,synthetic_demo,8000
KA-SAFETY-1455,14.6000,76.8000,61,2026-10-06,synthetic_demo,8000
KA-SAFETY-1456,14.6000,76.9000,55,2026-10-06,synthetic_demo,8000
KA-SAFETY-1457,14.6000,77.0000,35,2026-10-06,synthetic_demo,8000
KA-SAFETY-1458,14.6000,77.1000,21,2026-10-06,synthetic_demo,8000
KA-SAFETY-1459,14.6000,77.2000,71,2026-10-06,synthetic_demo,8000
KA-SAFETY-1460,14.6000,77.3000,54,2026-10-06,synthetic_demo,8000
KA-SAFETY-1461,14.6000,77.4000,59,2026-10-06,synthetic_demo,8000
KA-SAFETY-1462,14.6000,77.5000,26,2026-10-06,synthetic_demo,8000
KA-SAFETY-1463,14.6000,77.6000,89,2026-10-06,synthetic_demo,8000
KA-SAFETY-1464,14.6000,77.7000,54,2026-10-06,synthetic_demo,8000
KA-SAFETY-1465,14.6000,77.8000,21,2026-10-06,synthetic_demo,8000
KA-SAFETY-1466,14.6000,77.9000,75,2026-10-06,synthetic_demo,8000
KA-SAFETY-1467,14.6000,78.0000,35,2026-10-06,synthetic_demo,8000
KA-SAFETY-1468,14.6000,78.1000,69,2026-10-06,synthetic_demo,8000
KA-SAFETY-1469,14.6000,78.2000,73,2026-10-06,synthetic_demo,8000
KA-SAFETY-1470,14.6000,78.3000,43,2026-10-06,synthetic_demo,8000
KA-SAFETY-1471,14.6000,78.4000,26,2026-10-06,synthetic_demo,8000
KA-SAFETY-1472,14.6000,78.5000,21,2026-10-06,synthetic_demo,8000
KA-SAFETY-1473,14.7000,74.0000,53,2026-10-06,synthetic_demo,8000
KA-SAFETY-1474,14.7000,74.1000,35,2026-10-06,synthetic_demo,8000
KA-SAFETY-1475,14.7000,74.2000,82,2026-10-06,synthetic_demo,8000
KA-SAFETY-1476,14.7000,74.3000,58,2026-10-06,synthetic_demo,8000
KA-SAFETY-1477,14.7000,74.4000,36,2026-10-06,synthetic_demo,8000
KA-SAFETY-1478,14.7000,74.5000,89,2026-10-06,synthetic_demo,8000
KA-SAFETY-1479,14.7000,74.6000,46,2026-10-06,synthetic_demo,8000
KA-SAFETY-1480,14.7000,74.7000,28,2026-10-06,synthetic_demo,8000
KA-SAFETY-1481,14.7000,74.8000,40,2026-10-06,synthetic_demo,8000
KA-SAFETY-1482,14.7000,74.9000,50,2026-10-06,synthetic_demo,8000
KA-SAFETY-1483,14.7000,75.0000,90,2026-10-06,synthetic_demo,8000
KA-SAFETY-1484,14.7000,75.1000,43,2026-10-06,synthetic_demo,8000
KA-SAFETY-1485,14.7000,75.2000,77,2026-10-06,synthetic_demo,8000
KA-SAFETY-1486,14.7000,75.3000,18,2026-10-06,synthetic_demo,8000
KA-SAFETY-1487,14.7000,75.4000,43,2026-10-06,synthetic_demo,8000
KA-SAFETY-1488,14.7000,75.5000,86,2026-10-06,synthetic_demo,8000
KA-SAFETY-1489,14.7000,75.6000,25,2026-10-06,synthetic_demo,8000
KA-SAFETY-1490,14.7000,75.7000,42,2026-10-06,synthetic_demo,8000
KA-SAFETY-1491,14.7000,75.8000,26,2026-10-06,synthetic_demo,8000
KA-SAFETY-1492,14.7000,75.9000,44,2026-10-06,synthetic_demo,8000
KA-SAFETY-1493,14.7000,76.0000,17,2026-10-06,synthetic_demo,8000
KA-SAFETY-1494,14.7000,76.1000,89,2026-10-06,synthetic_demo,8000
KA-SAFETY-1495,14.7000,76.2000,52,2026-10-06,synthetic_demo,8000
KA-SAFETY-1496,14.7000,76.3000,95,2026-10-06,synthetic_demo,8000
KA-SAFETY-1497,14.7000,76.4000,18,2026-10-06,synthetic_demo,8000
KA-SAFETY-1498,14.7000,76.5000,53,2026-10-06,synthetic_demo,8000
KA-SAFETY-1499,14.7000,76.6000,67,2026-10-06,synthetic_demo,8000
KA-SAFETY-1500,14.7000,76.7000,65,2026-10-06,synthetic_demo,8000
KA-SAFETY-1501,14.7000,76.8000,52,2026-10-06,synthetic_demo,8000
KA-SAFETY-1502,14.7000,76.9000,50,2026-10-06,synthetic_demo,8000
KA-SAFETY-1503,14.7000,77.0000,31,2026-10-06,synthetic_demo,8000
KA-SAFETY-1504,14.7000,77.1000,38,2026-10-06,synthetic_demo,8000
KA-SAFETY-1505,14.7000,77.2000,88,2026-10-06,synthetic_demo,8000
KA-SAFETY-1506,14.7000,77.3000,64,2026-10-06,synthetic_demo,8000
KA-SAFETY-1507,14.7000,77.4000,30,2026-10-06,synthetic_demo,8000
KA-SAFETY-1508,14.7000,77.5000,30,2026-10-06,synthetic_demo,8000
KA-SAFETY-1509,14.7000,77.6000,55,2026-10-06,synthetic_demo,8000
KA-SAFETY-1510,14.7000,77.7000,30,2026-10-06,synthetic_demo,8000
KA-SAFETY-1511,14.7000,77.8000,66,2026-10-06,synthetic_demo,8000
KA-SAFETY-1512,14.7000,77.9000,58,2026-10-06,synthetic_demo,8000
KA-SAFETY-1513,14.7000,78.0000,20,2026-10-06,synthetic_demo,8000
KA-SAFETY-1514,14.7000,78.1000,65,2026-10-06,synthetic_demo,8000
KA-SAFETY-1515,14.7000,78.2000,44,2026-10-06,synthetic_demo,8000
KA-SAFETY-1516,14.7000,78.3000,64,2026-10-06,synthetic_demo,8000
KA-SAFETY-1517,14.7000,78.4000,23,2026-10-06,synthetic_demo,8000
KA-SAFETY-1518,14.7000,78.5000,32,2026-10-06,synthetic_demo,8000
KA-SAFETY-1519,14.8000,74.0000,85,2026-10-06,synthetic_demo,8000
KA-SAFETY-1520,14.8000,74.1000,25,2026-10-06,synthetic_demo,8000
KA-SAFETY-1521,14.8000,74.2000,18,2026-10-06,synthetic_demo,8000
KA-SAFETY-1522,14.8000,74.3000,61,2026-10-06,synthetic_demo,8000
KA-SAFETY-1523,14.8000,74.4000,45,2026-10-06,synthetic_demo,8000
KA-SAFETY-1524,14.8000,74.5000,91,2026-10-06,synthetic_demo,8000
KA-SAFETY-1525,14.8000,74.6000,85,2026-10-06,synthetic_demo,8000
KA-SAFETY-1526,14.8000,74.7000,16,2026-10-06,synthetic_demo,8000
KA-SAFETY-1527,14.8000,74.8000,41,2026-10-06,synthetic_demo,8000
KA-SAFETY-1528,14.8000,74.9000,24,2026-10-06,synthetic_demo,8000
KA-SAFETY-1529,14.8000,75.0000,28,2026-10-06,synthetic_demo,8000
KA-SAFETY-1530,14.8000,75.1000,95,2026-10-06,synthetic_demo,8000
KA-SAFETY-1531,14.8000,75.2000,24,2026-10-06,synthetic_demo,8000
KA-SAFETY-1532,14.8000,75.3000,34,2026-10-06,synthetic_demo,8000
KA-SAFETY-1533,14.8000,75.4000,36,2026-10-06,synthetic_demo,8000
KA-SAFETY-1534,14.8000,75.5000,87,2026-10-06,synthetic_demo,8000
KA-SAFETY-1535,14.8000,75.6000,49,2026-10-06,synthetic_demo,8000
KA-SAFETY-1536,14.8000,75.7000,38,2026-10-06,synthetic_demo,8000
KA-SAFETY-1537,14.8000,75.8000,52,2026-10-06,synthetic_demo,8000
KA-SAFETY-1538,14.8000,75.9000,83,2026-10-06,synthetic_demo,8000
KA-SAFETY-1539,14.8000,76.0000,31,2026-10-06,synthetic_demo,8000
KA-SAFETY-1540,14.8000,76.1000,83,2026-10-06,synthetic_demo,8000
KA-SAFETY-1541,14.8000,76.2000,92,2026-10-06,synthetic_demo,8000
KA-SAFETY-1542,14.8000,76.3000,67,2026-10-06,synthetic_demo,8000
KA-SAFETY-1543,14.8000,76.4000,92,2026-10-06,synthetic_demo,8000
KA-SAFETY-1544,14.8000,76.5000,73,2026-10-06,synthetic_demo,8000
KA-SAFETY-1545,14.8000,76.6000,66,2026-10-06,synthetic_demo,8000
KA-SAFETY-1546,14.8000,76.7000,31,2026-10-06,synthetic_demo,8000
KA-SAFETY-1547,14.8000,76.8000,30,2026-10-06,synthetic_demo,8000
KA-SAFETY-1548,14.8000,76.9000,95,2026-10-06,synthetic_demo,8000
KA-SAFETY-1549,14.8000,77.0000,20,2026-10-06,synthetic_demo,8000
KA-SAFETY-1550,14.8000,77.1000,66,2026-10-06,synthetic_demo,8000
KA-SAFETY-1551,14.8000,77.2000,75,2026-10-06,synthetic_demo,8000
KA-SAFETY-1552,14.8000,77.3000,47,2026-10-06,synthetic_demo,8000
KA-SAFETY-1553,14.8000,77.4000,40,2026-10-06,synthetic_demo,8000
KA-SAFETY-1554,14.8000,77.5000,15,2026-10-06,synthetic_demo,8000
KA-SAFETY-1555,14.8000,77.6000,48,2026-10-06,synthetic_demo,8000
KA-SAFETY-1556,14.8000,77.7000,95,2026-10-06,synthetic_demo,8000
KA-SAFETY-1557,14.8000,77.8000,18,2026-10-06,synthetic_demo,8000
KA-SAFETY-1558,14.8000,77.9000,69,2026-10-06,synthetic_demo,8000
KA-SAFETY-1559,14.8000,78.0000,85,2026-10-06,synthetic_demo,8000
KA-SAFETY-1560,14.8000,78.1000,29,2026-10-06,synthetic_demo,8000
KA-SAFETY-1561,14.8000,78.2000,49,2026-10-06,synthetic_demo,8000
KA-SAFETY-1562,14.8000,78.3000,85,2026-10-06,synthetic_demo,8000
KA-SAFETY-1563,14.8000,78.4000,16,2026-10-06,synthetic_demo,8000
KA-SAFETY-1564,14.8000,78.5000,52,2026-10-06,synthetic_demo,8000
KA-SAFETY-1565,14.9000,74.0000,65,2026-10-06,synthetic_demo,8000
KA-SAFETY-1566,14.9000,74.1000,83,2026-10-06,synthetic_demo,8000
KA-SAFETY-1567,14.9000,74.2000,50,2026-10-06,synthetic_demo,8000
KA-SAFETY-1568,14.9000,74.3000,26,2026-10-06,synthetic_demo,8000
KA-SAFETY-1569,14.9000,74.4000,79,2026-10-06,synthetic_demo,8000
KA-SAFETY-1570,14.9000,74.5000,28,2026-10-06,synthetic_demo,8000
KA-SAFETY-1571,14.9000,74.6000,53,2026-10-06,synthetic_demo,8000
KA-SAFETY-1572,14.9000,74.7000,18,2026-10-06,synthetic_demo,8000
KA-SAFETY-1573,14.9000,74.8000,83,2026-10-06,synthetic_demo,8000
KA-SAFETY-1574,14.9000,74.9000,54,2026-10-06,synthetic_demo,8000
KA-SAFETY-1575,14.9000,75.0000,19,2026-10-06,synthetic_demo,8000
KA-SAFETY-1576,14.9000,75.1000,85,2026-10-06,synthetic_demo,8000
KA-SAFETY-1577,14.9000,75.2000,33,2026-10-06,synthetic_demo,8000
KA-SAFETY-1578,14.9000,75.3000,40,2026-10-06,synthetic_demo,8000
KA-SAFETY-1579,14.9000,75.4000,56,2026-10-06,synthetic_demo,8000
KA-SAFETY-1580,14.9000,75.5000,57,2026-10-06,synthetic_demo,8000
KA-SAFETY-1581,14.9000,75.6000,95,2026-10-06,synthetic_demo,8000
KA-SAFETY-1582,14.9000,75.7000,95,2026-10-06,synthetic_demo,8000
KA-SAFETY-1583,14.9000,75.8000,34,2026-10-06,synthetic_demo,8000
KA-SAFETY-1584,14.9000,75.9000,62,2026-10-06,synthetic_demo,8000
KA-SAFETY-1585,14.9000,76.0000,68,2026-10-06,synthetic_demo,8000
KA-SAFETY-1586,14.9000,76.1000,15,2026-10-06,synthetic_demo,8000
KA-SAFETY-1587,14.9000,76.2000,83,2026-10-06,synthetic_demo,8000
KA-SAFETY-1588,14.9000,76.3000,64,2026-10-06,synthetic_demo,8000
KA-SAFETY-1589,14.9000,76.4000,95,2026-10-06,synthetic_demo,8000
KA-SAFETY-1590,14.9000,76.5000,16,2026-10-06,synthetic_demo,8000
KA-SAFETY-1591,14.9000,76.6000,23,2026-10-06,synthetic_demo,8000
KA-SAFETY-1592,14.9000,76.7000,94,2026-10-06,synthetic_demo,8000
KA-SAFETY-1593,14.9000,76.8000,80,2026-10-06,synthetic_demo,8000
KA-SAFETY-1594,14.9000,76.9000,74,2026-10-06,synthetic_demo,8000
KA-SAFETY-1595,14.9000,77.0000,74,2026-10-06,synthetic_demo,8000
KA-SAFETY-1596,14.9000,77.1000,44,2026-10-06,synthetic_demo,8000
KA-SAFETY-1597,14.9000,77.2000,47,2026-10-06,synthetic_demo,8000
KA-SAFETY-1598,14.9000,77.3000,50,2026-10-06,synthetic_demo,8000
KA-SAFETY-1599,14.9000,77.4000,83,2026-10-06,synthetic_demo,8000
KA-SAFETY-1600,14.9000,77.5000,59,2026-10-06,synthetic_demo,8000
KA-SAFETY-1601,14.9000,77.6000,45,2026-10-06,synthetic_demo,8000
KA-SAFETY-1602,14.9000,77.7000,91,2026-10-06,synthetic_demo,8000
KA-SAFETY-1603,14.9000,77.8000,27,2026-10-06,synthetic_demo,8000
KA-SAFETY-1604,14.9000,77.9000,68,2026-10-06,synthetic_demo,8000
KA-SAFETY-1605,14.9000,78.0000,66,2026-10-06,synthetic_demo,8000
KA-SAFETY-1606,14.9000,78.1000,53,2026-10-06,synthetic_demo,8000
KA-SAFETY-1607,14.9000,78.2000,59,2026-10-06,synthetic_demo,8000
KA-SAFETY-1608,14.9000,78.3000,21,2026-10-06,synthetic_demo,8000
KA-SAFETY-1609,14.9000,78.4000,57,2026-10-06,synthetic_demo,8000
KA-SAFETY-1610,14.9000,78.5000,17,2026-10-06,synthetic_demo,8000
KA-SAFETY-1611,15.0000,74.0000,46,2026-10-06,synthetic_demo,8000
KA-SAFETY-1612,15.0000,74.1000,62,2026-10-06,synthetic_demo,8000
KA-SAFETY-1613,15.0000,74.2000,40,2026-10-06,synthetic_demo,8000
KA-SAFETY-1614,15.0000,74.3000,22,2026-10-06,synthetic_demo,8000
KA-SAFETY-1615,15.0000,74.4000,57,2026-10-06,synthetic_demo,8000
KA-SAFETY-1616,15.0000,74.5000,92,2026-10-06,synthetic_demo,8000
KA-SAFETY-1617,15.0000,74.6000,19,2026-10-06,synthetic_demo,8000
KA-SAFETY-1618,15.0000,74.7000,43,2026-10-06,synthetic_demo,8000
KA-SAFETY-1619,15.0000,74.8000,35,2026-10-06,synthetic_demo,8000
KA-SAFETY-1620,15.0000,74.9000,49,2026-10-06,synthetic_demo,8000
KA-SAFETY-1621,15.0000,75.0000,77,2026-10-06,synthetic_demo,8000
KA-SAFETY-1622,15.0000,75.1000,54,2026-10-06,synthetic_demo,8000
KA-SAFETY-1623,15.0000,75.2000,23,2026-10-06,synthetic_demo,8000
KA-SAFETY-1624,15.0000,75.3000,34,2026-10-06,synthetic_demo,8000
KA-SAFETY-1625,15.0000,75.4000,64,2026-10-06,synthetic_demo,8000
KA-SAFETY-1626,15.0000,75.5000,28,2026-10-06,synthetic_demo,8000
KA-SAFETY-1627,15.0000,75.6000,65,2026-10-06,synthetic_demo,8000
KA-SAFETY-1628,15.0000,75.7000,61,2026-10-06,synthetic_demo,8000
KA-SAFETY-1629,15.0000,75.8000,53,2026-10-06,synthetic_demo,8000
KA-SAFETY-1630,15.0000,75.9000,75,2026-10-06,synthetic_demo,8000
KA-SAFETY-1631,15.0000,76.0000,71,2026-10-06,synthetic_demo,8000
KA-SAFETY-1632,15.0000,76.1000,36,2026-10-06,synthetic_demo,8000
KA-SAFETY-1633,15.0000,76.2000,50,2026-10-06,synthetic_demo,8000
KA-SAFETY-1634,15.0000,76.3000,93,2026-10-06,synthetic_demo,8000
KA-SAFETY-1635,15.0000,76.4000,49,2026-10-06,synthetic_demo,8000
KA-SAFETY-1636,15.0000,76.5000,88,2026-10-06,synthetic_demo,8000
KA-SAFETY-1637,15.0000,76.6000,42,2026-10-06,synthetic_demo,8000
KA-SAFETY-1638,15.0000,76.7000,69,2026-10-06,synthetic_demo,8000
KA-SAFETY-1639,15.0000,76.8000,31,2026-10-06,synthetic_demo,8000
KA-SAFETY-1640,15.0000,76.9000,51,2026-10-06,synthetic_demo,8000
KA-SAFETY-1641,15.0000,77.0000,87,2026-10-06,synthetic_demo,8000
KA-SAFETY-1642,15.0000,77.1000,49,2026-10-06,synthetic_demo,8000
KA-SAFETY-1643,15.0000,77.2000,62,2026-10-06,synthetic_demo,8000
KA-SAFETY-1644,15.0000,77.3000,45,2026-10-06,synthetic_demo,8000
KA-SAFETY-1645,15.0000,77.4000,26,2026-10-06,synthetic_demo,8000
KA-SAFETY-1646,15.0000,77.5000,40,2026-10-06,synthetic_demo,8000
KA-SAFETY-1647,15.0000,77.6000,58,2026-10-06,synthetic_demo,8000
KA-SAFETY-1648,15.0000,77.7000,28,2026-10-06,synthetic_demo,8000
KA-SAFETY-1649,15.0000,77.8000,36,2026-10-06,synthetic_demo,8000
KA-SAFETY-1650,15.0000,77.9000,29,2026-10-06,synthetic_demo,8000
KA-SAFETY-1651,15.0000,78.0000,95,2026-10-06,synthetic_demo,8000
KA-SAFETY-1652,15.0000,78.1000,28,2026-10-06,synthetic_demo,8000
KA-SAFETY-1653,15.0000,78.2000,93,2026-10-06,synthetic_demo,8000
KA-SAFETY-1654,15.0000,78.3000,54,2026-10-06,synthetic_demo,8000
KA-SAFETY-1655,15.0000,78.4000,50,2026-10-06,synthetic_demo,8000
KA-SAFETY-1656,15.0000,78.5000,30,2026-10-06,synthetic_demo,8000
KA-SAFETY-1657,15.1000,74.0000,56,2026-10-06,synthetic_demo,8000
KA-SAFETY-1658,15.1000,74.1000,43,2026-10-06,synthetic_demo,8000
KA-SAFETY-1659,15.1000,74.2000,75,2026-10-06,synthetic_demo,8000
KA-SAFETY-1660,15.1000,74.3000,57,2026-10-06,synthetic_demo,8000
KA-SAFETY-1661,15.1000,74.4000,79,2026-10-06,synthetic_demo,8000
KA-SAFETY-1662,15.1000,74.5000,69,2026-10-06,synthetic_demo,8000
KA-SAFETY-1663,15.1000,74.6000,82,2026-10-06,synthetic_demo,8000
KA-SAFETY-1664,15.1000,74.7000,38,2026-10-06,synthetic_demo,8000
KA-SAFETY-1665,15.1000,74.8000,40,2026-10-06,synthetic_demo,8000
KA-SAFETY-1666,15.1000,74.9000,33,2026-10-06,synthetic_demo,8000
KA-SAFETY-1667,15.1000,75.0000,24,2026-10-06,synthetic_demo,8000
KA-SAFETY-1668,15.1000,75.1000,37,2026-10-06,synthetic_demo,8000
KA-SAFETY-1669,15.1000,75.2000,74,2026-10-06,synthetic_demo,8000
KA-SAFETY-1670,15.1000,75.3000,44,2026-10-06,synthetic_demo,8000
KA-SAFETY-1671,15.1000,75.4000,41,2026-10-06,synthetic_demo,8000
KA-SAFETY-1672,15.1000,75.5000,55,2026-10-06,synthetic_demo,8000
KA-SAFETY-1673,15.1000,75.6000,59,2026-10-06,synthetic_demo,8000
KA-SAFETY-1674,15.1000,75.7000,30,2026-10-06,synthetic_demo,8000
KA-SAFETY-1675,15.1000,75.8000,81,2026-10-06,synthetic_demo,8000
KA-SAFETY-1676,15.1000,75.9000,94,2026-10-06,synthetic_demo,8000
KA-SAFETY-1677,15.1000,76.0000,79,2026-10-06,synthetic_demo,8000
KA-SAFETY-1678,15.1000,76.1000,91,2026-10-06,synthetic_demo,8000
KA-SAFETY-1679,15.1000,76.2000,87,2026-10-06,synthetic_demo,8000
KA-SAFETY-1680,15.1000,76.3000,53,2026-10-06,synthetic_demo,8000
KA-SAFETY-1681,15.1000,76.4000,91,2026-10-06,synthetic_demo,8000
KA-SAFETY-1682,15.1000,76.5000,77,2026-10-06,synthetic_demo,8000
KA-SAFETY-1683,15.1000,76.6000,36,2026-10-06,synthetic_demo,8000
KA-SAFETY-1684,15.1000,76.7000,27,2026-10-06,synthetic_demo,8000
KA-SAFETY-1685,15.1000,76.8000,25,2026-10-06,synthetic_demo,8000
KA-SAFETY-1686,15.1000,76.9000,44,2026-10-06,synthetic_demo,8000
KA-SAFETY-1687,15.1000,77.0000,36,2026-10-06,synthetic_demo,8000
KA-SAFETY-1688,15.1000,77.1000,93,2026-10-06,synthetic_demo,8000
KA-SAFETY-1689,15.1000,77.2000,58,2026-10-06,synthetic_demo,8000
KA-SAFETY-1690,15.1000,77.3000,74,2026-10-06,synthetic_demo,8000
KA-SAFETY-1691,15.1000,77.4000,63,2026-10-06,synthetic_demo,8000
KA-SAFETY-1692,15.1000,77.5000,69,2026-10-06,synthetic_demo,8000
KA-SAFETY-1693,15.1000,77.6000,86,2026-10-06,synthetic_demo,8000
KA-SAFETY-1694,15.1000,77.7000,76,2026-10-06,synthetic_demo,8000
KA-SAFETY-1695,15.1000,77.8000,22,2026-10-06,synthetic_demo,8000
KA-SAFETY-1696,15.1000,77.9000,91,2026-10-06,synthetic_demo,8000
KA-SAFETY-1697,15.1000,78.0000,57,2026-10-06,synthetic_demo,8000
KA-SAFETY-1698,15.1000,78.1000,48,2026-10-06,synthetic_demo,8000
KA-SAFETY-1699,15.1000,78.2000,64,2026-10-06,synthetic_demo,8000
KA-SAFETY-1700,15.1000,78.3000,78,2026-10-06,synthetic_demo,8000
KA-SAFETY-1701,15.1000,78.4000,36,2026-10-06,synthetic_demo,8000
KA-SAFETY-1702,15.1000,78.5000,51,2026-10-06,synthetic_demo,8000
KA-SAFETY-1703,15.2000,74.0000,23,2026-10-06,synthetic_demo,8000
KA-SAFETY-1704,15.2000,74.1000,19,2026-10-06,synthetic_demo,8000
KA-SAFETY-1705,15.2000,74.2000,20,2026-10-06,synthetic_demo,8000
KA-SAFETY-1706,15.2000,74.3000,73,2026-10-06,synthetic_demo,8000
KA-SAFETY-1707,15.2000,74.4000,58,2026-10-06,synthetic_demo,8000
KA-SAFETY-1708,15.2000,74.5000,89,2026-10-06,synthetic_demo,8000
KA-SAFETY-1709,15.2000,74.6000,93,2026-10-06,synthetic_demo,8000
KA-SAFETY-1710,15.2000,74.7000,60,2026-10-06,synthetic_demo,8000
KA-SAFETY-1711,15.2000,74.8000,23,2026-10-06,synthetic_demo,8000
KA-SAFETY-1712,15.2000,74.9000,88,2026-10-06,synthetic_demo,8000
KA-SAFETY-1713,15.2000,75.0000,95,2026-10-06,synthetic_demo,8000
KA-SAFETY-1714,15.2000,75.1000,21,2026-10-06,synthetic_demo,8000
KA-SAFETY-1715,15.2000,75.2000,37,2026-10-06,synthetic_demo,8000
KA-SAFETY-1716,15.2000,75.3000,25,2026-10-06,synthetic_demo,8000
KA-SAFETY-1717,15.2000,75.4000,26,2026-10-06,synthetic_demo,8000
KA-SAFETY-1718,15.2000,75.5000,75,2026-10-06,synthetic_demo,8000
KA-SAFETY-1719,15.2000,75.6000,90,2026-10-06,synthetic_demo,8000
KA-SAFETY-1720,15.2000,75.7000,47,2026-10-06,synthetic_demo,8000
KA-SAFETY-1721,15.2000,75.8000,52,2026-10-06,synthetic_demo,8000
KA-SAFETY-1722,15.2000,75.9000,34,2026-10-06,synthetic_demo,8000
KA-SAFETY-1723,15.2000,76.0000,20,2026-10-06,synthetic_demo,8000
KA-SAFETY-1724,15.2000,76.1000,46,2026-10-06,synthetic_demo,8000
KA-SAFETY-1725,15.2000,76.2000,86,2026-10-06,synthetic_demo,8000
KA-SAFETY-1726,15.2000,76.3000,27,2026-10-06,synthetic_demo,8000
KA-SAFETY-1727,15.2000,76.4000,33,2026-10-06,synthetic_demo,8000
KA-SAFETY-1728,15.2000,76.5000,41,2026-10-06,synthetic_demo,8000
KA-SAFETY-1729,15.2000,76.6000,77,2026-10-06,synthetic_demo,8000
KA-SAFETY-1730,15.2000,76.7000,51,2026-10-06,synthetic_demo,8000
KA-SAFETY-1731,15.2000,76.8000,69,2026-10-06,synthetic_demo,8000
KA-SAFETY-1732,15.2000,76.9000,23,2026-10-06,synthetic_demo,8000
KA-SAFETY-1733,15.2000,77.0000,67,2026-10-06,synthetic_demo,8000
KA-SAFETY-1734,15.2000,77.1000,56,2026-10-06,synthetic_demo,8000
KA-SAFETY-1735,15.2000,77.2000,90,2026-10-06,synthetic_demo,8000
KA-SAFETY-1736,15.2000,77.3000,53,2026-10-06,synthetic_demo,8000
KA-SAFETY-1737,15.2000,77.4000,90,2026-10-06,synthetic_demo,8000
KA-SAFETY-1738,15.2000,77.5000,83,2026-10-06,synthetic_demo,8000
KA-SAFETY-1739,15.2000,77.6000,76,2026-10-06,synthetic_demo,8000
KA-SAFETY-1740,15.2000,77.7000,69,2026-10-06,synthetic_demo,8000
KA-SAFETY-1741,15.2000,77.8000,52,2026-10-06,synthetic_demo,8000
KA-SAFETY-1742,15.2000,77.9000,72,2026-10-06,synthetic_demo,8000
KA-SAFETY-1743,15.2000,78.0000,61,2026-10-06,synthetic_demo,8000
KA-SAFETY-1744,15.2000,78.1000,64,2026-10-06,synthetic_demo,8000
KA-SAFETY-1745,15.2000,78.2000,34,2026-10-06,synthetic_demo,8000
KA-SAFETY-1746,15.2000,78.3000,94,2026-10-06,synthetic_demo,8000
KA-SAFETY-1747,15.2000,78.4000,31,2026-10-06,synthetic_demo,8000
KA-SAFETY-1748,15.2000,78.5000,72,2026-10-06,synthetic_demo,8000
KA-SAFETY-1749,15.3000,74.0000,85,2026-10-06,synthetic_demo,8000
KA-SAFETY-1750,15.3000,74.1000,21,2026-10-06,synthetic_demo,8000
KA-SAFETY-1751,15.3000,74.2000,18,2026-10-06,synthetic_demo,8000
KA-SAFETY-1752,15.3000,74.3000,48,2026-10-06,synthetic_demo,8000
KA-SAFETY-1753,15.3000,74.4000,77,2026-10-06,synthetic_demo,8000
KA-SAFETY-1754,15.3000,74.5000,15,2026-10-06,synthetic_demo,8000
KA-SAFETY-1755,15.3000,74.6000,39,2026-10-06,synthetic_demo,8000
KA-SAFETY-1756,15.3000,74.7000,34,2026-10-06,synthetic_demo,8000
KA-SAFETY-1757,15.3000,74.8000,40,2026-10-06,synthetic_demo,8000
KA-SAFETY-1758,15.3000,74.9000,86,2026-10-06,synthetic_demo,8000
KA-SAFETY-1759,15.3000,75.0000,55,2026-10-06,synthetic_demo,8000
KA-SAFETY-1760,15.3000,75.1000,48,2026-10-06,synthetic_demo,8000
KA-SAFETY-1761,15.3000,75.2000,27,2026-10-06,synthetic_demo,8000
KA-SAFETY-1762,15.3000,75.3000,25,2026-10-06,synthetic_demo,8000
KA-SAFETY-1763,15.3000,75.4000,28,2026-10-06,synthetic_demo,8000
KA-SAFETY-1764,15.3000,75.5000,94,2026-10-06,synthetic_demo,8000
KA-SAFETY-1765,15.3000,75.6000,27,2026-10-06,synthetic_demo,8000
KA-SAFETY-1766,15.3000,75.7000,56,2026-10-06,synthetic_demo,8000
KA-SAFETY-1767,15.3000,75.8000,68,2026-10-06,synthetic_demo,8000
KA-SAFETY-1768,15.3000,75.9000,26,2026-10-06,synthetic_demo,8000
KA-SAFETY-1769,15.3000,76.0000,63,2026-10-06,synthetic_demo,8000
KA-SAFETY-1770,15.3000,76.1000,61,2026-10-06,synthetic_demo,8000
KA-SAFETY-1771,15.3000,76.2000,21,2026-10-06,synthetic_demo,8000
KA-SAFETY-1772,15.3000,76.3000,46,2026-10-06,synthetic_demo,8000
KA-SAFETY-1773,15.3000,76.4000,67,2026-10-06,synthetic_demo,8000
KA-SAFETY-1774,15.3000,76.5000,93,2026-10-06,synthetic_demo,8000
KA-SAFETY-1775,15.3000,76.6000,63,2026-10-06,synthetic_demo,8000
KA-SAFETY-1776,15.3000,76.7000,45,2026-10-06,synthetic_demo,8000
KA-SAFETY-1777,15.3000,76.8000,95,2026-10-06,synthetic_demo,8000
KA-SAFETY-1778,15.3000,76.9000,16,2026-10-06,synthetic_demo,8000
KA-SAFETY-1779,15.3000,77.0000,26,2026-10-06,synthetic_demo,8000
KA-SAFETY-1780,15.3000,77.1000,20,2026-10-06,synthetic_demo,8000
KA-SAFETY-1781,15.3000,77.2000,27,2026-10-06,synthetic_demo,8000
KA-SAFETY-1782,15.3000,77.3000,27,2026-10-06,synthetic_demo,8000
KA-SAFETY-1783,15.3000,77.4000,88,2026-10-06,synthetic_demo,8000
KA-SAFETY-1784,15.3000,77.5000,35,2026-10-06,synthetic_demo,8000
KA-SAFETY-1785,15.3000,77.6000,84,2026-10-06,synthetic_demo,8000
KA-SAFETY-1786,15.3000,77.7000,60,2026-10-06,synthetic_demo,8000
KA-SAFETY-1787,15.3000,77.8000,48,2026-10-06,synthetic_demo,8000
KA-SAFETY-1788,15.3000,77.9000,52,2026-10-06,synthetic_demo,8000
KA-SAFETY-1789,15.3000,78.0000,61,2026-10-06,synthetic_demo,8000
KA-SAFETY-1790,15.3000,78.1000,74,2026-10-06,synthetic_demo,8000
KA-SAFETY-1791,15.3000,78.2000,30,2026-10-06,synthetic_demo,8000
KA-SAFETY-1792,15.3000,78.3000,83,2026-10-06,synthetic_demo,8000
KA-SAFETY-1793,15.3000,78.4000,61,2026-10-06,synthetic_demo,8000
KA-SAFETY-1794,15.3000,78.5000,29,2026-10-06,synthetic_demo,8000
KA-SAFETY-1795,15.4000,74.0000,52,2026-10-06,synthetic_demo,8000
KA-SAFETY-1796,15.4000,74.1000,55,2026-10-06,synthetic_demo,8000
KA-SAFETY-1797,15.4000,74.2000,92,2026-10-06,synthetic_demo,8000
KA-SAFETY-1798,15.4000,74.3000,21,2026-10-06,synthetic_demo,8000
KA-SAFETY-1799,15.4000,74.4000,94,2026-10-06,synthetic_demo,8000
KA-SAFETY-1800,15.4000,74.5000,15,2026-10-06,synthetic_demo,8000
KA-SAFETY-1801,15.4000,74.6000,83,2026-10-06,synthetic_demo,8000
KA-SAFETY-1802,15.4000,74.7000,76,2026-10-06,synthetic_demo,8000
KA-SAFETY-1803,15.4000,74.8000,61,2026-10-06,synthetic_demo,8000
KA-SAFETY-1804,15.4000,74.9000,87,2026-10-06,synthetic_demo,8000
KA-SAFETY-1805,15.4000,75.0000,88,2026-10-06,synthetic_demo,8000
KA-SAFETY-1806,15.4000,75.1000,69,2026-10-06,synthetic_demo,8000
KA-SAFETY-1807,15.4000,75.2000,70,2026-10-06,synthetic_demo,8000
KA-SAFETY-1808,15.4000,75.3000,81,2026-10-06,synthetic_demo,8000
KA-SAFETY-1809,15.4000,75.4000,53,2026-10-06,synthetic_demo,8000
KA-SAFETY-1810,15.4000,75.5000,17,2026-10-06,synthetic_demo,8000
KA-SAFETY-1811,15.4000,75.6000,29,2026-10-06,synthetic_demo,8000
KA-SAFETY-1812,15.4000,75.7000,92,2026-10-06,synthetic_demo,8000
KA-SAFETY-1813,15.4000,75.8000,21,2026-10-06,synthetic_demo,8000
KA-SAFETY-1814,15.4000,75.9000,49,2026-10-06,synthetic_demo,8000
KA-SAFETY-1815,15.4000,76.0000,77,2026-10-06,synthetic_demo,8000
KA-SAFETY-1816,15.4000,76.1000,94,2026-10-06,synthetic_demo,8000
KA-SAFETY-1817,15.4000,76.2000,70,2026-10-06,synthetic_demo,8000
KA-SAFETY-1818,15.4000,76.3000,62,2026-10-06,synthetic_demo,8000
KA-SAFETY-1819,15.4000,76.4000,38,2026-10-06,synthetic_demo,8000
KA-SAFETY-1820,15.4000,76.5000,65,2026-10-06,synthetic_demo,8000
KA-SAFETY-1821,15.4000,76.6000,75,2026-10-06,synthetic_demo,8000
KA-SAFETY-1822,15.4000,76.7000,67,2026-10-06,synthetic_demo,8000
KA-SAFETY-1823,15.4000,76.8000,51,2026-10-06,synthetic_demo,8000
KA-SAFETY-1824,15.4000,76.9000,88,2026-10-06,synthetic_demo,8000
KA-SAFETY-1825,15.4000,77.0000,90,2026-10-06,synthetic_demo,8000
KA-SAFETY-1826,15.4000,77.1000,68,2026-10-06,synthetic_demo,8000
KA-SAFETY-1827,15.4000,77.2000,36,2026-10-06,synthetic_demo,8000
KA-SAFETY-1828,15.4000,77.3000,54,2026-10-06,synthetic_demo,8000
KA-SAFETY-1829,15.4000,77.4000,40,2026-10-06,synthetic_demo,8000
KA-SAFETY-1830,15.4000,77.5000,64,2026-10-06,synthetic_demo,8000
KA-SAFETY-1831,15.4000,77.6000,71,2026-10-06,synthetic_demo,8000
KA-SAFETY-1832,15.4000,77.7000,78,2026-10-06,synthetic_demo,8000
KA-SAFETY-1833,15.4000,77.8000,27,2026-10-06,synthetic_demo,8000
KA-SAFETY-1834,15.4000,77.9000,74,2026-10-06,synthetic_demo,8000
KA-SAFETY-1835,15.4000,78.0000,39,2026-10-06,synthetic_demo,8000
KA-SAFETY-1836,15.4000,78.1000,34,2026-10-06,synthetic_demo,8000
KA-SAFETY-1837,15.4000,78.2000,73,2026-10-06,synthetic_demo,8000
KA-SAFETY-1838,15.4000,78.3000,49,2026-10-06,synthetic_demo,8000
KA-SAFETY-1839,15.4000,78.4000,40,2026-10-06,synthetic_demo,8000
KA-SAFETY-1840,15.4000,78.5000,54,2026-10-06,synthetic_demo,8000
KA-SAFETY-1841,15.5000,74.0000,56,2026-10-06,synthetic_demo,8000
KA-SAFETY-1842,15.5000,74.1000,90,2026-10-06,synthetic_demo,8000
KA-SAFETY-1843,15.5000,74.2000,47,2026-10-06,synthetic_demo,8000
KA-SAFETY-1844,15.5000,74.3000,33,2026-10-06,synthetic_demo,8000
KA-SAFETY-1845,15.5000,74.4000,56,2026-10-06,synthetic_demo,8000
KA-SAFETY-1846,15.5000,74.5000,49,2026-10-06,synthetic_demo,8000
KA-SAFETY-1847,15.5000,74.6000,31,2026-10-06,synthetic_demo,8000
KA-SAFETY-1848,15.5000,74.7000,17,2026-10-06,synthetic_demo,8000
KA-SAFETY-1849,15.5000,74.8000,87,2026-10-06,synthetic_demo,8000
KA-SAFETY-1850,15.5000,74.9000,70,2026-10-06,synthetic_demo,8000
KA-SAFETY-1851,15.5000,75.0000,15,2026-10-06,synthetic_demo,8000
KA-SAFETY-1852,15.5000,75.1000,62,2026-10-06,synthetic_demo,8000
KA-SAFETY-1853,15.5000,75.2000,65,2026-10-06,synthetic_demo,8000
KA-SAFETY-1854,15.5000,75.3000,16,2026-10-06,synthetic_demo,8000
KA-SAFETY-1855,15.5000,75.4000,24,2026-10-06,synthetic_demo,8000
KA-SAFETY-1856,15.5000,75.5000,73,2026-10-06,synthetic_demo,8000
KA-SAFETY-1857,15.5000,75.6000,51,2026-10-06,synthetic_demo,8000
KA-SAFETY-1858,15.5000,75.7000,85,2026-10-06,synthetic_demo,8000
KA-SAFETY-1859,15.5000,75.8000,18,2026-10-06,synthetic_demo,8000
KA-SAFETY-1860,15.5000,75.9000,62,2026-10-06,synthetic_demo,8000
KA-SAFETY-1861,15.5000,76.0000,87,2026-10-06,synthetic_demo,8000
KA-SAFETY-1862,15.5000,76.1000,67,2026-10-06,synthetic_demo,8000
KA-SAFETY-1863,15.5000,76.2000,24,2026-10-06,synthetic_demo,8000
KA-SAFETY-1864,15.5000,76.3000,57,2026-10-06,synthetic_demo,8000
KA-SAFETY-1865,15.5000,76.4000,65,2026-10-06,synthetic_demo,8000
KA-SAFETY-1866,15.5000,76.5000,91,2026-10-06,synthetic_demo,8000
KA-SAFETY-1867,15.5000,76.6000,75,2026-10-06,synthetic_demo,8000
KA-SAFETY-1868,15.5000,76.7000,61,2026-10-06,synthetic_demo,8000
KA-SAFETY-1869,15.5000,76.8000,38,2026-10-06,synthetic_demo,8000
KA-SAFETY-1870,15.5000,76.9000,59,2026-10-06,synthetic_demo,8000
KA-SAFETY-1871,15.5000,77.0000,58,2026-10-06,synthetic_demo,8000
KA-SAFETY-1872,15.5000,77.1000,71,2026-10-06,synthetic_demo,8000
KA-SAFETY-1873,15.5000,77.2000,37,2026-10-06,synthetic_demo,8000
KA-SAFETY-1874,15.5000,77.3000,61,2026-10-06,synthetic_demo,8000
KA-SAFETY-1875,15.5000,77.4000,20,2026-10-06,synthetic_demo,8000
KA-SAFETY-1876,15.5000,77.5000,24,2026-10-06,synthetic_demo,8000
KA-SAFETY-1877,15.5000,77.6000,57,2026-10-06,synthetic_demo,8000
KA-SAFETY-1878,15.5000,77.7000,54,2026-10-06,synthetic_demo,8000
KA-SAFETY-1879,15.5000,77.8000,74,2026-10-06,synthetic_demo,8000
KA-SAFETY-1880,15.5000,77.9000,88,2026-10-06,synthetic_demo,8000
KA-SAFETY-1881,15.5000,78.0000,15,2026-10-06,synthetic_demo,8000
KA-SAFETY-1882,15.5000,78.1000,75,2026-10-06,synthetic_demo,8000
KA-SAFETY-1883,15.5000,78.2000,16,2026-10-06,synthetic_demo,8000
KA-SAFETY-1884,15.5000,78.3000,37,2026-10-06,synthetic_demo,8000
KA-SAFETY-1885,15.5000,78.4000,95,2026-10-06,synthetic_demo,8000
KA-SAFETY-1886,15.5000,78.5000,33,2026-10-06,synthetic_demo,8000
KA-SAFETY-1887,15.6000,74.0000,66,2026-10-06,synthetic_demo,8000
KA-SAFETY-1888,15.6000,74.1000,32,2026-10-06,synthetic_demo,8000
KA-SAFETY-1889,15.6000,74.2000,73,2026-10-06,synthetic_demo,8000
KA-SAFETY-1890,15.6000,74.3000,62,2026-10-06,synthetic_demo,8000
KA-SAFETY-1891,15.6000,74.4000,90,2026-10-06,synthetic_demo,8000
KA-SAFETY-1892,15.6000,74.5000,35,2026-10-06,synthetic_demo,8000
KA-SAFETY-1893,15.6000,74.6000,27,2026-10-06,synthetic_demo,8000
KA-SAFETY-1894,15.6000,74.7000,88,2026-10-06,synthetic_demo,8000
KA-SAFETY-1895,15.6000,74.8000,27,2026-10-06,synthetic_demo,8000
KA-SAFETY-1896,15.6000,74.9000,67,2026-10-06,synthetic_demo,8000
KA-SAFETY-1897,15.6000,75.0000,59,2026-10-06,synthetic_demo,8000
KA-SAFETY-1898,15.6000,75.1000,94,2026-10-06,synthetic_demo,8000
KA-SAFETY-1899,15.6000,75.2000,30,2026-10-06,synthetic_demo,8000
KA-SAFETY-1900,15.6000,75.3000,28,2026-10-06,synthetic_demo,8000
KA-SAFETY-1901,15.6000,75.4000,55,2026-10-06,synthetic_demo,8000
KA-SAFETY-1902,15.6000,75.5000,62,2026-10-06,synthetic_demo,8000
KA-SAFETY-1903,15.6000,75.6000,58,2026-10-06,synthetic_demo,8000
KA-SAFETY-1904,15.6000,75.7000,89,2026-10-06,synthetic_demo,8000
KA-SAFETY-1905,15.6000,75.8000,15,2026-10-06,synthetic_demo,8000
KA-SAFETY-1906,15.6000,75.9000,52,2026-10-06,synthetic_demo,8000
KA-SAFETY-1907,15.6000,76.0000,69,2026-10-06,synthetic_demo,8000
KA-SAFETY-1908,15.6000,76.1000,51,2026-10-06,synthetic_demo,8000
KA-SAFETY-1909,15.6000,76.2000,40,2026-10-06,synthetic_demo,8000
KA-SAFETY-1910,15.6000,76.3000,55,2026-10-06,synthetic_demo,8000
KA-SAFETY-1911,15.6000,76.4000,66,2026-10-06,synthetic_demo,8000
KA-SAFETY-1912,15.6000,76.5000,45,2026-10-06,synthetic_demo,8000
KA-SAFETY-1913,15.6000,76.6000,15,2026-10-06,synthetic_demo,8000
KA-SAFETY-1914,15.6000,76.7000,46,2026-10-06,synthetic_demo,8000
KA-SAFETY-1915,15.6000,76.8000,92,2026-10-06,synthetic_demo,8000
KA-SAFETY-1916,15.6000,76.9000,84,2026-10-06,synthetic_demo,8000
KA-SAFETY-1917,15.6000,77.0000,46,2026-10-06,synthetic_demo,8000
KA-SAFETY-1918,15.6000,77.1000,47,2026-10-06,synthetic_demo,8000
KA-SAFETY-1919,15.6000,77.2000,37,2026-10-06,synthetic_demo,8000
KA-SAFETY-1920,15.6000,77.3000,40,2026-10-06,synthetic_demo,8000
KA-SAFETY-1921,15.6000,77.4000,29,2026-10-06,synthetic_demo,8000
KA-SAFETY-1922,15.6000,77.5000,43,2026-10-06,synthetic_demo,8000
KA-SAFETY-1923,15.6000,77.6000,81,2026-10-06,synthetic_demo,8000
KA-SAFETY-1924,15.6000,77.7000,55,2026-10-06,synthetic_demo,8000
KA-SAFETY-1925,15.6000,77.8000,60,2026-10-06,synthetic_demo,8000
KA-SAFETY-1926,15.6000,77.9000,29,2026-10-06,synthetic_demo,8000
KA-SAFETY-1927,15.6000,78.0000,39,2026-10-06,synthetic_demo,8000
KA-SAFETY-1928,15.6000,78.1000,94,2026-10-06,synthetic_demo,8000
KA-SAFETY-1929,15.6000,78.2000,67,2026-10-06,synthetic_demo,8000
KA-SAFETY-1930,15.6000,78.3000,93,2026-10-06,synthetic_demo,8000
KA-SAFETY-1931,15.6000,78.4000,44,2026-10-06,synthetic_demo,8000
KA-SAFETY-1932,15.6000,78.5000,94,2026-10-06,synthetic_demo,8000
KA-SAFETY-1933,15.7000,74.0000,68,2026-10-06,synthetic_demo,8000
KA-SAFETY-1934,15.7000,74.1000,45,2026-10-06,synthetic_demo,8000
KA-SAFETY-1935,15.7000,74.2000,85,2026-10-06,synthetic_demo,8000
KA-SAFETY-1936,15.7000,74.3000,58,2026-10-06,synthetic_demo,8000
KA-SAFETY-1937,15.7000,74.4000,83,2026-10-06,synthetic_demo,8000
KA-SAFETY-1938,15.7000,74.5000,64,2026-10-06,synthetic_demo,8000
KA-SAFETY-1939,15.7000,74.6000,79,2026-10-06,synthetic_demo,8000
KA-SAFETY-1940,15.7000,74.7000,25,2026-10-06,synthetic_demo,8000
KA-SAFETY-1941,15.7000,74.8000,69,2026-10-06,synthetic_demo,8000
KA-SAFETY-1942,15.7000,74.9000,25,2026-10-06,synthetic_demo,8000
KA-SAFETY-1943,15.7000,75.0000,58,2026-10-06,synthetic_demo,8000
KA-SAFETY-1944,15.7000,75.1000,39,2026-10-06,synthetic_demo,8000
KA-SAFETY-1945,15.7000,75.2000,52,2026-10-06,synthetic_demo,8000
KA-SAFETY-1946,15.7000,75.3000,89,2026-10-06,synthetic_demo,8000
KA-SAFETY-1947,15.7000,75.4000,79,2026-10-06,synthetic_demo,8000
KA-SAFETY-1948,15.7000,75.5000,53,2026-10-06,synthetic_demo,8000
KA-SAFETY-1949,15.7000,75.6000,59,2026-10-06,synthetic_demo,8000
KA-SAFETY-1950,15.7000,75.7000,91,2026-10-06,synthetic_demo,8000
KA-SAFETY-1951,15.7000,75.8000,37,2026-10-06,synthetic_demo,8000
KA-SAFETY-1952,15.7000,75.9000,40,2026-10-06,synthetic_demo,8000
KA-SAFETY-1953,15.7000,76.0000,82,2026-10-06,synthetic_demo,8000
KA-SAFETY-1954,15.7000,76.1000,24,2026-10-06,synthetic_demo,8000
KA-SAFETY-1955,15.7000,76.2000,73,2026-10-06,synthetic_demo,8000
KA-SAFETY-1956,15.7000,76.3000,55,2026-10-06,synthetic_demo,8000
KA-SAFETY-1957,15.7000,76.4000,63,2026-10-06,synthetic_demo,8000
KA-SAFETY-1958,15.7000,76.5000,43,2026-10-06,synthetic_demo,8000
KA-SAFETY-1959,15.7000,76.6000,66,2026-10-06,synthetic_demo,8000
KA-SAFETY-1960,15.7000,76.7000,83,2026-10-06,synthetic_demo,8000
KA-SAFETY-1961,15.7000,76.8000,51,2026-10-06,synthetic_demo,8000
KA-SAFETY-1962,15.7000,76.9000,75,2026-10-06,synthetic_demo,8000
KA-SAFETY-1963,15.7000,77.0000,67,2026-10-06,synthetic_demo,8000
KA-SAFETY-1964,15.7000,77.1000,17,2026-10-06,synthetic_demo,8000
KA-SAFETY-1965,15.7000,77.2000,35,2026-10-06,synthetic_demo,8000
KA-SAFETY-1966,15.7000,77.3000,18,2026-10-06,synthetic_demo,8000
KA-SAFETY-1967,15.7000,77.4000,39,2026-10-06,synthetic_demo,8000
KA-SAFETY-1968,15.7000,77.5000,72,2026-10-06,synthetic_demo,8000
KA-SAFETY-1969,15.7000,77.6000,20,2026-10-06,synthetic_demo,8000
KA-SAFETY-1970,15.7000,77.7000,28,2026-10-06,synthetic_demo,8000
KA-SAFETY-1971,15.7000,77.8000,81,2026-10-06,synthetic_demo,8000
KA-SAFETY-1972,15.7000,77.9000,48,2026-10-06,synthetic_demo,8000
KA-SAFETY-1973,15.7000,78.0000,77,2026-10-06,synthetic_demo,8000
KA-SAFETY-1974,15.7000,78.1000,52,2026-10-06,synthetic_demo,8000
KA-SAFETY-1975,15.7000,78.2000,92,2026-10-06,synthetic_demo,8000
KA-SAFETY-1976,15.7000,78.3000,87,2026-10-06,synthetic_demo,8000
KA-SAFETY-1977,15.7000,78.4000,18,2026-10-06,synthetic_demo,8000
KA-SAFETY-1978,15.7000,78.5000,83,2026-10-06,synthetic_demo,8000
KA-SAFETY-1979,15.8000,74.0000,15,2026-10-06,synthetic_demo,8000
KA-SAFETY-1980,15.8000,74.1000,75,2026-10-06,synthetic_demo,8000
KA-SAFETY-1981,15.8000,74.2000,83,2026-10-06,synthetic_demo,8000
KA-SAFETY-1982,15.8000,74.3000,43,2026-10-06,synthetic_demo,8000
KA-SAFETY-1983,15.8000,74.4000,68,2026-10-06,synthetic_demo,8000
KA-SAFETY-1984,15.8000,74.5000,29,2026-10-06,synthetic_demo,8000
KA-SAFETY-1985,15.8000,74.6000,43,2026-10-06,synthetic_demo,8000
KA-SAFETY-1986,15.8000,74.7000,20,2026-10-06,synthetic_demo,8000
KA-SAFETY-1987,15.8000,74.8000,83,2026-10-06,synthetic_demo,8000
KA-SAFETY-1988,15.8000,74.9000,23,2026-10-06,synthetic_demo,8000
KA-SAFETY-1989,15.8000,75.0000,82,2026-10-06,synthetic_demo,8000
KA-SAFETY-1990,15.8000,75.1000,61,2026-10-06,synthetic_demo,8000
KA-SAFETY-1991,15.8000,75.2000,25,2026-10-06,synthetic_demo,8000
KA-SAFETY-1992,15.8000,75.3000,25,2026-10-06,synthetic_demo,8000
KA-SAFETY-1993,15.8000,75.4000,41,2026-10-06,synthetic_demo,8000
KA-SAFETY-1994,15.8000,75.5000,66,2026-10-06,synthetic_demo,8000
KA-SAFETY-1995,15.8000,75.6000,91,2026-10-06,synthetic_demo,8000
KA-SAFETY-1996,15.8000,75.7000,26,2026-10-06,synthetic_demo,8000
KA-SAFETY-1997,15.8000,75.8000,29,2026-10-06,synthetic_demo,8000
KA-SAFETY-1998,15.8000,75.9000,35,2026-10-06,synthetic_demo,8000
KA-SAFETY-1999,15.8000,76.0000,84,2026-10-06,synthetic_demo,8000
KA-SAFETY-2000,15.8000,76.1000,15,2026-10-06,synthetic_demo,8000
KA-SAFETY-2001,15.8000,76.2000,64,2026-10-06,synthetic_demo,8000
KA-SAFETY-2002,15.8000,76.3000,30,2026-10-06,synthetic_demo,8000
KA-SAFETY-2003,15.8000,76.4000,76,2026-10-06,synthetic_demo,8000
KA-SAFETY-2004,15.8000,76.5000,48,2026-10-06,synthetic_demo,8000
KA-SAFETY-2005,15.8000,76.6000,85,2026-10-06,synthetic_demo,8000
KA-SAFETY-2006,15.8000,76.7000,32,2026-10-06,synthetic_demo,8000
KA-SAFETY-2007,15.8000,76.8000,48,2026-10-06,synthetic_demo,8000
KA-SAFETY-2008,15.8000,76.9000,17,2026-10-06,synthetic_demo,8000
KA-SAFETY-2009,15.8000,77.0000,39,2026-10-06,synthetic_demo,8000
KA-SAFETY-2010,15.8000,77.1000,54,2026-10-06,synthetic_demo,8000
KA-SAFETY-2011,15.8000,77.2000,95,2026-10-06,synthetic_demo,8000
KA-SAFETY-2012,15.8000,77.3000,68,2026-10-06,synthetic_demo,8000
KA-SAFETY-2013,15.8000,77.4000,67,2026-10-06,synthetic_demo,8000
KA-SAFETY-2014,15.8000,77.5000,78,2026-10-06,synthetic_demo,8000
KA-SAFETY-2015,15.8000,77.6000,82,2026-10-06,synthetic_demo,8000
KA-SAFETY-2016,15.8000,77.7000,75,2026-10-06,synthetic_demo,8000
KA-SAFETY-2017,15.8000,77.8000,51,2026-10-06,synthetic_demo,8000
KA-SAFETY-2018,15.8000,77.9000,55,2026-10-06,synthetic_demo,8000
KA-SAFETY-2019,15.8000,78.0000,16,2026-10-06,synthetic_demo,8000
KA-SAFETY-2020,15.8000,78.1000,49,2026-10-06,synthetic_demo,8000
KA-SAFETY-2021,15.8000,78.2000,65,2026-10-06,synthetic_demo,8000
KA-SAFETY-2022,15.8000,78.3000,66,2026-10-06,synthetic_demo,8000
KA-SAFETY-2023,15.8000,78.4000,31,2026-10-06,synthetic_demo,8000
KA-SAFETY-2024,15.8000,78.5000,81,2026-10-06,synthetic_demo,8000
KA-SAFETY-2025,15.9000,74.0000,19,2026-10-06,synthetic_demo,8000
KA-SAFETY-2026,15.9000,74.1000,21,2026-10-06,synthetic_demo,8000
KA-SAFETY-2027,15.9000,74.2000,60,2026-10-06,synthetic_demo,8000
KA-SAFETY-2028,15.9000,74.3000,35,2026-10-06,synthetic_demo,8000
KA-SAFETY-2029,15.9000,74.4000,66,2026-10-06,synthetic_demo,8000
KA-SAFETY-2030,15.9000,74.5000,92,2026-10-06,synthetic_demo,8000
KA-SAFETY-2031,15.9000,74.6000,62,2026-10-06,synthetic_demo,8000
KA-SAFETY-2032,15.9000,74.7000,66,2026-10-06,synthetic_demo,8000
KA-SAFETY-2033,15.9000,74.8000,23,2026-10-06,synthetic_demo,8000
KA-SAFETY-2034,15.9000,74.9000,26,2026-10-06,synthetic_demo,8000
KA-SAFETY-2035,15.9000,75.0000,72,2026-10-06,synthetic_demo,8000
KA-SAFETY-2036,15.9000,75.1000,75,2026-10-06,synthetic_demo,8000
KA-SAFETY-2037,15.9000,75.2000,85,2026-10-06,synthetic_demo,8000
KA-SAFETY-2038,15.9000,75.3000,64,2026-10-06,synthetic_demo,8000
KA-SAFETY-2039,15.9000,75.4000,77,2026-10-06,synthetic_demo,8000
KA-SAFETY-2040,15.9000,75.5000,26,2026-10-06,synthetic_demo,8000
KA-SAFETY-2041,15.9000,75.6000,38,2026-10-06,synthetic_demo,8000
KA-SAFETY-2042,15.9000,75.7000,81,2026-10-06,synthetic_demo,8000
KA-SAFETY-2043,15.9000,75.8000,43,2026-10-06,synthetic_demo,8000
KA-SAFETY-2044,15.9000,75.9000,73,2026-10-06,synthetic_demo,8000
KA-SAFETY-2045,15.9000,76.0000,87,2026-10-06,synthetic_demo,8000
KA-SAFETY-2046,15.9000,76.1000,41,2026-10-06,synthetic_demo,8000
KA-SAFETY-2047,15.9000,76.2000,74,2026-10-06,synthetic_demo,8000
KA-SAFETY-2048,15.9000,76.3000,90,2026-10-06,synthetic_demo,8000
KA-SAFETY-2049,15.9000,76.4000,52,2026-10-06,synthetic_demo,8000
KA-SAFETY-2050,15.9000,76.5000,18,2026-10-06,synthetic_demo,8000
KA-SAFETY-2051,15.9000,76.6000,90,2026-10-06,synthetic_demo,8000
KA-SAFETY-2052,15.9000,76.7000,77,2026-10-06,synthetic_demo,8000
KA-SAFETY-2053,15.9000,76.8000,85,2026-10-06,synthetic_demo,8000
KA-SAFETY-2054,15.9000,76.9000,27,2026-10-06,synthetic_demo,8000
KA-SAFETY-2055,15.9000,77.0000,17,2026-10-06,synthetic_demo,8000
KA-SAFETY-2056,15.9000,77.1000,86,2026-10-06,synthetic_demo,8000
KA-SAFETY-2057,15.9000,77.2000,83,2026-10-06,synthetic_demo,8000
KA-SAFETY-2058,15.9000,77.3000,49,2026-10-06,synthetic_demo,8000
KA-SAFETY-2059,15.9000,77.4000,67,2026-10-06,synthetic_demo,8000
KA-SAFETY-2060,15.9000,77.5000,85,2026-10-06,synthetic_demo,8000
KA-SAFETY-2061,15.9000,77.6000,35,2026-10-06,synthetic_demo,8000
KA-SAFETY-2062,15.9000,77.7000,35,2026-10-06,synthetic_demo,8000
KA-SAFETY-2063,15.9000,77.8000,86,2026-10-06,synthetic_demo,8000
KA-SAFETY-2064,15.9000,77.9000,20,2026-10-06,synthetic_demo,8000
KA-SAFETY-2065,15.9000,78.0000,66,2026-10-06,synthetic_demo,8000
KA-SAFETY-2066,15.9000,78.1000,59,2026-10-06,synthetic_demo,8000
KA-SAFETY-2067,15.9000,78.2000,52,2026-10-06,synthetic_demo,8000
KA-SAFETY-2068,15.9000,78.3000,74,2026-10-06,synthetic_demo,8000
KA-SAFETY-2069,15.9000,78.4000,52,2026-10-06,synthetic_demo,8000
KA-SAFETY-2070,15.9000,78.5000,67,2026-10-06,synthetic_demo,8000
KA-SAFETY-2071,16.0000,74.0000,22,2026-10-06,synthetic_demo,8000
KA-SAFETY-2072,16.0000,74.1000,29,2026-10-06,synthetic_demo,8000
KA-SAFETY-2073,16.0000,74.2000,59,2026-10-06,synthetic_demo,8000
KA-SAFETY-2074,16.0000,74.3000,52,2026-10-06,synthetic_demo,8000
KA-SAFETY-2075,16.0000,74.4000,71,2026-10-06,synthetic_demo,8000
KA-SAFETY-2076,16.0000,74.5000,21,2026-10-06,synthetic_demo,8000
KA-SAFETY-2077,16.0000,74.6000,80,2026-10-06,synthetic_demo,8000
KA-SAFETY-2078,16.0000,74.7000,46,2026-10-06,synthetic_demo,8000
KA-SAFETY-2079,16.0000,74.8000,85,2026-10-06,synthetic_demo,8000
KA-SAFETY-2080,16.0000,74.9000,67,2026-10-06,synthetic_demo,8000
KA-SAFETY-2081,16.0000,75.0000,54,2026-10-06,synthetic_demo,8000
KA-SAFETY-2082,16.0000,75.1000,51,2026-10-06,synthetic_demo,8000
KA-SAFETY-2083,16.0000,75.2000,86,2026-10-06,synthetic_demo,8000
KA-SAFETY-2084,16.0000,75.3000,53,2026-10-06,synthetic_demo,8000
KA-SAFETY-2085,16.0000,75.4000,49,2026-10-06,synthetic_demo,8000
KA-SAFETY-2086,16.0000,75.5000,78,2026-10-06,synthetic_demo,8000
KA-SAFETY-2087,16.0000,75.6000,91,2026-10-06,synthetic_demo,8000
KA-SAFETY-2088,16.0000,75.7000,31,2026-10-06,synthetic_demo,8000
KA-SAFETY-2089,16.0000,75.8000,95,2026-10-06,synthetic_demo,8000
KA-SAFETY-2090,16.0000,75.9000,36,2026-10-06,synthetic_demo,8000
KA-SAFETY-2091,16.0000,76.0000,17,2026-10-06,synthetic_demo,8000
KA-SAFETY-2092,16.0000,76.1000,46,2026-10-06,synthetic_demo,8000
KA-SAFETY-2093,16.0000,76.2000,56,2026-10-06,synthetic_demo,8000
KA-SAFETY-2094,16.0000,76.3000,42,2026-10-06,synthetic_demo,8000
KA-SAFETY-2095,16.0000,76.4000,85,2026-10-06,synthetic_demo,8000
KA-SAFETY-2096,16.0000,76.5000,25,2026-10-06,synthetic_demo,8000
KA-SAFETY-2097,16.0000,76.6000,44,2026-10-06,synthetic_demo,8000
KA-SAFETY-2098,16.0000,76.7000,56,2026-10-06,synthetic_demo,8000
KA-SAFETY-2099,16.0000,76.8000,57,2026-10-06,synthetic_demo,8000
KA-SAFETY-2100,16.0000,76.9000,18,2026-10-06,synthetic_demo,8000
KA-SAFETY-2101,16.0000,77.0000,25,2026-10-06,synthetic_demo,8000
KA-SAFETY-2102,16.0000,77.1000,58,2026-10-06,synthetic_demo,8000
KA-SAFETY-2103,16.0000,77.2000,88,2026-10-06,synthetic_demo,8000
KA-SAFETY-2104,16.0000,77.3000,55,2026-10-06,synthetic_demo,8000
KA-SAFETY-2105,16.0000,77.4000,79,2026-10-06,synthetic_demo,8000
KA-SAFETY-2106,16.0000,77.5000,77,2026-10-06,synthetic_demo,8000
KA-SAFETY-2107,16.0000,77.6000,81,2026-10-06,synthetic_demo,8000
KA-SAFETY-2108,16.0000,77.7000,25,2026-10-06,synthetic_demo,8000
KA-SAFETY-2109,16.0000,77.8000,22,2026-10-06,synthetic_demo,8000
KA-SAFETY-2110,16.0000,77.9000,28,2026-10-06,synthetic_demo,8000
KA-SAFETY-2111,16.0000,78.0000,60,2026-10-06,synthetic_demo,8000
KA-SAFETY-2112,16.0000,78.1000,36,2026-10-06,synthetic_demo,8000
KA-SAFETY-2113,16.0000,78.2000,63,2026-10-06,synthetic_demo,8000
KA-SAFETY-2114,16.0000,78.3000,55,2026-10-06,synthetic_demo,8000
KA-SAFETY-2115,16.0000,78.4000,41,2026-10-06,synthetic_demo,8000
KA-SAFETY-2116,16.0000,78.5000,43,2026-10-06,synthetic_demo,8000
KA-SAFETY-2117,16.1000,74.0000,47,2026-10-06,synthetic_demo,8000
KA-SAFETY-2118,16.1000,74.1000,47,2026-10-06,synthetic_demo,8000
KA-SAFETY-2119,16.1000,74.2000,16,2026-10-06,synthetic_demo,8000
KA-SAFETY-2120,16.1000,74.3000,48,2026-10-06,synthetic_demo,8000
KA-SAFETY-2121,16.1000,74.4000,48,2026-10-06,synthetic_demo,8000
KA-SAFETY-2122,16.1000,74.5000,16,2026-10-06,synthetic_demo,8000
KA-SAFETY-2123,16.1000,74.6000,69,2026-10-06,synthetic_demo,8000
KA-SAFETY-2124,16.1000,74.7000,31,2026-10-06,synthetic_demo,8000
KA-SAFETY-2125,16.1000,74.8000,49,2026-10-06,synthetic_demo,8000
KA-SAFETY-2126,16.1000,74.9000,35,2026-10-06,synthetic_demo,8000
KA-SAFETY-2127,16.1000,75.0000,84,2026-10-06,synthetic_demo,8000
KA-SAFETY-2128,16.1000,75.1000,16,2026-10-06,synthetic_demo,8000
KA-SAFETY-2129,16.1000,75.2000,57,2026-10-06,synthetic_demo,8000
KA-SAFETY-2130,16.1000,75.3000,77,2026-10-06,synthetic_demo,8000
KA-SAFETY-2131,16.1000,75.4000,71,2026-10-06,synthetic_demo,8000
KA-SAFETY-2132,16.1000,75.5000,42,2026-10-06,synthetic_demo,8000
KA-SAFETY-2133,16.1000,75.6000,15,2026-10-06,synthetic_demo,8000
KA-SAFETY-2134,16.1000,75.7000,21,2026-10-06,synthetic_demo,8000
KA-SAFETY-2135,16.1000,75.8000,28,2026-10-06,synthetic_demo,8000
KA-SAFETY-2136,16.1000,75.9000,15,2026-10-06,synthetic_demo,8000
KA-SAFETY-2137,16.1000,76.0000,74,2026-10-06,synthetic_demo,8000
KA-SAFETY-2138,16.1000,76.1000,78,2026-10-06,synthetic_demo,8000
KA-SAFETY-2139,16.1000,76.2000,87,2026-10-06,synthetic_demo,8000
KA-SAFETY-2140,16.1000,76.3000,65,2026-10-06,synthetic_demo,8000
KA-SAFETY-2141,16.1000,76.4000,50,2026-10-06,synthetic_demo,8000
KA-SAFETY-2142,16.1000,76.5000,73,2026-10-06,synthetic_demo,8000
KA-SAFETY-2143,16.1000,76.6000,95,2026-10-06,synthetic_demo,8000
KA-SAFETY-2144,16.1000,76.7000,64,2026-10-06,synthetic_demo,8000
KA-SAFETY-2145,16.1000,76.8000,78,2026-10-06,synthetic_demo,8000
KA-SAFETY-2146,16.1000,76.9000,40,2026-10-06,synthetic_demo,8000
KA-SAFETY-2147,16.1000,77.0000,92,2026-10-06,synthetic_demo,8000
KA-SAFETY-2148,16.1000,77.1000,52,2026-10-06,synthetic_demo,8000
KA-SAFETY-2149,16.1000,77.2000,70,2026-10-06,synthetic_demo,8000
KA-SAFETY-2150,16.1000,77.3000,58,2026-10-06,synthetic_demo,8000
KA-SAFETY-2151,16.1000,77.4000,18,2026-10-06,synthetic_demo,8000
KA-SAFETY-2152,16.1000,77.5000,52,2026-10-06,synthetic_demo,8000
KA-SAFETY-2153,16.1000,77.6000,79,2026-10-06,synthetic_demo,8000
KA-SAFETY-2154,16.1000,77.7000,68,2026-10-06,synthetic_demo,8000
KA-SAFETY-2155,16.1000,77.8000,32,2026-10-06,synthetic_demo,8000
KA-SAFETY-2156,16.1000,77.9000,68,2026-10-06,synthetic_demo,8000
KA-SAFETY-2157,16.1000,78.0000,23,2026-10-06,synthetic_demo,8000
KA-SAFETY-2158,16.1000,78.1000,48,2026-10-06,synthetic_demo,8000
KA-SAFETY-2159,16.1000,78.2000,27,2026-10-06,synthetic_demo,8000
KA-SAFETY-2160,16.1000,78.3000,88,2026-10-06,synthetic_demo,8000
KA-SAFETY-2161,16.1000,78.4000,83,2026-10-06,synthetic_demo,8000
KA-SAFETY-2162,16.1000,78.5000,35,2026-10-06,synthetic_demo,8000
KA-SAFETY-2163,16.2000,74.0000,38,2026-10-06,synthetic_demo,8000
KA-SAFETY-2164,16.2000,74.1000,80,2026-10-06,synthetic_demo,8000
KA-SAFETY-2165,16.2000,74.2000,22,2026-10-06,synthetic_demo,8000
KA-SAFETY-2166,16.2000,74.3000,68,2026-10-06,synthetic_demo,8000
KA-SAFETY-2167,16.2000,74.4000,41,2026-10-06,synthetic_demo,8000
KA-SAFETY-2168,16.2000,74.5000,59,2026-10-06,synthetic_demo,8000
KA-SAFETY-2169,16.2000,74.6000,82,2026-10-06,synthetic_demo,8000
KA-SAFETY-2170,16.2000,74.7000,90,2026-10-06,synthetic_demo,8000
KA-SAFETY-2171,16.2000,74.8000,15,2026-10-06,synthetic_demo,8000
KA-SAFETY-2172,16.2000,74.9000,16,2026-10-06,synthetic_demo,8000
KA-SAFETY-2173,16.2000,75.0000,21,2026-10-06,synthetic_demo,8000
KA-SAFETY-2174,16.2000,75.1000,46,2026-10-06,synthetic_demo,8000
KA-SAFETY-2175,16.2000,75.2000,88,2026-10-06,synthetic_demo,8000
KA-SAFETY-2176,16.2000,75.3000,72,2026-10-06,synthetic_demo,8000
KA-SAFETY-2177,16.2000,75.4000,49,2026-10-06,synthetic_demo,8000
KA-SAFETY-2178,16.2000,75.5000,25,2026-10-06,synthetic_demo,8000
KA-SAFETY-2179,16.2000,75.6000,61,2026-10-06,synthetic_demo,8000
KA-SAFETY-2180,16.2000,75.7000,40,2026-10-06,synthetic_demo,8000
KA-SAFETY-2181,16.2000,75.8000,58,2026-10-06,synthetic_demo,8000
KA-SAFETY-2182,16.2000,75.9000,23,2026-10-06,synthetic_demo,8000
KA-SAFETY-2183,16.2000,76.0000,54,2026-10-06,synthetic_demo,8000
KA-SAFETY-2184,16.2000,76.1000,38,2026-10-06,synthetic_demo,8000
KA-SAFETY-2185,16.2000,76.2000,30,2026-10-06,synthetic_demo,8000
KA-SAFETY-2186,16.2000,76.3000,76,2026-10-06,synthetic_demo,8000
KA-SAFETY-2187,16.2000,76.4000,60,2026-10-06,synthetic_demo,8000
KA-SAFETY-2188,16.2000,76.5000,39,2026-10-06,synthetic_demo,8000
KA-SAFETY-2189,16.2000,76.6000,87,2026-10-06,synthetic_demo,8000
KA-SAFETY-2190,16.2000,76.7000,87,2026-10-06,synthetic_demo,8000
KA-SAFETY-2191,16.2000,76.8000,53,2026-10-06,synthetic_demo,8000
KA-SAFETY-2192,16.2000,76.9000,79,2026-10-06,synthetic_demo,8000
KA-SAFETY-2193,16.2000,77.0000,48,2026-10-06,synthetic_demo,8000
KA-SAFETY-2194,16.2000,77.1000,20,2026-10-06,synthetic_demo,8000
KA-SAFETY-2195,16.2000,77.2000,60,2026-10-06,synthetic_demo,8000
KA-SAFETY-2196,16.2000,77.3000,86,2026-10-06,synthetic_demo,8000
KA-SAFETY-2197,16.2000,77.4000,53,2026-10-06,synthetic_demo,8000
KA-SAFETY-2198,16.2000,77.5000,36,2026-10-06,synthetic_demo,8000
KA-SAFETY-2199,16.2000,77.6000,52,2026-10-06,synthetic_demo,8000
KA-SAFETY-2200,16.2000,77.7000,60,2026-10-06,synthetic_demo,8000
KA-SAFETY-2201,16.2000,77.8000,33,2026-10-06,synthetic_demo,8000
KA-SAFETY-2202,16.2000,77.9000,18,2026-10-06,synthetic_demo,8000
KA-SAFETY-2203,16.2000,78.0000,26,2026-10-06,synthetic_demo,8000
KA-SAFETY-2204,16.2000,78.1000,40,2026-10-06,synthetic_demo,8000
KA-SAFETY-2205,16.2000,78.2000,47,2026-10-06,synthetic_demo,8000
KA-SAFETY-2206,16.2000,78.3000,64,2026-10-06,synthetic_demo,8000
KA-SAFETY-2207,16.2000,78.4000,30,2026-10-06,synthetic_demo,8000
KA-SAFETY-2208,16.2000,78.5000,27,2026-10-06,synthetic_demo,8000
KA-SAFETY-2209,16.3000,74.0000,87,2026-10-06,synthetic_demo,8000
KA-SAFETY-2210,16.3000,74.1000,87,2026-10-06,synthetic_demo,8000
KA-SAFETY-2211,16.3000,74.2000,60,2026-10-06,synthetic_demo,8000
KA-SAFETY-2212,16.3000,74.3000,35,2026-10-06,synthetic_demo,8000
KA-SAFETY-2213,16.3000,74.4000,36,2026-10-06,synthetic_demo,8000
KA-SAFETY-2214,16.3000,74.5000,79,2026-10-06,synthetic_demo,8000
KA-SAFETY-2215,16.3000,74.6000,84,2026-10-06,synthetic_demo,8000
KA-SAFETY-2216,16.3000,74.7000,41,2026-10-06,synthetic_demo,8000
KA-SAFETY-2217,16.3000,74.8000,87,2026-10-06,synthetic_demo,8000
KA-SAFETY-2218,16.3000,74.9000,54,2026-10-06,synthetic_demo,8000
KA-SAFETY-2219,16.3000,75.0000,36,2026-10-06,synthetic_demo,8000
KA-SAFETY-2220,16.3000,75.1000,93,2026-10-06,synthetic_demo,8000
KA-SAFETY-2221,16.3000,75.2000,56,2026-10-06,synthetic_demo,8000
KA-SAFETY-2222,16.3000,75.3000,53,2026-10-06,synthetic_demo,8000
KA-SAFETY-2223,16.3000,75.4000,87,2026-10-06,synthetic_demo,8000
KA-SAFETY-2224,16.3000,75.5000,52,2026-10-06,synthetic_demo,8000
KA-SAFETY-2225,16.3000,75.6000,71,2026-10-06,synthetic_demo,8000
KA-SAFETY-2226,16.3000,75.7000,91,2026-10-06,synthetic_demo,8000
KA-SAFETY-2227,16.3000,75.8000,30,2026-10-06,synthetic_demo,8000
KA-SAFETY-2228,16.3000,75.9000,72,2026-10-06,synthetic_demo,8000
KA-SAFETY-2229,16.3000,76.0000,49,2026-10-06,synthetic_demo,8000
KA-SAFETY-2230,16.3000,76.1000,41,2026-10-06,synthetic_demo,8000
KA-SAFETY-2231,16.3000,76.2000,59,2026-10-06,synthetic_demo,8000
KA-SAFETY-2232,16.3000,76.3000,20,2026-10-06,synthetic_demo,8000
KA-SAFETY-2233,16.3000,76.4000,50,2026-10-06,synthetic_demo,8000
KA-SAFETY-2234,16.3000,76.5000,68,2026-10-06,synthetic_demo,8000
KA-SAFETY-2235,16.3000,76.6000,58,2026-10-06,synthetic_demo,8000
KA-SAFETY-2236,16.3000,76.7000,55,2026-10-06,synthetic_demo,8000
KA-SAFETY-2237,16.3000,76.8000,36,2026-10-06,synthetic_demo,8000
KA-SAFETY-2238,16.3000,76.9000,41,2026-10-06,synthetic_demo,8000
KA-SAFETY-2239,16.3000,77.0000,74,2026-10-06,synthetic_demo,8000
KA-SAFETY-2240,16.3000,77.1000,37,2026-10-06,synthetic_demo,8000
KA-SAFETY-2241,16.3000,77.2000,27,2026-10-06,synthetic_demo,8000
KA-SAFETY-2242,16.3000,77.3000,51,2026-10-06,synthetic_demo,8000
KA-SAFETY-2243,16.3000,77.4000,59,2026-10-06,synthetic_demo,8000
KA-SAFETY-2244,16.3000,77.5000,71,2026-10-06,synthetic_demo,8000
KA-SAFETY-2245,16.3000,77.6000,50,2026-10-06,synthetic_demo,8000
KA-SAFETY-2246,16.3000,77.7000,45,2026-10-06,synthetic_demo,8000
KA-SAFETY-2247,16.3000,77.8000,79,2026-10-06,synthetic_demo,8000
KA-SAFETY-2248,16.3000,77.9000,28,2026-10-06,synthetic_demo,8000
KA-SAFETY-2249,16.3000,78.0000,42,2026-10-06,synthetic_demo,8000
KA-SAFETY-2250,16.3000,78.1000,74,2026-10-06,synthetic_demo,8000
KA-SAFETY-2251,16.3000,78.2000,44,2026-10-06,synthetic_demo,8000
KA-SAFETY-2252,16.3000,78.3000,47,2026-10-06,synthetic_demo,8000
KA-SAFETY-2253,16.3000,78.4000,19,2026-10-06,synthetic_demo,8000
KA-SAFETY-2254,16.3000,78.5000,72,2026-10-06,synthetic_demo,8000
KA-SAFETY-2255,16.4000,74.0000,66,2026-10-06,synthetic_demo,8000
KA-SAFETY-2256,16.4000,74.1000,68,2026-10-06,synthetic_demo,8000
KA-SAFETY-2257,16.4000,74.2000,76,2026-10-06,synthetic_demo,8000
KA-SAFETY-2258,16.4000,74.3000,51,2026-10-06,synthetic_demo,8000
KA-SAFETY-2259,16.4000,74.4000,59,2026-10-06,synthetic_demo,8000
KA-SAFETY-2260,16.4000,74.5000,80,2026-10-06,synthetic_demo,8000
KA-SAFETY-2261,16.4000,74.6000,46,2026-10-06,synthetic_demo,8000
KA-SAFETY-2262,16.4000,74.7000,34,2026-10-06,synthetic_demo,8000
KA-SAFETY-2263,16.4000,74.8000,48,2026-10-06,synthetic_demo,8000
KA-SAFETY-2264,16.4000,74.9000,47,2026-10-06,synthetic_demo,8000
KA-SAFETY-2265,16.4000,75.0000,44,2026-10-06,synthetic_demo,8000
KA-SAFETY-2266,16.4000,75.1000,40,2026-10-06,synthetic_demo,8000
KA-SAFETY-2267,16.4000,75.2000,15,2026-10-06,synthetic_demo,8000
KA-SAFETY-2268,16.4000,75.3000,91,2026-10-06,synthetic_demo,8000
KA-SAFETY-2269,16.4000,75.4000,49,2026-10-06,synthetic_demo,8000
KA-SAFETY-2270,16.4000,75.5000,33,2026-10-06,synthetic_demo,8000
KA-SAFETY-2271,16.4000,75.6000,56,2026-10-06,synthetic_demo,8000
KA-SAFETY-2272,16.4000,75.7000,22,2026-10-06,synthetic_demo,8000
KA-SAFETY-2273,16.4000,75.8000,60,2026-10-06,synthetic_demo,8000
KA-SAFETY-2274,16.4000,75.9000,40,2026-10-06,synthetic_demo,8000
KA-SAFETY-2275,16.4000,76.0000,36,2026-10-06,synthetic_demo,8000
KA-SAFETY-2276,16.4000,76.1000,42,2026-10-06,synthetic_demo,8000
KA-SAFETY-2277,16.4000,76.2000,79,2026-10-06,synthetic_demo,8000
KA-SAFETY-2278,16.4000,76.3000,83,2026-10-06,synthetic_demo,8000
KA-SAFETY-2279,16.4000,76.4000,62,2026-10-06,synthetic_demo,8000
KA-SAFETY-2280,16.4000,76.5000,55,2026-10-06,synthetic_demo,8000
KA-SAFETY-2281,16.4000,76.6000,37,2026-10-06,synthetic_demo,8000
KA-SAFETY-2282,16.4000,76.7000,49,2026-10-06,synthetic_demo,8000
KA-SAFETY-2283,16.4000,76.8000,60,2026-10-06,synthetic_demo,8000
KA-SAFETY-2284,16.4000,76.9000,58,2026-10-06,synthetic_demo,8000
KA-SAFETY-2285,16.4000,77.0000,68,2026-10-06,synthetic_demo,8000
KA-SAFETY-2286,16.4000,77.1000,48,2026-10-06,synthetic_demo,8000
KA-SAFETY-2287,16.4000,77.2000,39,2026-10-06,synthetic_demo,8000
KA-SAFETY-2288,16.4000,77.3000,63,2026-10-06,synthetic_demo,8000
KA-SAFETY-2289,16.4000,77.4000,34,2026-10-06,synthetic_demo,8000
KA-SAFETY-2290,16.4000,77.5000,65,2026-10-06,synthetic_demo,8000
KA-SAFETY-2291,16.4000,77.6000,36,2026-10-06,synthetic_demo,8000
KA-SAFETY-2292,16.4000,77.7000,54,2026-10-06,synthetic_demo,8000
KA-SAFETY-2293,16.4000,77.8000,26,2026-10-06,synthetic_demo,8000
KA-SAFETY-2294,16.4000,77.9000,70,2026-10-06,synthetic_demo,8000
KA-SAFETY-2295,16.4000,78.0000,54,2026-10-06,synthetic_demo,8000
KA-SAFETY-2296,16.4000,78.1000,78,2026-10-06,synthetic_demo,8000
KA-SAFETY-2297,16.4000,78.2000,31,2026-10-06,synthetic_demo,8000
KA-SAFETY-2298,16.4000,78.3000,25,2026-10-06,synthetic_demo,8000
KA-SAFETY-2299,16.4000,78.4000,84,2026-10-06,synthetic_demo,8000
KA-SAFETY-2300,16.4000,78.5000,95,2026-10-06,synthetic_demo,8000
KA-SAFETY-2301,16.5000,74.0000,68,2026-10-06,synthetic_demo,8000
KA-SAFETY-2302,16.5000,74.1000,20,2026-10-06,synthetic_demo,8000
KA-SAFETY-2303,16.5000,74.2000,51,2026-10-06,synthetic_demo,8000
KA-SAFETY-2304,16.5000,74.3000,46,2026-10-06,synthetic_demo,8000
KA-SAFETY-2305,16.5000,74.4000,40,2026-10-06,synthetic_demo,8000
KA-SAFETY-2306,16.5000,74.5000,59,2026-10-06,synthetic_demo,8000
KA-SAFETY-2307,16.5000,74.6000,90,2026-10-06,synthetic_demo,8000
KA-SAFETY-2308,16.5000,74.7000,23,2026-10-06,synthetic_demo,8000
KA-SAFETY-2309,16.5000,74.8000,41,2026-10-06,synthetic_demo,8000
KA-SAFETY-2310,16.5000,74.9000,50,2026-10-06,synthetic_demo,8000
KA-SAFETY-2311,16.5000,75.0000,38,2026-10-06,synthetic_demo,8000
KA-SAFETY-2312,16.5000,75.1000,50,2026-10-06,synthetic_demo,8000
KA-SAFETY-2313,16.5000,75.2000,95,2026-10-06,synthetic_demo,8000
KA-SAFETY-2314,16.5000,75.3000,76,2026-10-06,synthetic_demo,8000
KA-SAFETY-2315,16.5000,75.4000,82,2026-10-06,synthetic_demo,8000
KA-SAFETY-2316,16.5000,75.5000,34,2026-10-06,synthetic_demo,8000
KA-SAFETY-2317,16.5000,75.6000,23,2026-10-06,synthetic_demo,8000
KA-SAFETY-2318,16.5000,75.7000,95,2026-10-06,synthetic_demo,8000
KA-SAFETY-2319,16.5000,75.8000,68,2026-10-06,synthetic_demo,8000
KA-SAFETY-2320,16.5000,75.9000,78,2026-10-06,synthetic_demo,8000
KA-SAFETY-2321,16.5000,76.0000,30,2026-10-06,synthetic_demo,8000
KA-SAFETY-2322,16.5000,76.1000,77,2026-10-06,synthetic_demo,8000
KA-SAFETY-2323,16.5000,76.2000,43,2026-10-06,synthetic_demo,8000
KA-SAFETY-2324,16.5000,76.3000,27,2026-10-06,synthetic_demo,8000
KA-SAFETY-2325,16.5000,76.4000,18,2026-10-06,synthetic_demo,8000
KA-SAFETY-2326,16.5000,76.5000,91,2026-10-06,synthetic_demo,8000
KA-SAFETY-2327,16.5000,76.6000,82,2026-10-06,synthetic_demo,8000
KA-SAFETY-2328,16.5000,76.7000,20,2026-10-06,synthetic_demo,8000
KA-SAFETY-2329,16.5000,76.8000,92,2026-10-06,synthetic_demo,8000
KA-SAFETY-2330,16.5000,76.9000,38,2026-10-06,synthetic_demo,8000
KA-SAFETY-2331,16.5000,77.0000,50,2026-10-06,synthetic_demo,8000
KA-SAFETY-2332,16.5000,77.1000,78,2026-10-06,synthetic_demo,8000
KA-SAFETY-2333,16.5000,77.2000,81,2026-10-06,synthetic_demo,8000
KA-SAFETY-2334,16.5000,77.3000,95,2026-10-06,synthetic_demo,8000
KA-SAFETY-2335,16.5000,77.4000,73,2026-10-06,synthetic_demo,8000
KA-SAFETY-2336,16.5000,77.5000,46,2026-10-06,synthetic_demo,8000
KA-SAFETY-2337,16.5000,77.6000,56,2026-10-06,synthetic_demo,8000
KA-SAFETY-2338,16.5000,77.7000,76,2026-10-06,synthetic_demo,8000
KA-SAFETY-2339,16.5000,77.8000,24,2026-10-06,synthetic_demo,8000
KA-SAFETY-2340,16.5000,77.9000,49,2026-10-06,synthetic_demo,8000
KA-SAFETY-2341,16.5000,78.0000,52,2026-10-06,synthetic_demo,8000
KA-SAFETY-2342,16.5000,78.1000,71,2026-10-06,synthetic_demo,8000
KA-SAFETY-2343,16.5000,78.2000,27,2026-10-06,synthetic_demo,8000
KA-SAFETY-2344,16.5000,78.3000,55,2026-10-06,synthetic_demo,8000
KA-SAFETY-2345,16.5000,78.4000,89,2026-10-06,synthetic_demo,8000
KA-SAFETY-2346,16.5000,78.5000,43,2026-10-06,synthetic_demo,8000
KA-SAFETY-2347,16.6000,74.0000,48,2026-10-06,synthetic_demo,8000
KA-SAFETY-2348,16.6000,74.1000,36,2026-10-06,synthetic_demo,8000
KA-SAFETY-2349,16.6000,74.2000,34,2026-10-06,synthetic_demo,8000
KA-SAFETY-2350,16.6000,74.3000,75,2026-10-06,synthetic_demo,8000
KA-SAFETY-2351,16.6000,74.4000,80,2026-10-06,synthetic_demo,8000
KA-SAFETY-2352,16.6000,74.5000,58,2026-10-06,synthetic_demo,8000
KA-SAFETY-2353,16.6000,74.6000,23,2026-10-06,synthetic_demo,8000
KA-SAFETY-2354,16.6000,74.7000,64,2026-10-06,synthetic_demo,8000
KA-SAFETY-2355,16.6000,74.8000,22,2026-10-06,synthetic_demo,8000
KA-SAFETY-2356,16.6000,74.9000,57,2026-10-06,synthetic_demo,8000
KA-SAFETY-2357,16.6000,75.0000,17,2026-10-06,synthetic_demo,8000
KA-SAFETY-2358,16.6000,75.1000,75,2026-10-06,synthetic_demo,8000
KA-SAFETY-2359,16.6000,75.2000,29,2026-10-06,synthetic_demo,8000
KA-SAFETY-2360,16.6000,75.3000,54,2026-10-06,synthetic_demo,8000
KA-SAFETY-2361,16.6000,75.4000,29,2026-10-06,synthetic_demo,8000
KA-SAFETY-2362,16.6000,75.5000,90,2026-10-06,synthetic_demo,8000
KA-SAFETY-2363,16.6000,75.6000,86,2026-10-06,synthetic_demo,8000
KA-SAFETY-2364,16.6000,75.7000,40,2026-10-06,synthetic_demo,8000
KA-SAFETY-2365,16.6000,75.8000,58,2026-10-06,synthetic_demo,8000
KA-SAFETY-2366,16.6000,75.9000,55,2026-10-06,synthetic_demo,8000
KA-SAFETY-2367,16.6000,76.0000,88,2026-10-06,synthetic_demo,8000
KA-SAFETY-2368,16.6000,76.1000,82,2026-10-06,synthetic_demo,8000
KA-SAFETY-2369,16.6000,76.2000,80,2026-10-06,synthetic_demo,8000
KA-SAFETY-2370,16.6000,76.3000,56,2026-10-06,synthetic_demo,8000
KA-SAFETY-2371,16.6000,76.4000,78,2026-10-06,synthetic_demo,8000
KA-SAFETY-2372,16.6000,76.5000,76,2026-10-06,synthetic_demo,8000
KA-SAFETY-2373,16.6000,76.6000,77,2026-10-06,synthetic_demo,8000
KA-SAFETY-2374,16.6000,76.7000,19,2026-10-06,synthetic_demo,8000
KA-SAFETY-2375,16.6000,76.8000,29,2026-10-06,synthetic_demo,8000
KA-SAFETY-2376,16.6000,76.9000,26,2026-10-06,synthetic_demo,8000
KA-SAFETY-2377,16.6000,77.0000,69,2026-10-06,synthetic_demo,8000
KA-SAFETY-2378,16.6000,77.1000,47,2026-10-06,synthetic_demo,8000
KA-SAFETY-2379,16.6000,77.2000,28,2026-10-06,synthetic_demo,8000
KA-SAFETY-2380,16.6000,77.3000,47,2026-10-06,synthetic_demo,8000
KA-SAFETY-2381,16.6000,77.4000,82,2026-10-06,synthetic_demo,8000
KA-SAFETY-2382,16.6000,77.5000,89,2026-10-06,synthetic_demo,8000
KA-SAFETY-2383,16.6000,77.6000,61,2026-10-06,synthetic_demo,8000
KA-SAFETY-2384,16.6000,77.7000,49,2026-10-06,synthetic_demo,8000
KA-SAFETY-2385,16.6000,77.8000,51,2026-10-06,synthetic_demo,8000
KA-SAFETY-2386,16.6000,77.9000,88,2026-10-06,synthetic_demo,8000
KA-SAFETY-2387,16.6000,78.0000,81,2026-10-06,synthetic_demo,8000
KA-SAFETY-2388,16.6000,78.1000,44,2026-10-06,synthetic_demo,8000
KA-SAFETY-2389,16.6000,78.2000,39,2026-10-06,synthetic_demo,8000
KA-SAFETY-2390,16.6000,78.3000,76,2026-10-06,synthetic_demo,8000
KA-SAFETY-2391,16.6000,78.4000,93,2026-10-06,synthetic_demo,8000
KA-SAFETY-2392,16.6000,78.5000,61,2026-10-06,synthetic_demo,8000
KA-SAFETY-2393,16.7000,74.0000,84,2026-10-06,synthetic_demo,8000
KA-SAFETY-2394,16.7000,74.1000,94,2026-10-06,synthetic_demo,8000
KA-SAFETY-2395,16.7000,74.2000,73,2026-10-06,synthetic_demo,8000
KA-SAFETY-2396,16.7000,74.3000,24,2026-10-06,synthetic_demo,8000
KA-SAFETY-2397,16.7000,74.4000,83,2026-10-06,synthetic_demo,8000
KA-SAFETY-2398,16.7000,74.5000,83,2026-10-06,synthetic_demo,8000
KA-SAFETY-2399,16.7000,74.6000,21,2026-10-06,synthetic_demo,8000
KA-SAFETY-2400,16.7000,74.7000,69,2026-10-06,synthetic_demo,8000
KA-SAFETY-2401,16.7000,74.8000,41,2026-10-06,synthetic_demo,8000
KA-SAFETY-2402,16.7000,74.9000,59,2026-10-06,synthetic_demo,8000
KA-SAFETY-2403,16.7000,75.0000,87,2026-10-06,synthetic_demo,8000
KA-SAFETY-2404,16.7000,75.1000,86,2026-10-06,synthetic_demo,8000
KA-SAFETY-2405,16.7000,75.2000,55,2026-10-06,synthetic_demo,8000
KA-SAFETY-2406,16.7000,75.3000,56,2026-10-06,synthetic_demo,8000
KA-SAFETY-2407,16.7000,75.4000,59,2026-10-06,synthetic_demo,8000
KA-SAFETY-2408,16.7000,75.5000,15,2026-10-06,synthetic_demo,8000
KA-SAFETY-2409,16.7000,75.6000,91,2026-10-06,synthetic_demo,8000
KA-SAFETY-2410,16.7000,75.7000,68,2026-10-06,synthetic_demo,8000
KA-SAFETY-2411,16.7000,75.8000,67,2026-10-06,synthetic_demo,8000
KA-SAFETY-2412,16.7000,75.9000,83,2026-10-06,synthetic_demo,8000
KA-SAFETY-2413,16.7000,76.0000,38,2026-10-06,synthetic_demo,8000
KA-SAFETY-2414,16.7000,76.1000,90,2026-10-06,synthetic_demo,8000
KA-SAFETY-2415,16.7000,76.2000,34,2026-10-06,synthetic_demo,8000
KA-SAFETY-2416,16.7000,76.3000,77,2026-10-06,synthetic_demo,8000
KA-SAFETY-2417,16.7000,76.4000,63,2026-10-06,synthetic_demo,8000
KA-SAFETY-2418,16.7000,76.5000,82,2026-10-06,synthetic_demo,8000
KA-SAFETY-2419,16.7000,76.6000,55,2026-10-06,synthetic_demo,8000
KA-SAFETY-2420,16.7000,76.7000,50,2026-10-06,synthetic_demo,8000
KA-SAFETY-2421,16.7000,76.8000,37,2026-10-06,synthetic_demo,8000
KA-SAFETY-2422,16.7000,76.9000,62,2026-10-06,synthetic_demo,8000
KA-SAFETY-2423,16.7000,77.0000,55,2026-10-06,synthetic_demo,8000
KA-SAFETY-2424,16.7000,77.1000,18,2026-10-06,synthetic_demo,8000
KA-SAFETY-2425,16.7000,77.2000,64,2026-10-06,synthetic_demo,8000
KA-SAFETY-2426,16.7000,77.3000,73,2026-10-06,synthetic_demo,8000
KA-SAFETY-2427,16.7000,77.4000,65,2026-10-06,synthetic_demo,8000
KA-SAFETY-2428,16.7000,77.5000,30,2026-10-06,synthetic_demo,8000
KA-SAFETY-2429,16.7000,77.6000,38,2026-10-06,synthetic_demo,8000
KA-SAFETY-2430,16.7000,77.7000,79,2026-10-06,synthetic_demo,8000
KA-SAFETY-2431,16.7000,77.8000,53,2026-10-06,synthetic_demo,8000
KA-SAFETY-2432,16.7000,77.9000,81,2026-10-06,synthetic_demo,8000
KA-SAFETY-2433,16.7000,78.0000,57,2026-10-06,synthetic_demo,8000
KA-SAFETY-2434,16.7000,78.1000,41,2026-10-06,synthetic_demo,8000
KA-SAFETY-2435,16.7000,78.2000,75,2026-10-06,synthetic_demo,8000
KA-SAFETY-2436,16.7000,78.3000,68,2026-10-06,synthetic_demo,8000
KA-SAFETY-2437,16.7000,78.4000,66,2026-10-06,synthetic_demo,8000
KA-SAFETY-2438,16.7000,78.5000,79,2026-10-06,synthetic_demo,8000
KA-SAFETY-2439,16.8000,74.0000,55,2026-10-06,synthetic_demo,8000
KA-SAFETY-2440,16.8000,74.1000,52,2026-10-06,synthetic_demo,8000
KA-SAFETY-2441,16.8000,74.2000,61,2026-10-06,synthetic_demo,8000
KA-SAFETY-2442,16.8000,74.3000,66,2026-10-06,synthetic_demo,8000
KA-SAFETY-2443,16.8000,74.4000,35,2026-10-06,synthetic_demo,8000
KA-SAFETY-2444,16.8000,74.5000,19,2026-10-06,synthetic_demo,8000
KA-SAFETY-2445,16.8000,74.6000,81,2026-10-06,synthetic_demo,8000
KA-SAFETY-2446,16.8000,74.7000,71,2026-10-06,synthetic_demo,8000
KA-SAFETY-2447,16.8000,74.8000,39,2026-10-06,synthetic_demo,8000
KA-SAFETY-2448,16.8000,74.9000,88,2026-10-06,synthetic_demo,8000
KA-SAFETY-2449,16.8000,75.0000,78,2026-10-06,synthetic_demo,8000
KA-SAFETY-2450,16.8000,75.1000,78,2026-10-06,synthetic_demo,8000
KA-SAFETY-2451,16.8000,75.2000,23,2026-10-06,synthetic_demo,8000
KA-SAFETY-2452,16.8000,75.3000,62,2026-10-06,synthetic_demo,8000
KA-SAFETY-2453,16.8000,75.4000,15,2026-10-06,synthetic_demo,8000
KA-SAFETY-2454,16.8000,75.5000,22,2026-10-06,synthetic_demo,8000
KA-SAFETY-2455,16.8000,75.6000,54,2026-10-06,synthetic_demo,8000
KA-SAFETY-2456,16.8000,75.7000,51,2026-10-06,synthetic_demo,8000
KA-SAFETY-2457,16.8000,75.8000,20,2026-10-06,synthetic_demo,8000
KA-SAFETY-2458,16.8000,75.9000,58,2026-10-06,synthetic_demo,8000
KA-SAFETY-2459,16.8000,76.0000,73,2026-10-06,synthetic_demo,8000
KA-SAFETY-2460,16.8000,76.1000,95,2026-10-06,synthetic_demo,8000
KA-SAFETY-2461,16.8000,76.2000,22,2026-10-06,synthetic_demo,8000
KA-SAFETY-2462,16.8000,76.3000,24,2026-10-06,synthetic_demo,8000
KA-SAFETY-2463,16.8000,76.4000,76,2026-10-06,synthetic_demo,8000
KA-SAFETY-2464,16.8000,76.5000,16,2026-10-06,synthetic_demo,8000
KA-SAFETY-2465,16.8000,76.6000,66,2026-10-06,synthetic_demo,8000
KA-SAFETY-2466,16.8000,76.7000,69,2026-10-06,synthetic_demo,8000
KA-SAFETY-2467,16.8000,76.8000,65,2026-10-06,synthetic_demo,8000
KA-SAFETY-2468,16.8000,76.9000,34,2026-10-06,synthetic_demo,8000
KA-SAFETY-2469,16.8000,77.0000,29,2026-10-06,synthetic_demo,8000
KA-SAFETY-2470,16.8000,77.1000,20,2026-10-06,synthetic_demo,8000
KA-SAFETY-2471,16.8000,77.2000,31,2026-10-06,synthetic_demo,8000
KA-SAFETY-2472,16.8000,77.3000,47,2026-10-06,synthetic_demo,8000
KA-SAFETY-2473,16.8000,77.4000,60,2026-10-06,synthetic_demo,8000
KA-SAFETY-2474,16.8000,77.5000,45,2026-10-06,synthetic_demo,8000
KA-SAFETY-2475,16.8000,77.6000,36,2026-10-06,synthetic_demo,8000
KA-SAFETY-2476,16.8000,77.7000,85,2026-10-06,synthetic_demo,8000
KA-SAFETY-2477,16.8000,77.8000,86,2026-10-06,synthetic_demo,8000
KA-SAFETY-2478,16.8000,77.9000,32,2026-10-06,synthetic_demo,8000
KA-SAFETY-2479,16.8000,78.0000,60,2026-10-06,synthetic_demo,8000
KA-SAFETY-2480,16.8000,78.1000,47,2026-10-06,synthetic_demo,8000
KA-SAFETY-2481,16.8000,78.2000,21,2026-10-06,synthetic_demo,8000
KA-SAFETY-2482,16.8000,78.3000,54,2026-10-06,synthetic_demo,8000
KA-SAFETY-2483,16.8000,78.4000,30,2026-10-06,synthetic_demo,8000
KA-SAFETY-2484,16.8000,78.5000,48,2026-10-06,synthetic_demo,8000
KA-SAFETY-2485,16.9000,74.0000,86,2026-10-06,synthetic_demo,8000
KA-SAFETY-2486,16.9000,74.1000,60,2026-10-06,synthetic_demo,8000
KA-SAFETY-2487,16.9000,74.2000,82,2026-10-06,synthetic_demo,8000
KA-SAFETY-2488,16.9000,74.3000,23,2026-10-06,synthetic_demo,8000
KA-SAFETY-2489,16.9000,74.4000,25,2026-10-06,synthetic_demo,8000
KA-SAFETY-2490,16.9000,74.5000,48,2026-10-06,synthetic_demo,8000
KA-SAFETY-2491,16.9000,74.6000,94,2026-10-06,synthetic_demo,8000
KA-SAFETY-2492,16.9000,74.7000,24,2026-10-06,synthetic_demo,8000
KA-SAFETY-2493,16.9000,74.8000,52,2026-10-06,synthetic_demo,8000
KA-SAFETY-2494,16.9000,74.9000,75,2026-10-06,synthetic_demo,8000
KA-SAFETY-2495,16.9000,75.0000,75,2026-10-06,synthetic_demo,8000
KA-SAFETY-2496,16.9000,75.1000,31,2026-10-06,synthetic_demo,8000
KA-SAFETY-2497,16.9000,75.2000,69,2026-10-06,synthetic_demo,8000
KA-SAFETY-2498,16.9000,75.3000,68,2026-10-06,synthetic_demo,8000
KA-SAFETY-2499,16.9000,75.4000,23,2026-10-06,synthetic_demo,8000
KA-SAFETY-2500,16.9000,75.5000,92,2026-10-06,synthetic_demo,8000
KA-SAFETY-2501,16.9000,75.6000,32,2026-10-06,synthetic_demo,8000
KA-SAFETY-2502,16.9000,75.7000,53,2026-10-06,synthetic_demo,8000
KA-SAFETY-2503,16.9000,75.8000,28,2026-10-06,synthetic_demo,8000
KA-SAFETY-2504,16.9000,75.9000,56,2026-10-06,synthetic_demo,8000
KA-SAFETY-2505,16.9000,76.0000,88,2026-10-06,synthetic_demo,8000
KA-SAFETY-2506,16.9000,76.1000,33,2026-10-06,synthetic_demo,8000
KA-SAFETY-2507,16.9000,76.2000,75,2026-10-06,synthetic_demo,8000
KA-SAFETY-2508,16.9000,76.3000,27,2026-10-06,synthetic_demo,8000
KA-SAFETY-2509,16.9000,76.4000,74,2026-10-06,synthetic_demo,8000
KA-SAFETY-2510,16.9000,76.5000,92,2026-10-06,synthetic_demo,8000
KA-SAFETY-2511,16.9000,76.6000,41,2026-10-06,synthetic_demo,8000
KA-SAFETY-2512,16.9000,76.7000,60,2026-10-06,synthetic_demo,8000
KA-SAFETY-2513,16.9000,76.8000,40,2026-10-06,synthetic_demo,8000
KA-SAFETY-2514,16.9000,76.9000,67,2026-10-06,synthetic_demo,8000
KA-SAFETY-2515,16.9000,77.0000,89,2026-10-06,synthetic_demo,8000
KA-SAFETY-2516,16.9000,77.1000,64,2026-10-06,synthetic_demo,8000
KA-SAFETY-2517,16.9000,77.2000,31,2026-10-06,synthetic_demo,8000
KA-SAFETY-2518,16.9000,77.3000,38,2026-10-06,synthetic_demo,8000
KA-SAFETY-2519,16.9000,77.4000,64,2026-10-06,synthetic_demo,8000
KA-SAFETY-2520,16.9000,77.5000,89,2026-10-06,synthetic_demo,8000
KA-SAFETY-2521,16.9000,77.6000,23,2026-10-06,synthetic_demo,8000
KA-SAFETY-2522,16.9000,77.7000,49,2026-10-06,synthetic_demo,8000
KA-SAFETY-2523,16.9000,77.8000,86,2026-10-06,synthetic_demo,8000
KA-SAFETY-2524,16.9000,77.9000,26,2026-10-06,synthetic_demo,8000
KA-SAFETY-2525,16.9000,78.0000,48,2026-10-06,synthetic_demo,8000
KA-SAFETY-2526,16.9000,78.1000,39,2026-10-06,synthetic_demo,8000
KA-SAFETY-2527,16.9000,78.2000,18,2026-10-06,synthetic_demo,8000
KA-SAFETY-2528,16.9000,78.3000,46,2026-10-06,synthetic_demo,8000
KA-SAFETY-2529,16.9000,78.4000,68,2026-10-06,synthetic_demo,8000
KA-SAFETY-2530,16.9000,78.5000,67,2026-10-06,synthetic_demo,8000
KA-SAFETY-2531,17.0000,74.0000,57,2026-10-06,synthetic_demo,8000
KA-SAFETY-2532,17.0000,74.1000,19,2026-10-06,synthetic_demo,8000
KA-SAFETY-2533,17.0000,74.2000,86,2026-10-06,synthetic_demo,8000
KA-SAFETY-2534,17.0000,74.3000,33,2026-10-06,synthetic_demo,8000
KA-SAFETY-2535,17.0000,74.4000,79,2026-10-06,synthetic_demo,8000
KA-SAFETY-2536,17.0000,74.5000,53,2026-10-06,synthetic_demo,8000
KA-SAFETY-2537,17.0000,74.6000,83,2026-10-06,synthetic_demo,8000
KA-SAFETY-2538,17.0000,74.7000,68,2026-10-06,synthetic_demo,8000
KA-SAFETY-2539,17.0000,74.8000,75,2026-10-06,synthetic_demo,8000
KA-SAFETY-2540,17.0000,74.9000,91,2026-10-06,synthetic_demo,8000
KA-SAFETY-2541,17.0000,75.0000,19,2026-10-06,synthetic_demo,8000
KA-SAFETY-2542,17.0000,75.1000,78,2026-10-06,synthetic_demo,8000
KA-SAFETY-2543,17.0000,75.2000,69,2026-10-06,synthetic_demo,8000
KA-SAFETY-2544,17.0000,75.3000,48,2026-10-06,synthetic_demo,8000
KA-SAFETY-2545,17.0000,75.4000,66,2026-10-06,synthetic_demo,8000
KA-SAFETY-2546,17.0000,75.5000,19,2026-10-06,synthetic_demo,8000
KA-SAFETY-2547,17.0000,75.6000,72,2026-10-06,synthetic_demo,8000
KA-SAFETY-2548,17.0000,75.7000,45,2026-10-06,synthetic_demo,8000
KA-SAFETY-2549,17.0000,75.8000,71,2026-10-06,synthetic_demo,8000
KA-SAFETY-2550,17.0000,75.9000,64,2026-10-06,synthetic_demo,8000
KA-SAFETY-2551,17.0000,76.0000,62,2026-10-06,synthetic_demo,8000
KA-SAFETY-2552,17.0000,76.1000,59,2026-10-06,synthetic_demo,8000
KA-SAFETY-2553,17.0000,76.2000,42,2026-10-06,synthetic_demo,8000
KA-SAFETY-2554,17.0000,76.3000,76,2026-10-06,synthetic_demo,8000
KA-SAFETY-2555,17.0000,76.4000,95,2026-10-06,synthetic_demo,8000
KA-SAFETY-2556,17.0000,76.5000,30,2026-10-06,synthetic_demo,8000
KA-SAFETY-2557,17.0000,76.6000,35,2026-10-06,synthetic_demo,8000
KA-SAFETY-2558,17.0000,76.7000,71,2026-10-06,synthetic_demo,8000
KA-SAFETY-2559,17.0000,76.8000,15,2026-10-06,synthetic_demo,8000
KA-SAFETY-2560,17.0000,76.9000,56,2026-10-06,synthetic_demo,8000
KA-SAFETY-2561,17.0000,77.0000,57,2026-10-06,synthetic_demo,8000
KA-SAFETY-2562,17.0000,77.1000,92,2026-10-06,synthetic_demo,8000
KA-SAFETY-2563,17.0000,77.2000,52,2026-10-06,synthetic_demo,8000
KA-SAFETY-2564,17.0000,77.3000,46,2026-10-06,synthetic_demo,8000
KA-SAFETY-2565,17.0000,77.4000,91,2026-10-06,synthetic_demo,8000
KA-SAFETY-2566,17.0000,77.5000,68,2026-10-06,synthetic_demo,8000
KA-SAFETY-2567,17.0000,77.6000,44,2026-10-06,synthetic_demo,8000
KA-SAFETY-2568,17.0000,77.7000,80,2026-10-06,synthetic_demo,8000
KA-SAFETY-2569,17.0000,77.8000,75,2026-10-06,synthetic_demo,8000
KA-SAFETY-2570,17.0000,77.9000,74,2026-10-06,synthetic_demo,8000
KA-SAFETY-2571,17.0000,78.0000,21,2026-10-06,synthetic_demo,8000
KA-SAFETY-2572,17.0000,78.1000,86,2026-10-06,synthetic_demo,8000
KA-SAFETY-2573,17.0000,78.2000,31,2026-10-06,synthetic_demo,8000
KA-SAFETY-2574,17.0000,78.3000,34,2026-10-06,synthetic_demo,8000
KA-SAFETY-2575,17.0000,78.4000,79,2026-10-06,synthetic_demo,8000
KA-SAFETY-2576,17.0000,78.5000,47,2026-10-06,synthetic_demo,8000
KA-SAFETY-2577,17.1000,74.0000,16,2026-10-06,synthetic_demo,8000
KA-SAFETY-2578,17.1000,74.1000,73,2026-10-06,synthetic_demo,8000
KA-SAFETY-2579,17.1000,74.2000,94,2026-10-06,synthetic_demo,8000
KA-SAFETY-2580,17.1000,74.3000,21,2026-10-06,synthetic_demo,8000
KA-SAFETY-2581,17.1000,74.4000,72,2026-10-06,synthetic_demo,8000
KA-SAFETY-2582,17.1000,74.5000,91,2026-10-06,synthetic_demo,8000
KA-SAFETY-2583,17.1000,74.6000,42,2026-10-06,synthetic_demo,8000
KA-SAFETY-2584,17.1000,74.7000,64,2026-10-06,synthetic_demo,8000
KA-SAFETY-2585,17.1000,74.8000,32,2026-10-06,synthetic_demo,8000
KA-SAFETY-2586,17.1000,74.9000,69,2026-10-06,synthetic_demo,8000
KA-SAFETY-2587,17.1000,75.0000,53,2026-10-06,synthetic_demo,8000
KA-SAFETY-2588,17.1000,75.1000,95,2026-10-06,synthetic_demo,8000
KA-SAFETY-2589,17.1000,75.2000,91,2026-10-06,synthetic_demo,8000
KA-SAFETY-2590,17.1000,75.3000,20,2026-10-06,synthetic_demo,8000
KA-SAFETY-2591,17.1000,75.4000,20,2026-10-06,synthetic_demo,8000
KA-SAFETY-2592,17.1000,75.5000,40,2026-10-06,synthetic_demo,8000
KA-SAFETY-2593,17.1000,75.6000,64,2026-10-06,synthetic_demo,8000
KA-SAFETY-2594,17.1000,75.7000,29,2026-10-06,synthetic_demo,8000
KA-SAFETY-2595,17.1000,75.8000,24,2026-10-06,synthetic_demo,8000
KA-SAFETY-2596,17.1000,75.9000,70,2026-10-06,synthetic_demo,8000
KA-SAFETY-2597,17.1000,76.0000,69,2026-10-06,synthetic_demo,8000
KA-SAFETY-2598,17.1000,76.1000,19,2026-10-06,synthetic_demo,8000
KA-SAFETY-2599,17.1000,76.2000,49,2026-10-06,synthetic_demo,8000
KA-SAFETY-2600,17.1000,76.3000,76,2026-10-06,synthetic_demo,8000
KA-SAFETY-2601,17.1000,76.4000,33,2026-10-06,synthetic_demo,8000
KA-SAFETY-2602,17.1000,76.5000,92,2026-10-06,synthetic_demo,8000
KA-SAFETY-2603,17.1000,76.6000,42,2026-10-06,synthetic_demo,8000
KA-SAFETY-2604,17.1000,76.7000,16,2026-10-06,synthetic_demo,8000
KA-SAFETY-2605,17.1000,76.8000,37,2026-10-06,synthetic_demo,8000
KA-SAFETY-2606,17.1000,76.9000,56,2026-10-06,synthetic_demo,8000
KA-SAFETY-2607,17.1000,77.0000,24,2026-10-06,synthetic_demo,8000
KA-SAFETY-2608,17.1000,77.1000,43,2026-10-06,synthetic_demo,8000
KA-SAFETY-2609,17.1000,77.2000,69,2026-10-06,synthetic_demo,8000
KA-SAFETY-2610,17.1000,77.3000,20,2026-10-06,synthetic_demo,8000
KA-SAFETY-2611,17.1000,77.4000,40,2026-10-06,synthetic_demo,8000
KA-SAFETY-2612,17.1000,77.5000,78,2026-10-06,synthetic_demo,8000
KA-SAFETY-2613,17.1000,77.6000,38,2026-10-06,synthetic_demo,8000
KA-SAFETY-2614,17.1000,77.7000,62,2026-10-06,synthetic_demo,8000
KA-SAFETY-2615,17.1000,77.8000,51,2026-10-06,synthetic_demo,8000
KA-SAFETY-2616,17.1000,77.9000,84,2026-10-06,synthetic_demo,8000
KA-SAFETY-2617,17.1000,78.0000,43,2026-10-06,synthetic_demo,8000
KA-SAFETY-2618,17.1000,78.1000,42,2026-10-06,synthetic_demo,8000
KA-SAFETY-2619,17.1000,78.2000,60,2026-10-06,synthetic_demo,8000
KA-SAFETY-2620,17.1000,78.3000,83,2026-10-06,synthetic_demo,8000
KA-SAFETY-2621,17.1000,78.4000,50,2026-10-06,synthetic_demo,8000
KA-SAFETY-2622,17.1000,78.5000,83,2026-10-06,synthetic_demo,8000
KA-SAFETY-2623,17.2000,74.0000,87,2026-10-06,synthetic_demo,8000
KA-SAFETY-2624,17.2000,74.1000,71,2026-10-06,synthetic_demo,8000
KA-SAFETY-2625,17.2000,74.2000,65,2026-10-06,synthetic_demo,8000
KA-SAFETY-2626,17.2000,74.3000,84,2026-10-06,synthetic_demo,8000
KA-SAFETY-2627,17.2000,74.4000,74,2026-10-06,synthetic_demo,8000
KA-SAFETY-2628,17.2000,74.5000,20,2026-10-06,synthetic_demo,8000
KA-SAFETY-2629,17.2000,74.6000,42,2026-10-06,synthetic_demo,8000
KA-SAFETY-2630,17.2000,74.7000,90,2026-10-06,synthetic_demo,8000
KA-SAFETY-2631,17.2000,74.8000,73,2026-10-06,synthetic_demo,8000
KA-SAFETY-2632,17.2000,74.9000,92,2026-10-06,synthetic_demo,8000
KA-SAFETY-2633,17.2000,75.0000,76,2026-10-06,synthetic_demo,8000
KA-SAFETY-2634,17.2000,75.1000,32,2026-10-06,synthetic_demo,8000
KA-SAFETY-2635,17.2000,75.2000,47,2026-10-06,synthetic_demo,8000
KA-SAFETY-2636,17.2000,75.3000,45,2026-10-06,synthetic_demo,8000
KA-SAFETY-2637,17.2000,75.4000,48,2026-10-06,synthetic_demo,8000
KA-SAFETY-2638,17.2000,75.5000,48,2026-10-06,synthetic_demo,8000
KA-SAFETY-2639,17.2000,75.6000,64,2026-10-06,synthetic_demo,8000
KA-SAFETY-2640,17.2000,75.7000,69,2026-10-06,synthetic_demo,8000
KA-SAFETY-2641,17.2000,75.8000,60,2026-10-06,synthetic_demo,8000
KA-SAFETY-2642,17.2000,75.9000,56,2026-10-06,synthetic_demo,8000
KA-SAFETY-2643,17.2000,76.0000,75,2026-10-06,synthetic_demo,8000
KA-SAFETY-2644,17.2000,76.1000,29,2026-10-06,synthetic_demo,8000
KA-SAFETY-2645,17.2000,76.2000,90,2026-10-06,synthetic_demo,8000
KA-SAFETY-2646,17.2000,76.3000,58,2026-10-06,synthetic_demo,8000
KA-SAFETY-2647,17.2000,76.4000,49,2026-10-06,synthetic_demo,8000
KA-SAFETY-2648,17.2000,76.5000,74,2026-10-06,synthetic_demo,8000
KA-SAFETY-2649,17.2000,76.6000,36,2026-10-06,synthetic_demo,8000
KA-SAFETY-2650,17.2000,76.7000,30,2026-10-06,synthetic_demo,8000
KA-SAFETY-2651,17.2000,76.8000,46,2026-10-06,synthetic_demo,8000
KA-SAFETY-2652,17.2000,76.9000,53,2026-10-06,synthetic_demo,8000
KA-SAFETY-2653,17.2000,77.0000,80,2026-10-06,synthetic_demo,8000
KA-SAFETY-2654,17.2000,77.1000,66,2026-10-06,synthetic_demo,8000
KA-SAFETY-2655,17.2000,77.2000,72,2026-10-06,synthetic_demo,8000
KA-SAFETY-2656,17.2000,77.3000,92,2026-10-06,synthetic_demo,8000
KA-SAFETY-2657,17.2000,77.4000,43,2026-10-06,synthetic_demo,8000
KA-SAFETY-2658,17.2000,77.5000,61,2026-10-06,synthetic_demo,8000
KA-SAFETY-2659,17.2000,77.6000,79,2026-10-06,synthetic_demo,8000
KA-SAFETY-2660,17.2000,77.7000,42,2026-10-06,synthetic_demo,8000
KA-SAFETY-2661,17.2000,77.8000,77,2026-10-06,synthetic_demo,8000
KA-SAFETY-2662,17.2000,77.9000,58,2026-10-06,synthetic_demo,8000
KA-SAFETY-2663,17.2000,78.0000,51,2026-10-06,synthetic_demo,8000
KA-SAFETY-2664,17.2000,78.1000,64,2026-10-06,synthetic_demo,8000
KA-SAFETY-2665,17.2000,78.2000,51,2026-10-06,synthetic_demo,8000
KA-SAFETY-2666,17.2000,78.3000,51,2026-10-06,synthetic_demo,8000
KA-SAFETY-2667,17.2000,78.4000,30,2026-10-06,synthetic_demo,8000
KA-SAFETY-2668,17.2000,78.5000,67,2026-10-06,synthetic_demo,8000
KA-SAFETY-2669,17.3000,74.0000,87,2026-10-06,synthetic_demo,8000
KA-SAFETY-2670,17.3000,74.1000,21,2026-10-06,synthetic_demo,8000
KA-SAFETY-2671,17.3000,74.2000,21,2026-10-06,synthetic_demo,8000
KA-SAFETY-2672,17.3000,74.3000,46,2026-10-06,synthetic_demo,8000
KA-SAFETY-2673,17.3000,74.4000,42,2026-10-06,synthetic_demo,8000
KA-SAFETY-2674,17.3000,74.5000,51,2026-10-06,synthetic_demo,8000
KA-SAFETY-2675,17.3000,74.6000,51,2026-10-06,synthetic_demo,8000
KA-SAFETY-2676,17.3000,74.7000,16,2026-10-06,synthetic_demo,8000
KA-SAFETY-2677,17.3000,74.8000,63,2026-10-06,synthetic_demo,8000
KA-SAFETY-2678,17.3000,74.9000,32,2026-10-06,synthetic_demo,8000
KA-SAFETY-2679,17.3000,75.0000,57,2026-10-06,synthetic_demo,8000
KA-SAFETY-2680,17.3000,75.1000,15,2026-10-06,synthetic_demo,8000
KA-SAFETY-2681,17.3000,75.2000,29,2026-10-06,synthetic_demo,8000
KA-SAFETY-2682,17.3000,75.3000,81,2026-10-06,synthetic_demo,8000
KA-SAFETY-2683,17.3000,75.4000,87,2026-10-06,synthetic_demo,8000
KA-SAFETY-2684,17.3000,75.5000,16,2026-10-06,synthetic_demo,8000
KA-SAFETY-2685,17.3000,75.6000,31,2026-10-06,synthetic_demo,8000
KA-SAFETY-2686,17.3000,75.7000,93,2026-10-06,synthetic_demo,8000
KA-SAFETY-2687,17.3000,75.8000,36,2026-10-06,synthetic_demo,8000
KA-SAFETY-2688,17.3000,75.9000,25,2026-10-06,synthetic_demo,8000
KA-SAFETY-2689,17.3000,76.0000,34,2026-10-06,synthetic_demo,8000
KA-SAFETY-2690,17.3000,76.1000,76,2026-10-06,synthetic_demo,8000
KA-SAFETY-2691,17.3000,76.2000,81,2026-10-06,synthetic_demo,8000
KA-SAFETY-2692,17.3000,76.3000,22,2026-10-06,synthetic_demo,8000
KA-SAFETY-2693,17.3000,76.4000,52,2026-10-06,synthetic_demo,8000
KA-SAFETY-2694,17.3000,76.5000,48,2026-10-06,synthetic_demo,8000
KA-SAFETY-2695,17.3000,76.6000,23,2026-10-06,synthetic_demo,8000
KA-SAFETY-2696,17.3000,76.7000,61,2026-10-06,synthetic_demo,8000
KA-SAFETY-2697,17.3000,76.8000,38,2026-10-06,synthetic_demo,8000
KA-SAFETY-2698,17.3000,76.9000,25,2026-10-06,synthetic_demo,8000
KA-SAFETY-2699,17.3000,77.0000,26,2026-10-06,synthetic_demo,8000
KA-SAFETY-2700,17.3000,77.1000,44,2026-10-06,synthetic_demo,8000
KA-SAFETY-2701,17.3000,77.2000,68,2026-10-06,synthetic_demo,8000
KA-SAFETY-2702,17.3000,77.3000,79,2026-10-06,synthetic_demo,8000
KA-SAFETY-2703,17.3000,77.4000,35,2026-10-06,synthetic_demo,8000
KA-SAFETY-2704,17.3000,77.5000,45,2026-10-06,synthetic_demo,8000
KA-SAFETY-2705,17.3000,77.6000,40,2026-10-06,synthetic_demo,8000
KA-SAFETY-2706,17.3000,77.7000,92,2026-10-06,synthetic_demo,8000
KA-SAFETY-2707,17.3000,77.8000,47,2026-10-06,synthetic_demo,8000
KA-SAFETY-2708,17.3000,77.9000,28,2026-10-06,synthetic_demo,8000
KA-SAFETY-2709,17.3000,78.0000,23,2026-10-06,synthetic_demo,8000
KA-SAFETY-2710,17.3000,78.1000,81,2026-10-06,synthetic_demo,8000
KA-SAFETY-2711,17.3000,78.2000,37,2026-10-06,synthetic_demo,8000
KA-SAFETY-2712,17.3000,78.3000,25,2026-10-06,synthetic_demo,8000
KA-SAFETY-2713,17.3000,78.4000,71,2026-10-06,synthetic_demo,8000
KA-SAFETY-2714,17.3000,78.5000,43,2026-10-06,synthetic_demo,8000
KA-SAFETY-2715,17.4000,74.0000,50,2026-10-06,synthetic_demo,8000
KA-SAFETY-2716,17.4000,74.1000,75,2026-10-06,synthetic_demo,8000
KA-SAFETY-2717,17.4000,74.2000,27,2026-10-06,synthetic_demo,8000
KA-SAFETY-2718,17.4000,74.3000,83,2026-10-06,synthetic_demo,8000
KA-SAFETY-2719,17.4000,74.4000,71,2026-10-06,synthetic_demo,8000
KA-SAFETY-2720,17.4000,74.5000,90,2026-10-06,synthetic_demo,8000
KA-SAFETY-2721,17.4000,74.6000,18,2026-10-06,synthetic_demo,8000
KA-SAFETY-2722,17.4000,74.7000,26,2026-10-06,synthetic_demo,8000
KA-SAFETY-2723,17.4000,74.8000,81,2026-10-06,synthetic_demo,8000
KA-SAFETY-2724,17.4000,74.9000,95,2026-10-06,synthetic_demo,8000
KA-SAFETY-2725,17.4000,75.0000,51,2026-10-06,synthetic_demo,8000
KA-SAFETY-2726,17.4000,75.1000,36,2026-10-06,synthetic_demo,8000
KA-SAFETY-2727,17.4000,75.2000,60,2026-10-06,synthetic_demo,8000
KA-SAFETY-2728,17.4000,75.3000,81,2026-10-06,synthetic_demo,8000
KA-SAFETY-2729,17.4000,75.4000,94,2026-10-06,synthetic_demo,8000
KA-SAFETY-2730,17.4000,75.5000,15,2026-10-06,synthetic_demo,8000
KA-SAFETY-2731,17.4000,75.6000,38,2026-10-06,synthetic_demo,8000
KA-SAFETY-2732,17.4000,75.7000,23,2026-10-06,synthetic_demo,8000
KA-SAFETY-2733,17.4000,75.8000,85,2026-10-06,synthetic_demo,8000
KA-SAFETY-2734,17.4000,75.9000,74,2026-10-06,synthetic_demo,8000
KA-SAFETY-2735,17.4000,76.0000,57,2026-10-06,synthetic_demo,8000
KA-SAFETY-2736,17.4000,76.1000,80,2026-10-06,synthetic_demo,8000
KA-SAFETY-2737,17.4000,76.2000,39,2026-10-06,synthetic_demo,8000
KA-SAFETY-2738,17.4000,76.3000,60,2026-10-06,synthetic_demo,8000
KA-SAFETY-2739,17.4000,76.4000,33,2026-10-06,synthetic_demo,8000
KA-SAFETY-2740,17.4000,76.5000,34,2026-10-06,synthetic_demo,8000
KA-SAFETY-2741,17.4000,76.6000,15,2026-10-06,synthetic_demo,8000
KA-SAFETY-2742,17.4000,76.7000,60,2026-10-06,synthetic_demo,8000
KA-SAFETY-2743,17.4000,76.8000,20,2026-10-06,synthetic_demo,8000
KA-SAFETY-2744,17.4000,76.9000,93,2026-10-06,synthetic_demo,8000
KA-SAFETY-2745,17.4000,77.0000,60,2026-10-06,synthetic_demo,8000
KA-SAFETY-2746,17.4000,77.1000,50,2026-10-06,synthetic_demo,8000
KA-SAFETY-2747,17.4000,77.2000,67,2026-10-06,synthetic_demo,8000
KA-SAFETY-2748,17.4000,77.3000,83,2026-10-06,synthetic_demo,8000
KA-SAFETY-2749,17.4000,77.4000,61,2026-10-06,synthetic_demo,8000
KA-SAFETY-2750,17.4000,77.5000,59,2026-10-06,synthetic_demo,8000
KA-SAFETY-2751,17.4000,77.6000,74,2026-10-06,synthetic_demo,8000
KA-SAFETY-2752,17.4000,77.7000,82,2026-10-06,synthetic_demo,8000
KA-SAFETY-2753,17.4000,77.8000,61,2026-10-06,synthetic_demo,8000
KA-SAFETY-2754,17.4000,77.9000,29,2026-10-06,synthetic_demo,8000
KA-SAFETY-2755,17.4000,78.0000,65,2026-10-06,synthetic_demo,8000
KA-SAFETY-2756,17.4000,78.1000,43,2026-10-06,synthetic_demo,8000
KA-SAFETY-2757,17.4000,78.2000,69,2026-10-06,synthetic_demo,8000
KA-SAFETY-2758,17.4000,78.3000,75,2026-10-06,synthetic_demo,8000
KA-SAFETY-2759,17.4000,78.4000,54,2026-10-06,synthetic_demo,8000
KA-SAFETY-2760,17.4000,78.5000,61,2026-10-06,synthetic_demo,8000
KA-SAFETY-2761,17.5000,74.0000,68,2026-10-06,synthetic_demo,8000
KA-SAFETY-2762,17.5000,74.1000,41,2026-10-06,synthetic_demo,8000
KA-SAFETY-2763,17.5000,74.2000,70,2026-10-06,synthetic_demo,8000
KA-SAFETY-2764,17.5000,74.3000,57,2026-10-06,synthetic_demo,8000
KA-SAFETY-2765,17.5000,74.4000,58,2026-10-06,synthetic_demo,8000
KA-SAFETY-2766,17.5000,74.5000,45,2026-10-06,synthetic_demo,8000
KA-SAFETY-2767,17.5000,74.6000,84,2026-10-06,synthetic_demo,8000
KA-SAFETY-2768,17.5000,74.7000,78,2026-10-06,synthetic_demo,8000
KA-SAFETY-2769,17.5000,74.8000,73,2026-10-06,synthetic_demo,8000
KA-SAFETY-2770,17.5000,74.9000,39,2026-10-06,synthetic_demo,8000
KA-SAFETY-2771,17.5000,75.0000,57,2026-10-06,synthetic_demo,8000
KA-SAFETY-2772,17.5000,75.1000,36,2026-10-06,synthetic_demo,8000
KA-SAFETY-2773,17.5000,75.2000,93,2026-10-06,synthetic_demo,8000
KA-SAFETY-2774,17.5000,75.3000,38,2026-10-06,synthetic_demo,8000
KA-SAFETY-2775,17.5000,75.4000,34,2026-10-06,synthetic_demo,8000
KA-SAFETY-2776,17.5000,75.5000,56,2026-10-06,synthetic_demo,8000
KA-SAFETY-2777,17.5000,75.6000,35,2026-10-06,synthetic_demo,8000
KA-SAFETY-2778,17.5000,75.7000,64,2026-10-06,synthetic_demo,8000
KA-SAFETY-2779,17.5000,75.8000,28,2026-10-06,synthetic_demo,8000
KA-SAFETY-2780,17.5000,75.9000,30,2026-10-06,synthetic_demo,8000
KA-SAFETY-2781,17.5000,76.0000,67,2026-10-06,synthetic_demo,8000
KA-SAFETY-2782,17.5000,76.1000,42,2026-10-06,synthetic_demo,8000
KA-SAFETY-2783,17.5000,76.2000,61,2026-10-06,synthetic_demo,8000
KA-SAFETY-2784,17.5000,76.3000,62,2026-10-06,synthetic_demo,8000
KA-SAFETY-2785,17.5000,76.4000,90,2026-10-06,synthetic_demo,8000
KA-SAFETY-2786,17.5000,76.5000,55,2026-10-06,synthetic_demo,8000
KA-SAFETY-2787,17.5000,76.6000,33,2026-10-06,synthetic_demo,8000
KA-SAFETY-2788,17.5000,76.7000,73,2026-10-06,synthetic_demo,8000
KA-SAFETY-2789,17.5000,76.8000,66,2026-10-06,synthetic_demo,8000
KA-SAFETY-2790,17.5000,76.9000,46,2026-10-06,synthetic_demo,8000
KA-SAFETY-2791,17.5000,77.0000,80,2026-10-06,synthetic_demo,8000
KA-SAFETY-2792,17.5000,77.1000,28,2026-10-06,synthetic_demo,8000
KA-SAFETY-2793,17.5000,77.2000,91,2026-10-06,synthetic_demo,8000
KA-SAFETY-2794,17.5000,77.3000,56,2026-10-06,synthetic_demo,8000
KA-SAFETY-2795,17.5000,77.4000,61,2026-10-06,synthetic_demo,8000
KA-SAFETY-2796,17.5000,77.5000,59,2026-10-06,synthetic_demo,8000
KA-SAFETY-2797,17.5000,77.6000,54,2026-10-06,synthetic_demo,8000
KA-SAFETY-2798,17.5000,77.7000,95,2026-10-06,synthetic_demo,8000
KA-SAFETY-2799,17.5000,77.8000,43,2026-10-06,synthetic_demo,8000
KA-SAFETY-2800,17.5000,77.9000,83,2026-10-06,synthetic_demo,8000
KA-SAFETY-2801,17.5000,78.0000,77,2026-10-06,synthetic_demo,8000
KA-SAFETY-2802,17.5000,78.1000,83,2026-10-06,synthetic_demo,8000
KA-SAFETY-2803,17.5000,78.2000,33,2026-10-06,synthetic_demo,8000
KA-SAFETY-2804,17.5000,78.3000,38,2026-10-06,synthetic_demo,8000
KA-SAFETY-2805,17.5000,78.4000,53,2026-10-06,synthetic_demo,8000
KA-SAFETY-2806,17.5000,78.5000,18,2026-10-06,synthetic_demo,8000
KA-SAFETY-2807,17.6000,74.0000,51,2026-10-06,synthetic_demo,8000
KA-SAFETY-2808,17.6000,74.1000,29,2026-10-06,synthetic_demo,8000
KA-SAFETY-2809,17.6000,74.2000,69,2026-10-06,synthetic_demo,8000
KA-SAFETY-2810,17.6000,74.3000,70,2026-10-06,synthetic_demo,8000
KA-SAFETY-2811,17.6000,74.4000,89,2026-10-06,synthetic_demo,8000
KA-SAFETY-2812,17.6000,74.5000,24,2026-10-06,synthetic_demo,8000
KA-SAFETY-2813,17.6000,74.6000,67,2026-10-06,synthetic_demo,8000
KA-SAFETY-2814,17.6000,74.7000,76,2026-10-06,synthetic_demo,8000
KA-SAFETY-2815,17.6000,74.8000,21,2026-10-06,synthetic_demo,8000
KA-SAFETY-2816,17.6000,74.9000,19,2026-10-06,synthetic_demo,8000
KA-SAFETY-2817,17.6000,75.0000,22,2026-10-06,synthetic_demo,8000
KA-SAFETY-2818,17.6000,75.1000,46,2026-10-06,synthetic_demo,8000
KA-SAFETY-2819,17.6000,75.2000,68,2026-10-06,synthetic_demo,8000
KA-SAFETY-2820,17.6000,75.3000,41,2026-10-06,synthetic_demo,8000
KA-SAFETY-2821,17.6000,75.4000,90,2026-10-06,synthetic_demo,8000
KA-SAFETY-2822,17.6000,75.5000,45,2026-10-06,synthetic_demo,8000
KA-SAFETY-2823,17.6000,75.6000,36,2026-10-06,synthetic_demo,8000
KA-SAFETY-2824,17.6000,75.7000,26,2026-10-06,synthetic_demo,8000
KA-SAFETY-2825,17.6000,75.8000,63,2026-10-06,synthetic_demo,8000
KA-SAFETY-2826,17.6000,75.9000,23,2026-10-06,synthetic_demo,8000
KA-SAFETY-2827,17.6000,76.0000,31,2026-10-06,synthetic_demo,8000
KA-SAFETY-2828,17.6000,76.1000,65,2026-10-06,synthetic_demo,8000
KA-SAFETY-2829,17.6000,76.2000,69,2026-10-06,synthetic_demo,8000
KA-SAFETY-2830,17.6000,76.3000,77,2026-10-06,synthetic_demo,8000
KA-SAFETY-2831,17.6000,76.4000,70,2026-10-06,synthetic_demo,8000
KA-SAFETY-2832,17.6000,76.5000,37,2026-10-06,synthetic_demo,8000
KA-SAFETY-2833,17.6000,76.6000,34,2026-10-06,synthetic_demo,8000
KA-SAFETY-2834,17.6000,76.7000,40,2026-10-06,synthetic_demo,8000
KA-SAFETY-2835,17.6000,76.8000,73,2026-10-06,synthetic_demo,8000
KA-SAFETY-2836,17.6000,76.9000,72,2026-10-06,synthetic_demo,8000
KA-SAFETY-2837,17.6000,77.0000,88,2026-10-06,synthetic_demo,8000
KA-SAFETY-2838,17.6000,77.1000,31,2026-10-06,synthetic_demo,8000
KA-SAFETY-2839,17.6000,77.2000,57,2026-10-06,synthetic_demo,8000
KA-SAFETY-2840,17.6000,77.3000,58,2026-10-06,synthetic_demo,8000
KA-SAFETY-2841,17.6000,77.4000,19,2026-10-06,synthetic_demo,8000
KA-SAFETY-2842,17.6000,77.5000,59,2026-10-06,synthetic_demo,8000
KA-SAFETY-2843,17.6000,77.6000,16,2026-10-06,synthetic_demo,8000
KA-SAFETY-2844,17.6000,77.7000,74,2026-10-06,synthetic_demo,8000
KA-SAFETY-2845,17.6000,77.8000,70,2026-10-06,synthetic_demo,8000
KA-SAFETY-2846,17.6000,77.9000,74,2026-10-06,synthetic_demo,8000
KA-SAFETY-2847,17.6000,78.0000,71,2026-10-06,synthetic_demo,8000
KA-SAFETY-2848,17.6000,78.1000,83,2026-10-06,synthetic_demo,8000
KA-SAFETY-2849,17.6000,78.2000,56,2026-10-06,synthetic_demo,8000
KA-SAFETY-2850,17.6000,78.3000,29,2026-10-06,synthetic_demo,8000
KA-SAFETY-2851,17.6000,78.4000,29,2026-10-06,synthetic_demo,8000
KA-SAFETY-2852,17.6000,78.5000,93,2026-10-06,synthetic_demo,8000
KA-SAFETY-2853,17.7000,74.0000,20,2026-10-06,synthetic_demo,8000
KA-SAFETY-2854,17.7000,74.1000,45,2026-10-06,synthetic_demo,8000
KA-SAFETY-2855,17.7000,74.2000,79,2026-10-06,synthetic_demo,8000
KA-SAFETY-2856,17.7000,74.3000,67,2026-10-06,synthetic_demo,8000
KA-SAFETY-2857,17.7000,74.4000,54,2026-10-06,synthetic_demo,8000
KA-SAFETY-2858,17.7000,74.5000,83,2026-10-06,synthetic_demo,8000
KA-SAFETY-2859,17.7000,74.6000,54,2026-10-06,synthetic_demo,8000
KA-SAFETY-2860,17.7000,74.7000,75,2026-10-06,synthetic_demo,8000
KA-SAFETY-2861,17.7000,74.8000,82,2026-10-06,synthetic_demo,8000
KA-SAFETY-2862,17.7000,74.9000,23,2026-10-06,synthetic_demo,8000
KA-SAFETY-2863,17.7000,75.0000,92,2026-10-06,synthetic_demo,8000
KA-SAFETY-2864,17.7000,75.1000,68,2026-10-06,synthetic_demo,8000
KA-SAFETY-2865,17.7000,75.2000,38,2026-10-06,synthetic_demo,8000
KA-SAFETY-2866,17.7000,75.3000,59,2026-10-06,synthetic_demo,8000
KA-SAFETY-2867,17.7000,75.4000,51,2026-10-06,synthetic_demo,8000
KA-SAFETY-2868,17.7000,75.5000,74,2026-10-06,synthetic_demo,8000
KA-SAFETY-2869,17.7000,75.6000,42,2026-10-06,synthetic_demo,8000
KA-SAFETY-2870,17.7000,75.7000,59,2026-10-06,synthetic_demo,8000
KA-SAFETY-2871,17.7000,75.8000,90,2026-10-06,synthetic_demo,8000
KA-SAFETY-2872,17.7000,75.9000,58,2026-10-06,synthetic_demo,8000
KA-SAFETY-2873,17.7000,76.0000,82,2026-10-06,synthetic_demo,8000
KA-SAFETY-2874,17.7000,76.1000,26,2026-10-06,synthetic_demo,8000
KA-SAFETY-2875,17.7000,76.2000,92,2026-10-06,synthetic_demo,8000
KA-SAFETY-2876,17.7000,76.3000,29,2026-10-06,synthetic_demo,8000
KA-SAFETY-2877,17.7000,76.4000,22,2026-10-06,synthetic_demo,8000
KA-SAFETY-2878,17.7000,76.5000,24,2026-10-06,synthetic_demo,8000
KA-SAFETY-2879,17.7000,76.6000,69,2026-10-06,synthetic_demo,8000
KA-SAFETY-2880,17.7000,76.7000,20,2026-10-06,synthetic_demo,8000
KA-SAFETY-2881,17.7000,76.8000,64,2026-10-06,synthetic_demo,8000
KA-SAFETY-2882,17.7000,76.9000,75,2026-10-06,synthetic_demo,8000
KA-SAFETY-2883,17.7000,77.0000,79,2026-10-06,synthetic_demo,8000
KA-SAFETY-2884,17.7000,77.1000,27,2026-10-06,synthetic_demo,8000
KA-SAFETY-2885,17.7000,77.2000,52,2026-10-06,synthetic_demo,8000
KA-SAFETY-2886,17.7000,77.3000,66,2026-10-06,synthetic_demo,8000
KA-SAFETY-2887,17.7000,77.4000,17,2026-10-06,synthetic_demo,8000
KA-SAFETY-2888,17.7000,77.5000,73,2026-10-06,synthetic_demo,8000
KA-SAFETY-2889,17.7000,77.6000,15,2026-10-06,synthetic_demo,8000
KA-SAFETY-2890,17.7000,77.7000,63,2026-10-06,synthetic_demo,8000
KA-SAFETY-2891,17.7000,77.8000,61,2026-10-06,synthetic_demo,8000
KA-SAFETY-2892,17.7000,77.9000,56,2026-10-06,synthetic_demo,8000
KA-SAFETY-2893,17.7000,78.0000,45,2026-10-06,synthetic_demo,8000
KA-SAFETY-2894,17.7000,78.1000,95,2026-10-06,synthetic_demo,8000
KA-SAFETY-2895,17.7000,78.2000,61,2026-10-06,synthetic_demo,8000
KA-SAFETY-2896,17.7000,78.3000,44,2026-10-06,synthetic_demo,8000
KA-SAFETY-2897,17.7000,78.4000,26,2026-10-06,synthetic_demo,8000
KA-SAFETY-2898,17.7000,78.5000,48,2026-10-06,synthetic_demo,8000
KA-SAFETY-2899,17.8000,74.0000,46,2026-10-06,synthetic_demo,8000
KA-SAFETY-2900,17.8000,74.1000,77,2026-10-06,synthetic_demo,8000
KA-SAFETY-2901,17.8000,74.2000,17,2026-10-06,synthetic_demo,8000
KA-SAFETY-2902,17.8000,74.3000,57,2026-10-06,synthetic_demo,8000
KA-SAFETY-2903,17.8000,74.4000,74,2026-10-06,synthetic_demo,8000
KA-SAFETY-2904,17.8000,74.5000,43,2026-10-06,synthetic_demo,8000
KA-SAFETY-2905,17.8000,74.6000,42,2026-10-06,synthetic_demo,8000
KA-SAFETY-2906,17.8000,74.7000,38,2026-10-06,synthetic_demo,8000
KA-SAFETY-2907,17.8000,74.8000,67,2026-10-06,synthetic_demo,8000
KA-SAFETY-2908,17.8000,74.9000,69,2026-10-06,synthetic_demo,8000
KA-SAFETY-2909,17.8000,75.0000,95,2026-10-06,synthetic_demo,8000
KA-SAFETY-2910,17.8000,75.1000,18,2026-10-06,synthetic_demo,8000
KA-SAFETY-2911,17.8000,75.2000,25,2026-10-06,synthetic_demo,8000
KA-SAFETY-2912,17.8000,75.3000,91,2026-10-06,synthetic_demo,8000
KA-SAFETY-2913,17.8000,75.4000,44,2026-10-06,synthetic_demo,8000
KA-SAFETY-2914,17.8000,75.5000,74,2026-10-06,synthetic_demo,8000
KA-SAFETY-2915,17.8000,75.6000,43,2026-10-06,synthetic_demo,8000
KA-SAFETY-2916,17.8000,75.7000,45,2026-10-06,synthetic_demo,8000
KA-SAFETY-2917,17.8000,75.8000,20,2026-10-06,synthetic_demo,8000
KA-SAFETY-2918,17.8000,75.9000,60,2026-10-06,synthetic_demo,8000
KA-SAFETY-2919,17.8000,76.0000,81,2026-10-06,synthetic_demo,8000
KA-SAFETY-2920,17.8000,76.1000,46,2026-10-06,synthetic_demo,8000
KA-SAFETY-2921,17.8000,76.2000,47,2026-10-06,synthetic_demo,8000
KA-SAFETY-2922,17.8000,76.3000,20,2026-10-06,synthetic_demo,8000
KA-SAFETY-2923,17.8000,76.4000,78,2026-10-06,synthetic_demo,8000
KA-SAFETY-2924,17.8000,76.5000,22,2026-10-06,synthetic_demo,8000
KA-SAFETY-2925,17.8000,76.6000,55,2026-10-06,synthetic_demo,8000
KA-SAFETY-2926,17.8000,76.7000,58,2026-10-06,synthetic_demo,8000
KA-SAFETY-2927,17.8000,76.8000,30,2026-10-06,synthetic_demo,8000
KA-SAFETY-2928,17.8000,76.9000,73,2026-10-06,synthetic_demo,8000
KA-SAFETY-2929,17.8000,77.0000,91,2026-10-06,synthetic_demo,8000
KA-SAFETY-2930,17.8000,77.1000,25,2026-10-06,synthetic_demo,8000
KA-SAFETY-2931,17.8000,77.2000,23,2026-10-06,synthetic_demo,8000
KA-SAFETY-2932,17.8000,77.3000,43,2026-10-06,synthetic_demo,8000
KA-SAFETY-2933,17.8000,77.4000,22,2026-10-06,synthetic_demo,8000
KA-SAFETY-2934,17.8000,77.5000,46,2026-10-06,synthetic_demo,8000
KA-SAFETY-2935,17.8000,77.6000,32,2026-10-06,synthetic_demo,8000
KA-SAFETY-2936,17.8000,77.7000,51,2026-10-06,synthetic_demo,8000
KA-SAFETY-2937,17.8000,77.8000,82,2026-10-06,synthetic_demo,8000
KA-SAFETY-2938,17.8000,77.9000,77,2026-10-06,synthetic_demo,8000
KA-SAFETY-2939,17.8000,78.0000,30,2026-10-06,synthetic_demo,8000
KA-SAFETY-2940,17.8000,78.1000,55,2026-10-06,synthetic_demo,8000
KA-SAFETY-2941,17.8000,78.2000,55,2026-10-06,synthetic_demo,8000
KA-SAFETY-2942,17.8000,78.3000,69,2026-10-06,synthetic_demo,8000
KA-SAFETY-2943,17.8000,78.4000,88,2026-10-06,synthetic_demo,8000
KA-SAFETY-2944,17.8000,78.5000,26,2026-10-06,synthetic_demo,8000
KA-SAFETY-2945,17.9000,74.0000,25,2026-10-06,synthetic_demo,8000
KA-SAFETY-2946,17.9000,74.1000,26,2026-10-06,synthetic_demo,8000
KA-SAFETY-2947,17.9000,74.2000,44,2026-10-06,synthetic_demo,8000
KA-SAFETY-2948,17.9000,74.3000,37,2026-10-06,synthetic_demo,8000
KA-SAFETY-2949,17.9000,74.4000,70,2026-10-06,synthetic_demo,8000
KA-SAFETY-2950,17.9000,74.5000,51,2026-10-06,synthetic_demo,8000
KA-SAFETY-2951,17.9000,74.6000,34,2026-10-06,synthetic_demo,8000
KA-SAFETY-2952,17.9000,74.7000,55,2026-10-06,synthetic_demo,8000
KA-SAFETY-2953,17.9000,74.8000,31,2026-10-06,synthetic_demo,8000
KA-SAFETY-2954,17.9000,74.9000,45,2026-10-06,synthetic_demo,8000
KA-SAFETY-2955,17.9000,75.0000,92,2026-10-06,synthetic_demo,8000
KA-SAFETY-2956,17.9000,75.1000,50,2026-10-06,synthetic_demo,8000
KA-SAFETY-2957,17.9000,75.2000,82,2026-10-06,synthetic_demo,8000
KA-SAFETY-2958,17.9000,75.3000,66,2026-10-06,synthetic_demo,8000
KA-SAFETY-2959,17.9000,75.4000,39,2026-10-06,synthetic_demo,8000
KA-SAFETY-2960,17.9000,75.5000,78,2026-10-06,synthetic_demo,8000
KA-SAFETY-2961,17.9000,75.6000,70,2026-10-06,synthetic_demo,8000
KA-SAFETY-2962,17.9000,75.7000,88,2026-10-06,synthetic_demo,8000
KA-SAFETY-2963,17.9000,75.8000,24,2026-10-06,synthetic_demo,8000
KA-SAFETY-2964,17.9000,75.9000,33,2026-10-06,synthetic_demo,8000
KA-SAFETY-2965,17.9000,76.0000,48,2026-10-06,synthetic_demo,8000
KA-SAFETY-2966,17.9000,76.1000,89,2026-10-06,synthetic_demo,8000
KA-SAFETY-2967,17.9000,76.2000,78,2026-10-06,synthetic_demo,8000
KA-SAFETY-2968,17.9000,76.3000,32,2026-10-06,synthetic_demo,8000
KA-SAFETY-2969,17.9000,76.4000,45,2026-10-06,synthetic_demo,8000
KA-SAFETY-2970,17.9000,76.5000,53,2026-10-06,synthetic_demo,8000
KA-SAFETY-2971,17.9000,76.6000,61,2026-10-06,synthetic_demo,8000
KA-SAFETY-2972,17.9000,76.7000,72,2026-10-06,synthetic_demo,8000
KA-SAFETY-2973,17.9000,76.8000,71,2026-10-06,synthetic_demo,8000
KA-SAFETY-2974,17.9000,76.9000,35,2026-10-06,synthetic_demo,8000
KA-SAFETY-2975,17.9000,77.0000,91,2026-10-06,synthetic_demo,8000
KA-SAFETY-2976,17.9000,77.1000,89,2026-10-06,synthetic_demo,8000
KA-SAFETY-2977,17.9000,77.2000,82,2026-10-06,synthetic_demo,8000
KA-SAFETY-2978,17.9000,77.3000,81,2026-10-06,synthetic_demo,8000
KA-SAFETY-2979,17.9000,77.4000,57,2026-10-06,synthetic_demo,8000
KA-SAFETY-2980,17.9000,77.5000,83,2026-10-06,synthetic_demo,8000
KA-SAFETY-2981,17.9000,77.6000,54,2026-10-06,synthetic_demo,8000
KA-SAFETY-2982,17.9000,77.7000,84,2026-10-06,synthetic_demo,8000
KA-SAFETY-2983,17.9000,77.8000,84,2026-10-06,synthetic_demo,8000
KA-SAFETY-2984,17.9000,77.9000,61,2026-10-06,synthetic_demo,8000
KA-SAFETY-2985,17.9000,78.0000,44,2026-10-06,synthetic_demo,8000
KA-SAFETY-2986,17.9000,78.1000,65,2026-10-06,synthetic_demo,8000
KA-SAFETY-2987,17.9000,78.2000,43,2026-10-06,synthetic_demo,8000
KA-SAFETY-2988,17.9000,78.3000,56,2026-10-06,synthetic_demo,8000
KA-SAFETY-2989,17.9000,78.4000,77,2026-10-06,synthetic_demo,8000
KA-SAFETY-2990,17.9000,78.5000,36,2026-10-06,synthetic_demo,8000
KA-SAFETY-2991,18.0000,74.0000,80,2026-10-06,synthetic_demo,8000
KA-SAFETY-2992,18.0000,74.1000,57,2026-10-06,synthetic_demo,8000
KA-SAFETY-2993,18.0000,74.2000,17,2026-10-06,synthetic_demo,8000
KA-SAFETY-2994,18.0000,74.3000,64,2026-10-06,synthetic_demo,8000
KA-SAFETY-2995,18.0000,74.4000,37,2026-10-06,synthetic_demo,8000
KA-SAFETY-2996,18.0000,74.5000,85,2026-10-06,synthetic_demo,8000
KA-SAFETY-2997,18.0000,74.6000,41,2026-10-06,synthetic_demo,8000
KA-SAFETY-2998,18.0000,74.7000,52,2026-10-06,synthetic_demo,8000
KA-SAFETY-2999,18.0000,74.8000,62,2026-10-06,synthetic_demo,8000
KA-SAFETY-3000,18.0000,74.9000,57,2026-10-06,synthetic_demo,8000
KA-SAFETY-3001,18.0000,75.0000,50,2026-10-06,synthetic_demo,8000
KA-SAFETY-3002,18.0000,75.1000,68,2026-10-06,synthetic_demo,8000
KA-SAFETY-3003,18.0000,75.2000,73,2026-10-06,synthetic_demo,8000
KA-SAFETY-3004,18.0000,75.3000,55,2026-10-06,synthetic_demo,8000
KA-SAFETY-3005,18.0000,75.4000,32,2026-10-06,synthetic_demo,8000
KA-SAFETY-3006,18.0000,75.5000,38,2026-10-06,synthetic_demo,8000
KA-SAFETY-3007,18.0000,75.6000,36,2026-10-06,synthetic_demo,8000
KA-SAFETY-3008,18.0000,75.7000,50,2026-10-06,synthetic_demo,8000
KA-SAFETY-3009,18.0000,75.8000,79,2026-10-06,synthetic_demo,8000
KA-SAFETY-3010,18.0000,75.9000,75,2026-10-06,synthetic_demo,8000
KA-SAFETY-3011,18.0000,76.0000,70,2026-10-06,synthetic_demo,8000
KA-SAFETY-3012,18.0000,76.1000,49,2026-10-06,synthetic_demo,8000
KA-SAFETY-3013,18.0000,76.2000,72,2026-10-06,synthetic_demo,8000
KA-SAFETY-3014,18.0000,76.3000,78,2026-10-06,synthetic_demo,8000
KA-SAFETY-3015,18.0000,76.4000,64,2026-10-06,synthetic_demo,8000
KA-SAFETY-3016,18.0000,76.5000,50,2026-10-06,synthetic_demo,8000
KA-SAFETY-3017,18.0000,76.6000,64,2026-10-06,synthetic_demo,8000
KA-SAFETY-3018,18.0000,76.7000,54,2026-10-06,synthetic_demo,8000
KA-SAFETY-3019,18.0000,76.8000,67,2026-10-06,synthetic_demo,8000
KA-SAFETY-3020,18.0000,76.9000,27,2026-10-06,synthetic_demo,8000
KA-SAFETY-3021,18.0000,77.0000,91,2026-10-06,synthetic_demo,8000
KA-SAFETY-3022,18.0000,77.1000,92,2026-10-06,synthetic_demo,8000
KA-SAFETY-3023,18.0000,77.2000,57,2026-10-06,synthetic_demo,8000
KA-SAFETY-3024,18.0000,77.3000,18,2026-10-06,synthetic_demo,8000
KA-SAFETY-3025,18.0000,77.4000,88,2026-10-06,synthetic_demo,8000
KA-SAFETY-3026,18.0000,77.5000,31,2026-10-06,synthetic_demo,8000
KA-SAFETY-3027,18.0000,77.6000,48,2026-10-06,synthetic_demo,8000
KA-SAFETY-3028,18.0000,77.7000,32,2026-10-06,synthetic_demo,8000
KA-SAFETY-3029,18.0000,77.8000,69,2026-10-06,synthetic_demo,8000
KA-SAFETY-3030,18.0000,77.9000,86,2026-10-06,synthetic_demo,8000
KA-SAFETY-3031,18.0000,78.0000,61,2026-10-06,synthetic_demo,8000
KA-SAFETY-3032,18.0000,78.1000,45,2026-10-06,synthetic_demo,8000
KA-SAFETY-3033,18.0000,78.2000,33,2026-10-06,synthetic_demo,8000
KA-SAFETY-3034,18.0000,78.3000,29,2026-10-06,synthetic_demo,8000
KA-SAFETY-3035,18.0000,78.4000,46,2026-10-06,synthetic_demo,8000
KA-SAFETY-3036,18.0000,78.5000,93,2026-10-06,synthetic_demo,8000
KA-SAFETY-3037,18.1000,74.0000,44,2026-10-06,synthetic_demo,8000
KA-SAFETY-3038,18.1000,74.1000,71,2026-10-06,synthetic_demo,8000
KA-SAFETY-3039,18.1000,74.2000,23,2026-10-06,synthetic_demo,8000
KA-SAFETY-3040,18.1000,74.3000,84,2026-10-06,synthetic_demo,8000
KA-SAFETY-3041,18.1000,74.4000,84,2026-10-06,synthetic_demo,8000
KA-SAFETY-3042,18.1000,74.5000,77,2026-10-06,synthetic_demo,8000
KA-SAFETY-3043,18.1000,74.6000,30,2026-10-06,synthetic_demo,8000
KA-SAFETY-3044,18.1000,74.7000,32,2026-10-06,synthetic_demo,8000
KA-SAFETY-3045,18.1000,74.8000,90,2026-10-06,synthetic_demo,8000
KA-SAFETY-3046,18.1000,74.9000,88,2026-10-06,synthetic_demo,8000
KA-SAFETY-3047,18.1000,75.0000,60,2026-10-06,synthetic_demo,8000
KA-SAFETY-3048,18.1000,75.1000,80,2026-10-06,synthetic_demo,8000
KA-SAFETY-3049,18.1000,75.2000,60,2026-10-06,synthetic_demo,8000
KA-SAFETY-3050,18.1000,75.3000,69,2026-10-06,synthetic_demo,8000
KA-SAFETY-3051,18.1000,75.4000,28,2026-10-06,synthetic_demo,8000
KA-SAFETY-3052,18.1000,75.5000,18,2026-10-06,synthetic_demo,8000
KA-SAFETY-3053,18.1000,75.6000,27,2026-10-06,synthetic_demo,8000
KA-SAFETY-3054,18.1000,75.7000,53,2026-10-06,synthetic_demo,8000
KA-SAFETY-3055,18.1000,75.8000,73,2026-10-06,synthetic_demo,8000
KA-SAFETY-3056,18.1000,75.9000,31,2026-10-06,synthetic_demo,8000
KA-SAFETY-3057,18.1000,76.0000,66,2026-10-06,synthetic_demo,8000
KA-SAFETY-3058,18.1000,76.1000,87,2026-10-06,synthetic_demo,8000
KA-SAFETY-3059,18.1000,76.2000,15,2026-10-06,synthetic_demo,8000
KA-SAFETY-3060,18.1000,76.3000,70,2026-10-06,synthetic_demo,8000
KA-SAFETY-3061,18.1000,76.4000,19,2026-10-06,synthetic_demo,8000
KA-SAFETY-3062,18.1000,76.5000,37,2026-10-06,synthetic_demo,8000
KA-SAFETY-3063,18.1000,76.6000,95,2026-10-06,synthetic_demo,8000
KA-SAFETY-3064,18.1000,76.7000,30,2026-10-06,synthetic_demo,8000
KA-SAFETY-3065,18.1000,76.8000,67,2026-10-06,synthetic_demo,8000
KA-SAFETY-3066,18.1000,76.9000,64,2026-10-06,synthetic_demo,8000
KA-SAFETY-3067,18.1000,77.0000,22,2026-10-06,synthetic_demo,8000
KA-SAFETY-3068,18.1000,77.1000,65,2026-10-06,synthetic_demo,8000
KA-SAFETY-3069,18.1000,77.2000,72,2026-10-06,synthetic_demo,8000
KA-SAFETY-3070,18.1000,77.3000,63,2026-10-06,synthetic_demo,8000
KA-SAFETY-3071,18.1000,77.4000,72,2026-10-06,synthetic_demo,8000
KA-SAFETY-3072,18.1000,77.5000,31,2026-10-06,synthetic_demo,8000
KA-SAFETY-3073,18.1000,77.6000,93,2026-10-06,synthetic_demo,8000
KA-SAFETY-3074,18.1000,77.7000,45,2026-10-06,synthetic_demo,8000
KA-SAFETY-3075,18.1000,77.8000,44,2026-10-06,synthetic_demo,8000
KA-SAFETY-3076,18.1000,77.9000,72,2026-10-06,synthetic_demo,8000
KA-SAFETY-3077,18.1000,78.0000,68,2026-10-06,synthetic_demo,8000
KA-SAFETY-3078,18.1000,78.1000,69,2026-10-06,synthetic_demo,8000
KA-SAFETY-3079,18.1000,78.2000,65,2026-10-06,synthetic_demo,8000
KA-SAFETY-3080,18.1000,78.3000,39,2026-10-06,synthetic_demo,8000
KA-SAFETY-3081,18.1000,78.4000,34,2026-10-06,synthetic_demo,8000
KA-SAFETY-3082,18.1000,78.5000,35,2026-10-06,synthetic_demo,8000
KA-SAFETY-3083,18.2000,74.0000,73,2026-10-06,synthetic_demo,8000
KA-SAFETY-3084,18.2000,74.1000,72,2026-10-06,synthetic_demo,8000
KA-SAFETY-3085,18.2000,74.2000,63,2026-10-06,synthetic_demo,8000
KA-SAFETY-3086,18.2000,74.3000,38,2026-10-06,synthetic_demo,8000
KA-SAFETY-3087,18.2000,74.4000,38,2026-10-06,synthetic_demo,8000
KA-SAFETY-3088,18.2000,74.5000,87,2026-10-06,synthetic_demo,8000
KA-SAFETY-3089,18.2000,74.6000,23,2026-10-06,synthetic_demo,8000
KA-SAFETY-3090,18.2000,74.7000,62,2026-10-06,synthetic_demo,8000
KA-SAFETY-3091,18.2000,74.8000,70,2026-10-06,synthetic_demo,8000
KA-SAFETY-3092,18.2000,74.9000,85,2026-10-06,synthetic_demo,8000
KA-SAFETY-3093,18.2000,75.0000,83,2026-10-06,synthetic_demo,8000
KA-SAFETY-3094,18.2000,75.1000,78,2026-10-06,synthetic_demo,8000
KA-SAFETY-3095,18.2000,75.2000,30,2026-10-06,synthetic_demo,8000
KA-SAFETY-3096,18.2000,75.3000,48,2026-10-06,synthetic_demo,8000
KA-SAFETY-3097,18.2000,75.4000,73,2026-10-06,synthetic_demo,8000
KA-SAFETY-3098,18.2000,75.5000,63,2026-10-06,synthetic_demo,8000
KA-SAFETY-3099,18.2000,75.6000,52,2026-10-06,synthetic_demo,8000
KA-SAFETY-3100,18.2000,75.7000,53,2026-10-06,synthetic_demo,8000
KA-SAFETY-3101,18.2000,75.8000,75,2026-10-06,synthetic_demo,8000
KA-SAFETY-3102,18.2000,75.9000,70,2026-10-06,synthetic_demo,8000
KA-SAFETY-3103,18.2000,76.0000,45,2026-10-06,synthetic_demo,8000
KA-SAFETY-3104,18.2000,76.1000,91,2026-10-06,synthetic_demo,8000
KA-SAFETY-3105,18.2000,76.2000,78,2026-10-06,synthetic_demo,8000
KA-SAFETY-3106,18.2000,76.3000,69,2026-10-06,synthetic_demo,8000
KA-SAFETY-3107,18.2000,76.4000,51,2026-10-06,synthetic_demo,8000
KA-SAFETY-3108,18.2000,76.5000,78,2026-10-06,synthetic_demo,8000
KA-SAFETY-3109,18.2000,76.6000,46,2026-10-06,synthetic_demo,8000
KA-SAFETY-3110,18.2000,76.7000,89,2026-10-06,synthetic_demo,8000
KA-SAFETY-3111,18.2000,76.8000,74,2026-10-06,synthetic_demo,8000
KA-SAFETY-3112,18.2000,76.9000,47,2026-10-06,synthetic_demo,8000
KA-SAFETY-3113,18.2000,77.0000,69,2026-10-06,synthetic_demo,8000
KA-SAFETY-3114,18.2000,77.1000,82,2026-10-06,synthetic_demo,8000
KA-SAFETY-3115,18.2000,77.2000,77,2026-10-06,synthetic_demo,8000
KA-SAFETY-3116,18.2000,77.3000,91,2026-10-06,synthetic_demo,8000
KA-SAFETY-3117,18.2000,77.4000,19,2026-10-06,synthetic_demo,8000
KA-SAFETY-3118,18.2000,77.5000,89,2026-10-06,synthetic_demo,8000
KA-SAFETY-3119,18.2000,77.6000,55,2026-10-06,synthetic_demo,8000
KA-SAFETY-3120,18.2000,77.7000,41,2026-10-06,synthetic_demo,8000
KA-SAFETY-3121,18.2000,77.8000,27,2026-10-06,synthetic_demo,8000
KA-SAFETY-3122,18.2000,77.9000,91,2026-10-06,synthetic_demo,8000
KA-SAFETY-3123,18.2000,78.0000,68,2026-10-06,synthetic_demo,8000
KA-SAFETY-3124,18.2000,78.1000,45,2026-10-06,synthetic_demo,8000
KA-SAFETY-3125,18.2000,78.2000,29,2026-10-06,synthetic_demo,8000
KA-SAFETY-3126,18.2000,78.3000,80,2026-10-06,synthetic_demo,8000
KA-SAFETY-3127,18.2000,78.4000,59,2026-10-06,synthetic_demo,8000
KA-SAFETY-3128,18.2000,78.5000,53,2026-10-06,synthetic_demo,8000
KA-SAFETY-3129,18.3000,74.0000,65,2026-10-06,synthetic_demo,8000
KA-SAFETY-3130,18.3000,74.1000,46,2026-10-06,synthetic_demo,8000
KA-SAFETY-3131,18.3000,74.2000,42,2026-10-06,synthetic_demo,8000
KA-SAFETY-3132,18.3000,74.3000,19,2026-10-06,synthetic_demo,8000
KA-SAFETY-3133,18.3000,74.4000,43,2026-10-06,synthetic_demo,8000
KA-SAFETY-3134,18.3000,74.5000,81,2026-10-06,synthetic_demo,8000
KA-SAFETY-3135,18.3000,74.6000,21,2026-10-06,synthetic_demo,8000
KA-SAFETY-3136,18.3000,74.7000,59,2026-10-06,synthetic_demo,8000
KA-SAFETY-3137,18.3000,74.8000,62,2026-10-06,synthetic_demo,8000
KA-SAFETY-3138,18.3000,74.9000,69,2026-10-06,synthetic_demo,8000
KA-SAFETY-3139,18.3000,75.0000,85,2026-10-06,synthetic_demo,8000
KA-SAFETY-3140,18.3000,75.1000,24,2026-10-06,synthetic_demo,8000
KA-SAFETY-3141,18.3000,75.2000,28,2026-10-06,synthetic_demo,8000
KA-SAFETY-3142,18.3000,75.3000,90,2026-10-06,synthetic_demo,8000
KA-SAFETY-3143,18.3000,75.4000,37,2026-10-06,synthetic_demo,8000
KA-SAFETY-3144,18.3000,75.5000,86,2026-10-06,synthetic_demo,8000
KA-SAFETY-3145,18.3000,75.6000,46,2026-10-06,synthetic_demo,8000
KA-SAFETY-3146,18.3000,75.7000,95,2026-10-06,synthetic_demo,8000
KA-SAFETY-3147,18.3000,75.8000,63,2026-10-06,synthetic_demo,8000
KA-SAFETY-3148,18.3000,75.9000,83,2026-10-06,synthetic_demo,8000
KA-SAFETY-3149,18.3000,76.0000,62,2026-10-06,synthetic_demo,8000
KA-SAFETY-3150,18.3000,76.1000,20,2026-10-06,synthetic_demo,8000
KA-SAFETY-3151,18.3000,76.2000,51,2026-10-06,synthetic_demo,8000
KA-SAFETY-3152,18.3000,76.3000,70,2026-10-06,synthetic_demo,8000
KA-SAFETY-3153,18.3000,76.4000,88,2026-10-06,synthetic_demo,8000
KA-SAFETY-3154,18.3000,76.5000,84,2026-10-06,synthetic_demo,8000
KA-SAFETY-3155,18.3000,76.6000,37,2026-10-06,synthetic_demo,8000
KA-SAFETY-3156,18.3000,76.7000,63,2026-10-06,synthetic_demo,8000
KA-SAFETY-3157,18.3000,76.8000,48,2026-10-06,synthetic_demo,8000
KA-SAFETY-3158,18.3000,76.9000,16,2026-10-06,synthetic_demo,8000
KA-SAFETY-3159,18.3000,77.0000,21,2026-10-06,synthetic_demo,8000
KA-SAFETY-3160,18.3000,77.1000,23,2026-10-06,synthetic_demo,8000
KA-SAFETY-3161,18.3000,77.2000,55,2026-10-06,synthetic_demo,8000
KA-SAFETY-3162,18.3000,77.3000,33,2026-10-06,synthetic_demo,8000
KA-SAFETY-3163,18.3000,77.4000,66,2026-10-06,synthetic_demo,8000
KA-SAFETY-3164,18.3000,77.5000,54,2026-10-06,synthetic_demo,8000
KA-SAFETY-3165,18.3000,77.6000,26,2026-10-06,synthetic_demo,8000
KA-SAFETY-3166,18.3000,77.7000,69,2026-10-06,synthetic_demo,8000
KA-SAFETY-3167,18.3000,77.8000,60,2026-10-06,synthetic_demo,8000
KA-SAFETY-3168,18.3000,77.9000,70,2026-10-06,synthetic_demo,8000
KA-SAFETY-3169,18.3000,78.0000,95,2026-10-06,synthetic_demo,8000
KA-SAFETY-3170,18.3000,78.1000,43,2026-10-06,synthetic_demo,8000
KA-SAFETY-3171,18.3000,78.2000,75,2026-10-06,synthetic_demo,8000
KA-SAFETY-3172,18.3000,78.3000,53,2026-10-06,synthetic_demo,8000
KA-SAFETY-3173,18.3000,78.4000,27,2026-10-06,synthetic_demo,8000
KA-SAFETY-3174,18.3000,78.5000,62,2026-10-06,synthetic_demo,8000
KA-SAFETY-3175,18.4000,74.0000,30,2026-10-06,synthetic_demo,8000
KA-SAFETY-3176,18.4000,74.1000,18,2026-10-06,synthetic_demo,8000
KA-SAFETY-3177,18.4000,74.2000,88,2026-10-06,synthetic_demo,8000
KA-SAFETY-3178,18.4000,74.3000,42,2026-10-06,synthetic_demo,8000
KA-SAFETY-3179,18.4000,74.4000,79,2026-10-06,synthetic_demo,8000
KA-SAFETY-3180,18.4000,74.5000,25,2026-10-06,synthetic_demo,8000
KA-SAFETY-3181,18.4000,74.6000,27,2026-10-06,synthetic_demo,8000
KA-SAFETY-3182,18.4000,74.7000,93,2026-10-06,synthetic_demo,8000
KA-SAFETY-3183,18.4000,74.8000,18,2026-10-06,synthetic_demo,8000
KA-SAFETY-3184,18.4000,74.9000,65,2026-10-06,synthetic_demo,8000
KA-SAFETY-3185,18.4000,75.0000,42,2026-10-06,synthetic_demo,8000
KA-SAFETY-3186,18.4000,75.1000,38,2026-10-06,synthetic_demo,8000
KA-SAFETY-3187,18.4000,75.2000,79,2026-10-06,synthetic_demo,8000
KA-SAFETY-3188,18.4000,75.3000,20,2026-10-06,synthetic_demo,8000
KA-SAFETY-3189,18.4000,75.4000,93,2026-10-06,synthetic_demo,8000
KA-SAFETY-3190,18.4000,75.5000,32,2026-10-06,synthetic_demo,8000
KA-SAFETY-3191,18.4000,75.6000,83,2026-10-06,synthetic_demo,8000
KA-SAFETY-3192,18.4000,75.7000,76,2026-10-06,synthetic_demo,8000
KA-SAFETY-3193,18.4000,75.8000,80,2026-10-06,synthetic_demo,8000
KA-SAFETY-3194,18.4000,75.9000,42,2026-10-06,synthetic_demo,8000
KA-SAFETY-3195,18.4000,76.0000,75,2026-10-06,synthetic_demo,8000
KA-SAFETY-3196,18.4000,76.1000,41,2026-10-06,synthetic_demo,8000
KA-SAFETY-3197,18.4000,76.2000,86,2026-10-06,synthetic_demo,8000
KA-SAFETY-3198,18.4000,76.3000,18,2026-10-06,synthetic_demo,8000
KA-SAFETY-3199,18.4000,76.4000,18,2026-10-06,synthetic_demo,8000
KA-SAFETY-3200,18.4000,76.5000,55,2026-10-06,synthetic_demo,8000
KA-SAFETY-3201,18.4000,76.6000,16,2026-10-06,synthetic_demo,8000
KA-SAFETY-3202,18.4000,76.7000,47,2026-10-06,synthetic_demo,8000
KA-SAFETY-3203,18.4000,76.8000,39,2026-10-06,synthetic_demo,8000
KA-SAFETY-3204,18.4000,76.9000,93,2026-10-06,synthetic_demo,8000
KA-SAFETY-3205,18.4000,77.0000,53,2026-10-06,synthetic_demo,8000
KA-SAFETY-3206,18.4000,77.1000,38,2026-10-06,synthetic_demo,8000
KA-SAFETY-3207,18.4000,77.2000,66,2026-10-06,synthetic_demo,8000
KA-SAFETY-3208,18.4000,77.3000,42,2026-10-06,synthetic_demo,8000
KA-SAFETY-3209,18.4000,77.4000,90,2026-10-06,synthetic_demo,8000
KA-SAFETY-3210,18.4000,77.5000,30,2026-10-06,synthetic_demo,8000
KA-SAFETY-3211,18.4000,77.6000,61,2026-10-06,synthetic_demo,8000
KA-SAFETY-3212,18.4000,77.7000,76,2026-10-06,synthetic_demo,8000
KA-SAFETY-3213,18.4000,77.8000,72,2026-10-06,synthetic_demo,8000
KA-SAFETY-3214,18.4000,77.9000,43,2026-10-06,synthetic_demo,8000
KA-SAFETY-3215,18.4000,78.0000,58,2026-10-06,synthetic_demo,8000
KA-SAFETY-3216,18.4000,78.1000,30,2026-10-06,synthetic_demo,8000
KA-SAFETY-3217,18.4000,78.2000,60,2026-10-06,synthetic_demo,8000
KA-SAFETY-3218,18.4000,78.3000,37,2026-10-06,synthetic_demo,8000
KA-SAFETY-3219,18.4000,78.4000,25,2026-10-06,synthetic_demo,8000
KA-SAFETY-3220,18.4000,78.5000,94,2026-10-06,synthetic_demo,8000
KA-SAFETY-3221,18.5000,74.0000,75,2026-10-06,synthetic_demo,8000
KA-SAFETY-3222,18.5000,74.1000,37,2026-10-06,synthetic_demo,8000
KA-SAFETY-3223,18.5000,74.2000,51,2026-10-06,synthetic_demo,8000
KA-SAFETY-3224,18.5000,74.3000,77,2026-10-06,synthetic_demo,8000
KA-SAFETY-3225,18.5000,74.4000,62,2026-10-06,synthetic_demo,8000
KA-SAFETY-3226,18.5000,74.5000,70,2026-10-06,synthetic_demo,8000
KA-SAFETY-3227,18.5000,74.6000,39,2026-10-06,synthetic_demo,8000
KA-SAFETY-3228,18.5000,74.7000,31,2026-10-06,synthetic_demo,8000
KA-SAFETY-3229,18.5000,74.8000,61,2026-10-06,synthetic_demo,8000
KA-SAFETY-3230,18.5000,74.9000,50,2026-10-06,synthetic_demo,8000
KA-SAFETY-3231,18.5000,75.0000,32,2026-10-06,synthetic_demo,8000
KA-SAFETY-3232,18.5000,75.1000,67,2026-10-06,synthetic_demo,8000
KA-SAFETY-3233,18.5000,75.2000,78,2026-10-06,synthetic_demo,8000
KA-SAFETY-3234,18.5000,75.3000,83,2026-10-06,synthetic_demo,8000
KA-SAFETY-3235,18.5000,75.4000,35,2026-10-06,synthetic_demo,8000
KA-SAFETY-3236,18.5000,75.5000,46,2026-10-06,synthetic_demo,8000
KA-SAFETY-3237,18.5000,75.6000,83,2026-10-06,synthetic_demo,8000
KA-SAFETY-3238,18.5000,75.7000,74,2026-10-06,synthetic_demo,8000
KA-SAFETY-3239,18.5000,75.8000,46,2026-10-06,synthetic_demo,8000
KA-SAFETY-3240,18.5000,75.9000,25,2026-10-06,synthetic_demo,8000
KA-SAFETY-3241,18.5000,76.0000,35,2026-10-06,synthetic_demo,8000
KA-SAFETY-3242,18.5000,76.1000,59,2026-10-06,synthetic_demo,8000
KA-SAFETY-3243,18.5000,76.2000,61,2026-10-06,synthetic_demo,8000
KA-SAFETY-3244,18.5000,76.3000,79,2026-10-06,synthetic_demo,8000
KA-SAFETY-3245,18.5000,76.4000,17,2026-10-06,synthetic_demo,8000
KA-SAFETY-3246,18.5000,76.5000,26,2026-10-06,synthetic_demo,8000
KA-SAFETY-3247,18.5000,76.6000,29,2026-10-06,synthetic_demo,8000
KA-SAFETY-3248,18.5000,76.7000,71,2026-10-06,synthetic_demo,8000
KA-SAFETY-3249,18.5000,76.8000,21,2026-10-06,synthetic_demo,8000
KA-SAFETY-3250,18.5000,76.9000,67,2026-10-06,synthetic_demo,8000
KA-SAFETY-3251,18.5000,77.0000,43,2026-10-06,synthetic_demo,8000
KA-SAFETY-3252,18.5000,77.1000,73,2026-10-06,synthetic_demo,8000
KA-SAFETY-3253,18.5000,77.2000,86,2026-10-06,synthetic_demo,8000
KA-SAFETY-3254,18.5000,77.3000,63,2026-10-06,synthetic_demo,8000
KA-SAFETY-3255,18.5000,77.4000,86,2026-10-06,synthetic_demo,8000
KA-SAFETY-3256,18.5000,77.5000,20,2026-10-06,synthetic_demo,8000
KA-SAFETY-3257,18.5000,77.6000,77,2026-10-06,synthetic_demo,8000
KA-SAFETY-3258,18.5000,77.7000,48,2026-10-06,synthetic_demo,8000
KA-SAFETY-3259,18.5000,77.8000,87,2026-10-06,synthetic_demo,8000
KA-SAFETY-3260,18.5000,77.9000,21,2026-10-06,synthetic_demo,8000
KA-SAFETY-3261,18.5000,78.0000,91,2026-10-06,synthetic_demo,8000
KA-SAFETY-3262,18.5000,78.1000,65,2026-10-06,synthetic_demo,8000
KA-SAFETY-3263,18.5000,78.2000,37,2026-10-06,synthetic_demo,8000
KA-SAFETY-3264,18.5000,78.3000,31,2026-10-06,synthetic_demo,8000
KA-SAFETY-3265,18.5000,78.4000,75,2026-10-06,synthetic_demo,8000
KA-SAFETY-3266,18.5000,78.5000,38,2026-10-06,synthetic_demo,8000
